t,event,data
,start,"{""demo"": ""d08"", ""mode"": ""full"", ""autoplay"": true, ""warmup_s"": 65.0}"
0.00,ledger_snapshot,"{""t"": 0.0, ""aisles"": [{""aisle"": ""aisle1"", ""in_n"": 0, ""out_n"": 0, ""open"": [], ""visible"": 0, ""clear"": false, ""feed_ok"": true}, {""aisle"": ""aisle2"", ""in_n"": 0, ""out_n"": 0, ""open"": [], ""visible"": 0, ""clear"": false, ""feed_ok"": true}, {""aisle"": ""aisle3"", ""in_n"": 0, ""out_n"": 0, ""open"": [], ""visible"": 0, ""clear"": false, ""feed_ok"": true}]}"
0.00,play,"{""source"": ""nav_ready"", ""t"": 0.0}"
0.00,task_start,"{""mode"": ""full"", ""n_aisles"": 3}"
0.00,dispatch,"{""aisle"": ""aisle1"", ""first"": true, ""order"": [""aisle1"", ""aisle2"", ""aisle3""], ""mode"": ""full"", ""t"": 0.0}"
0.00,phase,"{""from"": ""idle"", ""to"": ""to_standby""}"
0.00,goal,"{""x"": 20.0, ""y"": 26.0, ""yaw"": -0.032, ""seq"": 1}"
0.00,clear_blocked_by_ledger,"{""aisle"": ""aisle1"", ""reason"": ""not_confirmed"", ""snapshot"": {""aisle"": ""aisle1"", ""in_n"": 0, ""out_n"": 0, ""open"": [], ""visible"": 0, ""clear"": false, ""feed_ok"": true}, ""visible"": 0, ""open"": [], ""mode"": ""full"", ""t"": 0.0}"
0.00,clear_blocked_by_ledger,"{""aisle"": ""aisle2"", ""reason"": ""not_confirmed"", ""snapshot"": {""aisle"": ""aisle2"", ""in_n"": 0, ""out_n"": 0, ""open"": [], ""visible"": 0, ""clear"": false, ""feed_ok"": true}, ""visible"": 0, ""open"": [], ""mode"": ""full"", ""t"": 0.0}"
0.00,clear_blocked_by_ledger,"{""aisle"": ""aisle3"", ""reason"": ""not_confirmed"", ""snapshot"": {""aisle"": ""aisle3"", ""in_n"": 0, ""out_n"": 0, ""open"": [], ""visible"": 0, ""clear"": false, ""feed_ok"": true}, ""visible"": 0, ""open"": [], ""mode"": ""full"", ""t"": 0.0}"
2.05,ledger_snapshot,"{""t"": 2.05, ""aisles"": [{""aisle"": ""aisle1"", ""in_n"": 0, ""out_n"": 0, ""open"": [], ""visible"": 0, ""clear"": false, ""feed_ok"": true}, {""aisle"": ""aisle2"", ""in_n"": 0, ""out_n"": 0, ""open"": [], ""visible"": 0, ""clear"": false, ""feed_ok"": true}, {""aisle"": ""aisle3"", ""in_n"": 0, ""out_n"": 0, ""open"": [], ""visible"": 0, ""clear"": false, ""feed_ok"": true}]}"
2.15,aisle_crossing,"{""aisle"": ""aisle2"", ""id"": ""c006"", ""line"": ""in"", ""dir"": ""in"", ""t"": 2.15, ""mode"": ""full""}"
2.15,clear_blocked_by_ledger,"{""aisle"": ""aisle2"", ""reason"": ""ledger_open"", ""snapshot"": {""aisle"": ""aisle2"", ""in_n"": 1, ""out_n"": 0, ""open"": [""c006""], ""visible"": 1, ""clear"": false, ""feed_ok"": true}, ""visible"": 1, ""open"": [""c006""], ""mode"": ""full"", ""t"": 2.15}"
2.45,aisle_crossing,"{""aisle"": ""aisle3"", ""id"": ""c009"", ""line"": ""in"", ""dir"": ""in"", ""t"": 2.45, ""mode"": ""full""}"
2.45,clear_blocked_by_ledger,"{""aisle"": ""aisle3"", ""reason"": ""ledger_open"", ""snapshot"": {""aisle"": ""aisle3"", ""in_n"": 1, ""out_n"": 0, ""open"": [""c009""], ""visible"": 1, ""clear"": false, ""feed_ok"": true}, ""visible"": 1, ""open"": [""c009""], ""mode"": ""full"", ""t"": 2.45}"
2.55,aisle_crossing,"{""aisle"": ""aisle3"", ""id"": ""c011"", ""line"": ""in"", ""dir"": ""in"", ""t"": 2.55, ""mode"": ""full""}"
2.75,aisle_crossing,"{""aisle"": ""aisle2"", ""id"": ""c005"", ""line"": ""in"", ""dir"": ""in"", ""t"": 2.75, ""mode"": ""full""}"
2.75,aisle_crossing,"{""aisle"": ""aisle3"", ""id"": ""c012"", ""line"": ""in"", ""dir"": ""in"", ""t"": 2.75, ""mode"": ""full""}"
2.85,aisle_crossing,"{""aisle"": ""aisle1"", ""id"": ""c001"", ""line"": ""in"", ""dir"": ""in"", ""t"": 2.85, ""mode"": ""full""}"
2.85,clear_blocked_by_ledger,"{""aisle"": ""aisle1"", ""reason"": ""ledger_open"", ""snapshot"": {""aisle"": ""aisle1"", ""in_n"": 1, ""out_n"": 0, ""open"": [""c001""], ""visible"": 1, ""clear"": false, ""feed_ok"": true}, ""visible"": 1, ""open"": [""c001""], ""mode"": ""full"", ""t"": 2.85}"
3.05,aisle_crossing,"{""aisle"": ""aisle1"", ""id"": ""c002"", ""line"": ""in"", ""dir"": ""in"", ""t"": 3.05, ""mode"": ""full""}"
4.15,ledger_snapshot,"{""t"": 4.15, ""aisles"": [{""aisle"": ""aisle1"", ""in_n"": 2, ""out_n"": 0, ""open"": [""c001"", ""c002""], ""visible"": 2, ""clear"": false, ""feed_ok"": true}, {""aisle"": ""aisle2"", ""in_n"": 2, ""out_n"": 0, ""open"": [""c005"", ""c006""], ""visible"": 2, ""clear"": false, ""feed_ok"": true}, {""aisle"": ""aisle3"", ""in_n"": 3, ""out_n"": 0, ""open"": [""c009"", ""c011"", ""c012""], ""visible"": 3, ""clear"": false, ""feed_ok"": true}]}"
4.45,aisle_crossing,"{""aisle"": ""aisle1"", ""id"": ""c004"", ""line"": ""in"", ""dir"": ""in"", ""t"": 4.45, ""mode"": ""full""}"
6.25,ledger_snapshot,"{""t"": 6.25, ""aisles"": [{""aisle"": ""aisle1"", ""in_n"": 3, ""out_n"": 0, ""open"": [""c001"", ""c002"", ""c004""], ""visible"": 3, ""clear"": false, ""feed_ok"": true}, {""aisle"": ""aisle2"", ""in_n"": 2, ""out_n"": 0, ""open"": [""c005"", ""c006""], ""visible"": 1, ""clear"": false, ""feed_ok"": true}, {""aisle"": ""aisle3"", ""in_n"": 3, ""out_n"": 0, ""open"": [""c009"", ""c011"", ""c012""], ""visible"": 0, ""clear"": false, ""feed_ok"": true}]}"
6.55,aisle_crossing,"{""aisle"": ""aisle2"", ""id"": ""c008"", ""line"": ""in"", ""dir"": ""in"", ""t"": 6.55, ""mode"": ""full""}"
6.55,aisle_crossing,"{""aisle"": ""aisle3"", ""id"": ""c010"", ""line"": ""in"", ""dir"": ""in"", ""t"": 6.55, ""mode"": ""full""}"
7.15,clear_blocked_by_ledger,"{""aisle"": ""aisle2"", ""reason"": ""ledger_open"", ""snapshot"": {""aisle"": ""aisle2"", ""in_n"": 3, ""out_n"": 0, ""open"": [""c005"", ""c006"", ""c008""], ""visible"": 2, ""clear"": false, ""feed_ok"": true}, ""visible"": 2, ""open"": [""c005"", ""c006"", ""c008""], ""mode"": ""full"", ""t"": 7.15}"
7.45,clear_blocked_by_ledger,"{""aisle"": ""aisle3"", ""reason"": ""ledger_open"", ""snapshot"": {""aisle"": ""aisle3"", ""in_n"": 4, ""out_n"": 0, ""open"": [""c009"", ""c010"", ""c011"", ""c012""], ""visible"": 1, ""clear"": false, ""feed_ok"": true}, ""visible"": 1, ""open"": [""c009"", ""c010"", ""c011"", ""c012""], ""mode"": ""full"", ""t"": 7.45}"
7.85,clear_blocked_by_ledger,"{""aisle"": ""aisle1"", ""reason"": ""ledger_open"", ""snapshot"": {""aisle"": ""aisle1"", ""in_n"": 3, ""out_n"": 0, ""open"": [""c001"", ""c002"", ""c004""], ""visible"": 1, ""clear"": false, ""feed_ok"": true}, ""visible"": 1, ""open"": [""c001"", ""c002"", ""c004""], ""mode"": ""full"", ""t"": 7.85}"
8.25,ledger_snapshot,"{""t"": 8.25, ""aisles"": [{""aisle"": ""aisle1"", ""in_n"": 3, ""out_n"": 0, ""open"": [""c001"", ""c002"", ""c004""], ""visible"": 1, ""clear"": false, ""feed_ok"": true}, {""aisle"": ""aisle2"", ""in_n"": 3, ""out_n"": 0, ""open"": [""c005"", ""c006"", ""c008""], ""visible"": 1, ""clear"": false, ""feed_ok"": true}, {""aisle"": ""aisle3"", ""in_n"": 4, ""out_n"": 0, ""open"": [""c009"", ""c010"", ""c011"", ""c012""], ""visible"": 1, ""clear"": false, ""feed_ok"": true}]}"
8.45,aisle_crossing,"{""aisle"": ""aisle2"", ""id"": ""c007"", ""line"": ""in"", ""dir"": ""in"", ""t"": 8.45, ""mode"": ""full""}"
10.15,aisle_crossing,"{""aisle"": ""aisle1"", ""id"": ""c003"", ""line"": ""in"", ""dir"": ""in"", ""t"": 10.15, ""mode"": ""full""}"
10.25,ledger_snapshot,"{""t"": 10.25, ""aisles"": [{""aisle"": ""aisle1"", ""in_n"": 4, ""out_n"": 0, ""open"": [""c001"", ""c002"", ""c003"", ""c004""], ""visible"": 2, ""clear"": false, ""feed_ok"": true}, {""aisle"": ""aisle2"", ""in_n"": 4, ""out_n"": 0, ""open"": [""c005"", ""c006"", ""c007"", ""c008""], ""visible"": 2, ""clear"": false, ""feed_ok"": true}, {""aisle"": ""aisle3"", ""in_n"": 4, ""out_n"": 0, ""open"": [""c009"", ""c010"", ""c011"", ""c012""], ""visible"": 1, ""clear"": false, ""feed_ok"": true}]}"
12.25,clear_blocked_by_ledger,"{""aisle"": ""aisle2"", ""reason"": ""ledger_open"", ""snapshot"": {""aisle"": ""aisle2"", ""in_n"": 4, ""out_n"": 0, ""open"": [""c005"", ""c006"", ""c007"", ""c008""], ""visible"": 1, ""clear"": false, ""feed_ok"": true}, ""visible"": 1, ""open"": [""c005"", ""c006"", ""c007"", ""c008""], ""mode"": ""full"", ""t"": 12.25}"
12.35,ledger_snapshot,"{""t"": 12.35, ""aisles"": [{""aisle"": ""aisle1"", ""in_n"": 4, ""out_n"": 0, ""open"": [""c001"", ""c002"", ""c003"", ""c004""], ""visible"": 1, ""clear"": false, ""feed_ok"": true}, {""aisle"": ""aisle2"", ""in_n"": 4, ""out_n"": 0, ""open"": [""c005"", ""c006"", ""c007"", ""c008""], ""visible"": 1, ""clear"": false, ""feed_ok"": true}, {""aisle"": ""aisle3"", ""in_n"": 4, ""out_n"": 0, ""open"": [""c009"", ""c010"", ""c011"", ""c012""], ""visible"": 0, ""clear"": false, ""feed_ok"": true}]}"
12.55,clear_blocked_by_ledger,"{""aisle"": ""aisle3"", ""reason"": ""ledger_open"", ""snapshot"": {""aisle"": ""aisle3"", ""in_n"": 4, ""out_n"": 0, ""open"": [""c009"", ""c010"", ""c011"", ""c012""], ""visible"": 0, ""clear"": false, ""feed_ok"": true}, ""visible"": 0, ""open"": [""c009"", ""c010"", ""c011"", ""c012""], ""mode"": ""full"", ""t"": 12.55}"
12.95,clear_blocked_by_ledger,"{""aisle"": ""aisle1"", ""reason"": ""ledger_open"", ""snapshot"": {""aisle"": ""aisle1"", ""in_n"": 4, ""out_n"": 0, ""open"": [""c001"", ""c002"", ""c003"", ""c004""], ""visible"": 1, ""clear"": false, ""feed_ok"": true}, ""visible"": 1, ""open"": [""c001"", ""c002"", ""c003"", ""c004""], ""mode"": ""full"", ""t"": 12.95}"
14.15,phase,"{""from"": ""to_standby"", ""to"": ""wait_clear""}"
14.15,at_standby,"{""aisle"": ""aisle1"", ""end"": ""front"", ""mode"": ""full"", ""t"": 14.15}"
14.45,ledger_snapshot,"{""t"": 14.45, ""aisles"": [{""aisle"": ""aisle1"", ""in_n"": 4, ""out_n"": 0, ""open"": [""c001"", ""c002"", ""c003"", ""c004""], ""visible"": 1, ""clear"": false, ""feed_ok"": true}, {""aisle"": ""aisle2"", ""in_n"": 4, ""out_n"": 0, ""open"": [""c005"", ""c006"", ""c007"", ""c008""], ""visible"": 0, ""clear"": false, ""feed_ok"": true}, {""aisle"": ""aisle3"", ""in_n"": 4, ""out_n"": 0, ""open"": [""c009"", ""c010"", ""c011"", ""c012""], ""visible"": 0, ""clear"": false, ""feed_ok"": true}]}"
15.95,goal_done,"{""seq"": 1, ""status"": 4}"
16.55,ledger_snapshot,"{""t"": 16.55, ""aisles"": [{""aisle"": ""aisle1"", ""in_n"": 4, ""out_n"": 0, ""open"": [""c001"", ""c002"", ""c003"", ""c004""], ""visible"": 0, ""clear"": false, ""feed_ok"": true}, {""aisle"": ""aisle2"", ""in_n"": 4, ""out_n"": 0, ""open"": [""c005"", ""c006"", ""c007"", ""c008""], ""visible"": 0, ""clear"": false, ""feed_ok"": true}, {""aisle"": ""aisle3"", ""in_n"": 4, ""out_n"": 0, ""open"": [""c009"", ""c010"", ""c011"", ""c012""], ""visible"": 0, ""clear"": false, ""feed_ok"": true}]}"
17.25,clear_blocked_by_ledger,"{""aisle"": ""aisle2"", ""reason"": ""ledger_open"", ""snapshot"": {""aisle"": ""aisle2"", ""in_n"": 4, ""out_n"": 0, ""open"": [""c005"", ""c006"", ""c007"", ""c008""], ""visible"": 0, ""clear"": false, ""feed_ok"": true}, ""visible"": 0, ""open"": [""c005"", ""c006"", ""c007"", ""c008""], ""mode"": ""full"", ""t"": 17.25}"
17.65,clear_blocked_by_ledger,"{""aisle"": ""aisle3"", ""reason"": ""ledger_open"", ""snapshot"": {""aisle"": ""aisle3"", ""in_n"": 4, ""out_n"": 0, ""open"": [""c009"", ""c010"", ""c011"", ""c012""], ""visible"": 0, ""clear"": false, ""feed_ok"": true}, ""visible"": 0, ""open"": [""c009"", ""c010"", ""c011"", ""c012""], ""mode"": ""full"", ""t"": 17.65}"
18.05,clear_blocked_by_ledger,"{""aisle"": ""aisle1"", ""reason"": ""ledger_open"", ""snapshot"": {""aisle"": ""aisle1"", ""in_n"": 4, ""out_n"": 0, ""open"": [""c001"", ""c002"", ""c003"", ""c004""], ""visible"": 0, ""clear"": false, ""feed_ok"": true}, ""visible"": 0, ""open"": [""c001"", ""c002"", ""c003"", ""c004""], ""mode"": ""full"", ""t"": 18.05}"
18.65,ledger_snapshot,"{""t"": 18.65, ""aisles"": [{""aisle"": ""aisle1"", ""in_n"": 4, ""out_n"": 0, ""open"": [""c001"", ""c002"", ""c003"", ""c004""], ""visible"": 0, ""clear"": false, ""feed_ok"": true}, {""aisle"": ""aisle2"", ""in_n"": 4, ""out_n"": 0, ""open"": [""c005"", ""c006"", ""c007"", ""c008""], ""visible"": 0, ""clear"": false, ""feed_ok"": true}, {""aisle"": ""aisle3"", ""in_n"": 4, ""out_n"": 0, ""open"": [""c009"", ""c010"", ""c011"", ""c012""], ""visible"": 0, ""clear"": false, ""feed_ok"": true}]}"
20.75,ledger_snapshot,"{""t"": 20.75, ""aisles"": [{""aisle"": ""aisle1"", ""in_n"": 4, ""out_n"": 0, ""open"": [""c001"", ""c002"", ""c003"", ""c004""], ""visible"": 0, ""clear"": false, ""feed_ok"": true}, {""aisle"": ""aisle2"", ""in_n"": 4, ""out_n"": 0, ""open"": [""c005"", ""c006"", ""c007"", ""c008""], ""visible"": 0, ""clear"": false, ""feed_ok"": true}, {""aisle"": ""aisle3"", ""in_n"": 4, ""out_n"": 0, ""open"": [""c009"", ""c010"", ""c011"", ""c012""], ""visible"": 0, ""clear"": false, ""feed_ok"": true}]}"
22.25,clear_blocked_by_ledger,"{""aisle"": ""aisle2"", ""reason"": ""ledger_open"", ""snapshot"": {""aisle"": ""aisle2"", ""in_n"": 4, ""out_n"": 0, ""open"": [""c005"", ""c006"", ""c007"", ""c008""], ""visible"": 0, ""clear"": false, ""feed_ok"": true}, ""visible"": 0, ""open"": [""c005"", ""c006"", ""c007"", ""c008""], ""mode"": ""full"", ""t"": 22.25}"
22.76,ledger_snapshot,"{""t"": 22.76, ""aisles"": [{""aisle"": ""aisle1"", ""in_n"": 4, ""out_n"": 0, ""open"": [""c001"", ""c002"", ""c003"", ""c004""], ""visible"": 0, ""clear"": false, ""feed_ok"": true}, {""aisle"": ""aisle2"", ""in_n"": 4, ""out_n"": 0, ""open"": [""c005"", ""c006"", ""c007"", ""c008""], ""visible"": 0, ""clear"": false, ""feed_ok"": true}, {""aisle"": ""aisle3"", ""in_n"": 4, ""out_n"": 0, ""open"": [""c009"", ""c010"", ""c011"", ""c012""], ""visible"": 0, ""clear"": false, ""feed_ok"": true}]}"
22.76,clear_blocked_by_ledger,"{""aisle"": ""aisle3"", ""reason"": ""ledger_open"", ""snapshot"": {""aisle"": ""aisle3"", ""in_n"": 4, ""out_n"": 0, ""open"": [""c009"", ""c010"", ""c011"", ""c012""], ""visible"": 0, ""clear"": false, ""feed_ok"": true}, ""visible"": 0, ""open"": [""c009"", ""c010"", ""c011"", ""c012""], ""mode"": ""full"", ""t"": 22.76}"
23.05,clear_blocked_by_ledger,"{""aisle"": ""aisle1"", ""reason"": ""ledger_open"", ""snapshot"": {""aisle"": ""aisle1"", ""in_n"": 4, ""out_n"": 0, ""open"": [""c001"", ""c002"", ""c003"", ""c004""], ""visible"": 0, ""clear"": false, ""feed_ok"": true}, ""visible"": 0, ""open"": [""c001"", ""c002"", ""c003"", ""c004""], ""mode"": ""full"", ""t"": 23.05}"
24.85,ledger_snapshot,"{""t"": 24.85, ""aisles"": [{""aisle"": ""aisle1"", ""in_n"": 4, ""out_n"": 0, ""open"": [""c001"", ""c002"", ""c003"", ""c004""], ""visible"": 0, ""clear"": false, ""feed_ok"": true}, {""aisle"": ""aisle2"", ""in_n"": 4, ""out_n"": 0, ""open"": [""c005"", ""c006"", ""c007"", ""c008""], ""visible"": 0, ""clear"": false, ""feed_ok"": true}, {""aisle"": ""aisle3"", ""in_n"": 4, ""out_n"": 0, ""open"": [""c009"", ""c010"", ""c011"", ""c012""], ""visible"": 0, ""clear"": false, ""feed_ok"": true}]}"
26.95,ledger_snapshot,"{""t"": 26.95, ""aisles"": [{""aisle"": ""aisle1"", ""in_n"": 4, ""out_n"": 0, ""open"": [""c001"", ""c002"", ""c003"", ""c004""], ""visible"": 0, ""clear"": false, ""feed_ok"": true}, {""aisle"": ""aisle2"", ""in_n"": 4, ""out_n"": 0, ""open"": [""c005"", ""c006"", ""c007"", ""c008""], ""visible"": 0, ""clear"": false, ""feed_ok"": true}, {""aisle"": ""aisle3"", ""in_n"": 4, ""out_n"": 0, ""open"": [""c009"", ""c010"", ""c011"", ""c012""], ""visible"": 0, ""clear"": false, ""feed_ok"": true}]}"
27.35,clear_blocked_by_ledger,"{""aisle"": ""aisle2"", ""reason"": ""ledger_open"", ""snapshot"": {""aisle"": ""aisle2"", ""in_n"": 4, ""out_n"": 0, ""open"": [""c005"", ""c006"", ""c007"", ""c008""], ""visible"": 0, ""clear"": false, ""feed_ok"": true}, ""visible"": 0, ""open"": [""c005"", ""c006"", ""c007"", ""c008""], ""mode"": ""full"", ""t"": 27.35}"
27.85,clear_blocked_by_ledger,"{""aisle"": ""aisle3"", ""reason"": ""ledger_open"", ""snapshot"": {""aisle"": ""aisle3"", ""in_n"": 4, ""out_n"": 0, ""open"": [""c009"", ""c010"", ""c011"", ""c012""], ""visible"": 0, ""clear"": false, ""feed_ok"": true}, ""visible"": 0, ""open"": [""c009"", ""c010"", ""c011"", ""c012""], ""mode"": ""full"", ""t"": 27.85}"
28.15,clear_blocked_by_ledger,"{""aisle"": ""aisle1"", ""reason"": ""ledger_open"", ""snapshot"": {""aisle"": ""aisle1"", ""in_n"": 4, ""out_n"": 0, ""open"": [""c001"", ""c002"", ""c003"", ""c004""], ""visible"": 0, ""clear"": false, ""feed_ok"": true}, ""visible"": 0, ""open"": [""c001"", ""c002"", ""c003"", ""c004""], ""mode"": ""full"", ""t"": 28.15}"
28.95,ledger_snapshot,"{""t"": 28.95, ""aisles"": [{""aisle"": ""aisle1"", ""in_n"": 4, ""out_n"": 0, ""open"": [""c001"", ""c002"", ""c003"", ""c004""], ""visible"": 0, ""clear"": false, ""feed_ok"": true}, {""aisle"": ""aisle2"", ""in_n"": 4, ""out_n"": 0, ""open"": [""c005"", ""c006"", ""c007"", ""c008""], ""visible"": 0, ""clear"": false, ""feed_ok"": true}, {""aisle"": ""aisle3"", ""in_n"": 4, ""out_n"": 0, ""open"": [""c009"", ""c010"", ""c011"", ""c012""], ""visible"": 0, ""clear"": false, ""feed_ok"": true}]}"
30.95,ledger_snapshot,"{""t"": 30.95, ""aisles"": [{""aisle"": ""aisle1"", ""in_n"": 4, ""out_n"": 0, ""open"": [""c001"", ""c002"", ""c003"", ""c004""], ""visible"": 0, ""clear"": false, ""feed_ok"": true}, {""aisle"": ""aisle2"", ""in_n"": 4, ""out_n"": 0, ""open"": [""c005"", ""c006"", ""c007"", ""c008""], ""visible"": 0, ""clear"": false, ""feed_ok"": true}, {""aisle"": ""aisle3"", ""in_n"": 4, ""out_n"": 0, ""open"": [""c009"", ""c010"", ""c011"", ""c012""], ""visible"": 0, ""clear"": false, ""feed_ok"": true}]}"
32.35,clear_blocked_by_ledger,"{""aisle"": ""aisle2"", ""reason"": ""ledger_open"", ""snapshot"": {""aisle"": ""aisle2"", ""in_n"": 4, ""out_n"": 0, ""open"": [""c005"", ""c006"", ""c007"", ""c008""], ""visible"": 0, ""clear"": false, ""feed_ok"": true}, ""visible"": 0, ""open"": [""c005"", ""c006"", ""c007"", ""c008""], ""mode"": ""full"", ""t"": 32.35}"
32.85,clear_blocked_by_ledger,"{""aisle"": ""aisle3"", ""reason"": ""ledger_open"", ""snapshot"": {""aisle"": ""aisle3"", ""in_n"": 4, ""out_n"": 0, ""open"": [""c009"", ""c010"", ""c011"", ""c012""], ""visible"": 0, ""clear"": false, ""feed_ok"": true}, ""visible"": 0, ""open"": [""c009"", ""c010"", ""c011"", ""c012""], ""mode"": ""full"", ""t"": 32.85}"
32.95,ledger_snapshot,"{""t"": 32.95, ""aisles"": [{""aisle"": ""aisle1"", ""in_n"": 4, ""out_n"": 0, ""open"": [""c001"", ""c002"", ""c003"", ""c004""], ""visible"": 0, ""clear"": false, ""feed_ok"": true}, {""aisle"": ""aisle2"", ""in_n"": 4, ""out_n"": 0, ""open"": [""c005"", ""c006"", ""c007"", ""c008""], ""visible"": 0, ""clear"": false, ""feed_ok"": true}, {""aisle"": ""aisle3"", ""in_n"": 4, ""out_n"": 0, ""open"": [""c009"", ""c010"", ""c011"", ""c012""], ""visible"": 0, ""clear"": false, ""feed_ok"": true}]}"
33.25,clear_blocked_by_ledger,"{""aisle"": ""aisle1"", ""reason"": ""ledger_open"", ""snapshot"": {""aisle"": ""aisle1"", ""in_n"": 4, ""out_n"": 0, ""open"": [""c001"", ""c002"", ""c003"", ""c004""], ""visible"": 0, ""clear"": false, ""feed_ok"": true}, ""visible"": 0, ""open"": [""c001"", ""c002"", ""c003"", ""c004""], ""mode"": ""full"", ""t"": 33.25}"
35.05,ledger_snapshot,"{""t"": 35.05, ""aisles"": [{""aisle"": ""aisle1"", ""in_n"": 4, ""out_n"": 0, ""open"": [""c001"", ""c002"", ""c003"", ""c004""], ""visible"": 0, ""clear"": false, ""feed_ok"": true}, {""aisle"": ""aisle2"", ""in_n"": 4, ""out_n"": 0, ""open"": [""c005"", ""c006"", ""c007"", ""c008""], ""visible"": 0, ""clear"": false, ""feed_ok"": true}, {""aisle"": ""aisle3"", ""in_n"": 4, ""out_n"": 0, ""open"": [""c009"", ""c010"", ""c011"", ""c012""], ""visible"": 0, ""clear"": false, ""feed_ok"": true}]}"
37.05,ledger_snapshot,"{""t"": 37.05, ""aisles"": [{""aisle"": ""aisle1"", ""in_n"": 4, ""out_n"": 0, ""open"": [""c001"", ""c002"", ""c003"", ""c004""], ""visible"": 0, ""clear"": false, ""feed_ok"": true}, {""aisle"": ""aisle2"", ""in_n"": 4, ""out_n"": 0, ""open"": [""c005"", ""c006"", ""c007"", ""c008""], ""visible"": 0, ""clear"": false, ""feed_ok"": true}, {""aisle"": ""aisle3"", ""in_n"": 4, ""out_n"": 0, ""open"": [""c009"", ""c010"", ""c011"", ""c012""], ""visible"": 0, ""clear"": false, ""feed_ok"": true}]}"
37.46,clear_blocked_by_ledger,"{""aisle"": ""aisle2"", ""reason"": ""ledger_open"", ""snapshot"": {""aisle"": ""aisle2"", ""in_n"": 4, ""out_n"": 0, ""open"": [""c005"", ""c006"", ""c007"", ""c008""], ""visible"": 0, ""clear"": false, ""feed_ok"": true}, ""visible"": 0, ""open"": [""c005"", ""c006"", ""c007"", ""c008""], ""mode"": ""full"", ""t"": 37.46}"
37.95,clear_blocked_by_ledger,"{""aisle"": ""aisle3"", ""reason"": ""ledger_open"", ""snapshot"": {""aisle"": ""aisle3"", ""in_n"": 4, ""out_n"": 0, ""open"": [""c009"", ""c010"", ""c011"", ""c012""], ""visible"": 0, ""clear"": false, ""feed_ok"": true}, ""visible"": 0, ""open"": [""c009"", ""c010"", ""c011"", ""c012""], ""mode"": ""full"", ""t"": 37.95}"
38.25,clear_blocked_by_ledger,"{""aisle"": ""aisle1"", ""reason"": ""ledger_open"", ""snapshot"": {""aisle"": ""aisle1"", ""in_n"": 4, ""out_n"": 0, ""open"": [""c001"", ""c002"", ""c003"", ""c004""], ""visible"": 0, ""clear"": false, ""feed_ok"": true}, ""visible"": 0, ""open"": [""c001"", ""c002"", ""c003"", ""c004""], ""mode"": ""full"", ""t"": 38.25}"
39.15,ledger_snapshot,"{""t"": 39.15, ""aisles"": [{""aisle"": ""aisle1"", ""in_n"": 4, ""out_n"": 0, ""open"": [""c001"", ""c002"", ""c003"", ""c004""], ""visible"": 1, ""clear"": false, ""feed_ok"": true}, {""aisle"": ""aisle2"", ""in_n"": 4, ""out_n"": 0, ""open"": [""c005"", ""c006"", ""c007"", ""c008""], ""visible"": 0, ""clear"": false, ""feed_ok"": true}, {""aisle"": ""aisle3"", ""in_n"": 4, ""out_n"": 0, ""open"": [""c009"", ""c010"", ""c011"", ""c012""], ""visible"": 0, ""clear"": false, ""feed_ok"": true}]}"
40.35,aisle_crossing,"{""aisle"": ""aisle1"", ""id"": ""c002"", ""line"": ""out"", ""dir"": ""out"", ""t"": 40.35, ""mode"": ""full""}"
41.25,ledger_snapshot,"{""t"": 41.25, ""aisles"": [{""aisle"": ""aisle1"", ""in_n"": 4, ""out_n"": 1, ""open"": [""c001"", ""c003"", ""c004""], ""visible"": 0, ""clear"": false, ""feed_ok"": true}, {""aisle"": ""aisle2"", ""in_n"": 4, ""out_n"": 0, ""open"": [""c005"", ""c006"", ""c007"", ""c008""], ""visible"": 0, ""clear"": false, ""feed_ok"": true}, {""aisle"": ""aisle3"", ""in_n"": 4, ""out_n"": 0, ""open"": [""c009"", ""c010"", ""c011"", ""c012""], ""visible"": 0, ""clear"": false, ""feed_ok"": true}]}"
42.55,clear_blocked_by_ledger,"{""aisle"": ""aisle2"", ""reason"": ""ledger_open"", ""snapshot"": {""aisle"": ""aisle2"", ""in_n"": 4, ""out_n"": 0, ""open"": [""c005"", ""c006"", ""c007"", ""c008""], ""visible"": 0, ""clear"": false, ""feed_ok"": true}, ""visible"": 0, ""open"": [""c005"", ""c006"", ""c007"", ""c008""], ""mode"": ""full"", ""t"": 42.55}"
42.95,clear_blocked_by_ledger,"{""aisle"": ""aisle3"", ""reason"": ""ledger_open"", ""snapshot"": {""aisle"": ""aisle3"", ""in_n"": 4, ""out_n"": 0, ""open"": [""c009"", ""c010"", ""c011"", ""c012""], ""visible"": 0, ""clear"": false, ""feed_ok"": true}, ""visible"": 0, ""open"": [""c009"", ""c010"", ""c011"", ""c012""], ""mode"": ""full"", ""t"": 42.95}"
43.35,ledger_snapshot,"{""t"": 43.35, ""aisles"": [{""aisle"": ""aisle1"", ""in_n"": 4, ""out_n"": 1, ""open"": [""c001"", ""c003"", ""c004""], ""visible"": 0, ""clear"": false, ""feed_ok"": true}, {""aisle"": ""aisle2"", ""in_n"": 4, ""out_n"": 0, ""open"": [""c005"", ""c006"", ""c007"", ""c008""], ""visible"": 0, ""clear"": false, ""feed_ok"": true}, {""aisle"": ""aisle3"", ""in_n"": 4, ""out_n"": 0, ""open"": [""c009"", ""c010"", ""c011"", ""c012""], ""visible"": 0, ""clear"": false, ""feed_ok"": true}]}"
43.35,clear_blocked_by_ledger,"{""aisle"": ""aisle1"", ""reason"": ""ledger_open"", ""snapshot"": {""aisle"": ""aisle1"", ""in_n"": 4, ""out_n"": 1, ""open"": [""c001"", ""c003"", ""c004""], ""visible"": 0, ""clear"": false, ""feed_ok"": true}, ""visible"": 0, ""open"": [""c001"", ""c003"", ""c004""], ""mode"": ""full"", ""t"": 43.35}"
45.35,ledger_snapshot,"{""t"": 45.35, ""aisles"": [{""aisle"": ""aisle1"", ""in_n"": 4, ""out_n"": 1, ""open"": [""c001"", ""c003"", ""c004""], ""visible"": 0, ""clear"": false, ""feed_ok"": true}, {""aisle"": ""aisle2"", ""in_n"": 4, ""out_n"": 0, ""open"": [""c005"", ""c006"", ""c007"", ""c008""], ""visible"": 0, ""clear"": false, ""feed_ok"": true}, {""aisle"": ""aisle3"", ""in_n"": 4, ""out_n"": 0, ""open"": [""c009"", ""c010"", ""c011"", ""c012""], ""visible"": 0, ""clear"": false, ""feed_ok"": true}]}"
47.45,ledger_snapshot,"{""t"": 47.45, ""aisles"": [{""aisle"": ""aisle1"", ""in_n"": 4, ""out_n"": 1, ""open"": [""c001"", ""c003"", ""c004""], ""visible"": 0, ""clear"": false, ""feed_ok"": true}, {""aisle"": ""aisle2"", ""in_n"": 4, ""out_n"": 0, ""open"": [""c005"", ""c006"", ""c007"", ""c008""], ""visible"": 0, ""clear"": false, ""feed_ok"": true}, {""aisle"": ""aisle3"", ""in_n"": 4, ""out_n"": 0, ""open"": [""c009"", ""c010"", ""c011"", ""c012""], ""visible"": 0, ""clear"": false, ""feed_ok"": true}]}"
47.65,clear_blocked_by_ledger,"{""aisle"": ""aisle2"", ""reason"": ""ledger_open"", ""snapshot"": {""aisle"": ""aisle2"", ""in_n"": 4, ""out_n"": 0, ""open"": [""c005"", ""c006"", ""c007"", ""c008""], ""visible"": 0, ""clear"": false, ""feed_ok"": true}, ""visible"": 0, ""open"": [""c005"", ""c006"", ""c007"", ""c008""], ""mode"": ""full"", ""t"": 47.65}"
48.05,clear_blocked_by_ledger,"{""aisle"": ""aisle3"", ""reason"": ""ledger_open"", ""snapshot"": {""aisle"": ""aisle3"", ""in_n"": 4, ""out_n"": 0, ""open"": [""c009"", ""c010"", ""c011"", ""c012""], ""visible"": 0, ""clear"": false, ""feed_ok"": true}, ""visible"": 0, ""open"": [""c009"", ""c010"", ""c011"", ""c012""], ""mode"": ""full"", ""t"": 48.05}"
48.45,clear_blocked_by_ledger,"{""aisle"": ""aisle1"", ""reason"": ""ledger_open"", ""snapshot"": {""aisle"": ""aisle1"", ""in_n"": 4, ""out_n"": 1, ""open"": [""c001"", ""c003"", ""c004""], ""visible"": 0, ""clear"": false, ""feed_ok"": true}, ""visible"": 0, ""open"": [""c001"", ""c003"", ""c004""], ""mode"": ""full"", ""t"": 48.45}"
49.45,ledger_snapshot,"{""t"": 49.45, ""aisles"": [{""aisle"": ""aisle1"", ""in_n"": 4, ""out_n"": 1, ""open"": [""c001"", ""c003"", ""c004""], ""visible"": 1, ""clear"": false, ""feed_ok"": true}, {""aisle"": ""aisle2"", ""in_n"": 4, ""out_n"": 0, ""open"": [""c005"", ""c006"", ""c007"", ""c008""], ""visible"": 0, ""clear"": false, ""feed_ok"": true}, {""aisle"": ""aisle3"", ""in_n"": 4, ""out_n"": 0, ""open"": [""c009"", ""c010"", ""c011"", ""c012""], ""visible"": 0, ""clear"": false, ""feed_ok"": true}]}"
51.25,aisle_crossing,"{""aisle"": ""aisle1"", ""id"": ""c003"", ""line"": ""out"", ""dir"": ""out"", ""t"": 51.25, ""mode"": ""full""}"
51.55,ledger_snapshot,"{""t"": 51.55, ""aisles"": [{""aisle"": ""aisle1"", ""in_n"": 4, ""out_n"": 2, ""open"": [""c001"", ""c004""], ""visible"": 0, ""clear"": false, ""feed_ok"": true}, {""aisle"": ""aisle2"", ""in_n"": 4, ""out_n"": 0, ""open"": [""c005"", ""c006"", ""c007"", ""c008""], ""visible"": 0, ""clear"": false, ""feed_ok"": true}, {""aisle"": ""aisle3"", ""in_n"": 4, ""out_n"": 0, ""open"": [""c009"", ""c010"", ""c011"", ""c012""], ""visible"": 0, ""clear"": false, ""feed_ok"": true}]}"
52.65,clear_blocked_by_ledger,"{""aisle"": ""aisle2"", ""reason"": ""ledger_open"", ""snapshot"": {""aisle"": ""aisle2"", ""in_n"": 4, ""out_n"": 0, ""open"": [""c005"", ""c006"", ""c007"", ""c008""], ""visible"": 0, ""clear"": false, ""feed_ok"": true}, ""visible"": 0, ""open"": [""c005"", ""c006"", ""c007"", ""c008""], ""mode"": ""full"", ""t"": 52.65}"
53.05,clear_blocked_by_ledger,"{""aisle"": ""aisle3"", ""reason"": ""ledger_open"", ""snapshot"": {""aisle"": ""aisle3"", ""in_n"": 4, ""out_n"": 0, ""open"": [""c009"", ""c010"", ""c011"", ""c012""], ""visible"": 0, ""clear"": false, ""feed_ok"": true}, ""visible"": 0, ""open"": [""c009"", ""c010"", ""c011"", ""c012""], ""mode"": ""full"", ""t"": 53.05}"
53.45,clear_blocked_by_ledger,"{""aisle"": ""aisle1"", ""reason"": ""ledger_open"", ""snapshot"": {""aisle"": ""aisle1"", ""in_n"": 4, ""out_n"": 2, ""open"": [""c001"", ""c004""], ""visible"": 0, ""clear"": false, ""feed_ok"": true}, ""visible"": 0, ""open"": [""c001"", ""c004""], ""mode"": ""full"", ""t"": 53.45}"
53.65,ledger_snapshot,"{""t"": 53.65, ""aisles"": [{""aisle"": ""aisle1"", ""in_n"": 4, ""out_n"": 2, ""open"": [""c001"", ""c004""], ""visible"": 0, ""clear"": false, ""feed_ok"": true}, {""aisle"": ""aisle2"", ""in_n"": 4, ""out_n"": 0, ""open"": [""c005"", ""c006"", ""c007"", ""c008""], ""visible"": 0, ""clear"": false, ""feed_ok"": true}, {""aisle"": ""aisle3"", ""in_n"": 4, ""out_n"": 0, ""open"": [""c009"", ""c010"", ""c011"", ""c012""], ""visible"": 0, ""clear"": false, ""feed_ok"": true}]}"
55.65,ledger_snapshot,"{""t"": 55.65, ""aisles"": [{""aisle"": ""aisle1"", ""in_n"": 4, ""out_n"": 2, ""open"": [""c001"", ""c004""], ""visible"": 0, ""clear"": false, ""feed_ok"": true}, {""aisle"": ""aisle2"", ""in_n"": 4, ""out_n"": 0, ""open"": [""c005"", ""c006"", ""c007"", ""c008""], ""visible"": 0, ""clear"": false, ""feed_ok"": true}, {""aisle"": ""aisle3"", ""in_n"": 4, ""out_n"": 0, ""open"": [""c009"", ""c010"", ""c011"", ""c012""], ""visible"": 0, ""clear"": false, ""feed_ok"": true}]}"
57.75,ledger_snapshot,"{""t"": 57.75, ""aisles"": [{""aisle"": ""aisle1"", ""in_n"": 4, ""out_n"": 2, ""open"": [""c001"", ""c004""], ""visible"": 0, ""clear"": false, ""feed_ok"": true}, {""aisle"": ""aisle2"", ""in_n"": 4, ""out_n"": 0, ""open"": [""c005"", ""c006"", ""c007"", ""c008""], ""visible"": 0, ""clear"": false, ""feed_ok"": true}, {""aisle"": ""aisle3"", ""in_n"": 4, ""out_n"": 0, ""open"": [""c009"", ""c010"", ""c011"", ""c012""], ""visible"": 0, ""clear"": false, ""feed_ok"": true}]}"
57.75,clear_blocked_by_ledger,"{""aisle"": ""aisle2"", ""reason"": ""ledger_open"", ""snapshot"": {""aisle"": ""aisle2"", ""in_n"": 4, ""out_n"": 0, ""open"": [""c005"", ""c006"", ""c007"", ""c008""], ""visible"": 0, ""clear"": false, ""feed_ok"": true}, ""visible"": 0, ""open"": [""c005"", ""c006"", ""c007"", ""c008""], ""mode"": ""full"", ""t"": 57.75}"
58.15,clear_blocked_by_ledger,"{""aisle"": ""aisle3"", ""reason"": ""ledger_open"", ""snapshot"": {""aisle"": ""aisle3"", ""in_n"": 4, ""out_n"": 0, ""open"": [""c009"", ""c010"", ""c011"", ""c012""], ""visible"": 0, ""clear"": false, ""feed_ok"": true}, ""visible"": 0, ""open"": [""c009"", ""c010"", ""c011"", ""c012""], ""mode"": ""full"", ""t"": 58.15}"
58.55,clear_blocked_by_ledger,"{""aisle"": ""aisle1"", ""reason"": ""ledger_open"", ""snapshot"": {""aisle"": ""aisle1"", ""in_n"": 4, ""out_n"": 2, ""open"": [""c001"", ""c004""], ""visible"": 0, ""clear"": false, ""feed_ok"": true}, ""visible"": 0, ""open"": [""c001"", ""c004""], ""mode"": ""full"", ""t"": 58.55}"
59.85,ledger_snapshot,"{""t"": 59.85, ""aisles"": [{""aisle"": ""aisle1"", ""in_n"": 4, ""out_n"": 2, ""open"": [""c001"", ""c004""], ""visible"": 1, ""clear"": false, ""feed_ok"": true}, {""aisle"": ""aisle2"", ""in_n"": 4, ""out_n"": 0, ""open"": [""c005"", ""c006"", ""c007"", ""c008""], ""visible"": 0, ""clear"": false, ""feed_ok"": true}, {""aisle"": ""aisle3"", ""in_n"": 4, ""out_n"": 0, ""open"": [""c009"", ""c010"", ""c011"", ""c012""], ""visible"": 0, ""clear"": false, ""feed_ok"": true}]}"
61.35,aisle_crossing,"{""aisle"": ""aisle1"", ""id"": ""c001"", ""line"": ""out"", ""dir"": ""out"", ""t"": 61.35, ""mode"": ""full""}"
61.85,aisle_crossing,"{""aisle"": ""aisle3"", ""id"": ""c009"", ""line"": ""out"", ""dir"": ""out"", ""t"": 61.85, ""mode"": ""full""}"
61.95,ledger_snapshot,"{""t"": 61.95, ""aisles"": [{""aisle"": ""aisle1"", ""in_n"": 4, ""out_n"": 3, ""open"": [""c004""], ""visible"": 0, ""clear"": false, ""feed_ok"": true}, {""aisle"": ""aisle2"", ""in_n"": 4, ""out_n"": 0, ""open"": [""c005"", ""c006"", ""c007"", ""c008""], ""visible"": 0, ""clear"": false, ""feed_ok"": true}, {""aisle"": ""aisle3"", ""in_n"": 4, ""out_n"": 1, ""open"": [""c010"", ""c011"", ""c012""], ""visible"": 0, ""clear"": false, ""feed_ok"": true}]}"
62.85,clear_blocked_by_ledger,"{""aisle"": ""aisle2"", ""reason"": ""ledger_open"", ""snapshot"": {""aisle"": ""aisle2"", ""in_n"": 4, ""out_n"": 0, ""open"": [""c005"", ""c006"", ""c007"", ""c008""], ""visible"": 0, ""clear"": false, ""feed_ok"": true}, ""visible"": 0, ""open"": [""c005"", ""c006"", ""c007"", ""c008""], ""mode"": ""full"", ""t"": 62.85}"
63.15,clear_blocked_by_ledger,"{""aisle"": ""aisle3"", ""reason"": ""ledger_open"", ""snapshot"": {""aisle"": ""aisle3"", ""in_n"": 4, ""out_n"": 1, ""open"": [""c010"", ""c011"", ""c012""], ""visible"": 0, ""clear"": false, ""feed_ok"": true}, ""visible"": 0, ""open"": [""c010"", ""c011"", ""c012""], ""mode"": ""full"", ""t"": 63.15}"
63.65,clear_blocked_by_ledger,"{""aisle"": ""aisle1"", ""reason"": ""ledger_open"", ""snapshot"": {""aisle"": ""aisle1"", ""in_n"": 4, ""out_n"": 3, ""open"": [""c004""], ""visible"": 0, ""clear"": false, ""feed_ok"": true}, ""visible"": 0, ""open"": [""c004""], ""mode"": ""full"", ""t"": 63.65}"
64.05,ledger_snapshot,"{""t"": 64.05, ""aisles"": [{""aisle"": ""aisle1"", ""in_n"": 4, ""out_n"": 3, ""open"": [""c004""], ""visible"": 0, ""clear"": false, ""feed_ok"": true}, {""aisle"": ""aisle2"", ""in_n"": 4, ""out_n"": 0, ""open"": [""c005"", ""c006"", ""c007"", ""c008""], ""visible"": 0, ""clear"": false, ""feed_ok"": true}, {""aisle"": ""aisle3"", ""in_n"": 4, ""out_n"": 1, ""open"": [""c010"", ""c011"", ""c012""], ""visible"": 0, ""clear"": false, ""feed_ok"": true}]}"
66.05,ledger_snapshot,"{""t"": 66.05, ""aisles"": [{""aisle"": ""aisle1"", ""in_n"": 4, ""out_n"": 3, ""open"": [""c004""], ""visible"": 1, ""clear"": false, ""feed_ok"": true}, {""aisle"": ""aisle2"", ""in_n"": 4, ""out_n"": 0, ""open"": [""c005"", ""c006"", ""c007"", ""c008""], ""visible"": 1, ""clear"": false, ""feed_ok"": true}, {""aisle"": ""aisle3"", ""in_n"": 4, ""out_n"": 1, ""open"": [""c010"", ""c011"", ""c012""], ""visible"": 1, ""clear"": false, ""feed_ok"": true}]}"
66.35,aisle_crossing,"{""aisle"": ""aisle2"", ""id"": ""c005"", ""line"": ""out"", ""dir"": ""out"", ""t"": 66.35, ""mode"": ""full""}"
66.65,aisle_crossing,"{""aisle"": ""aisle3"", ""id"": ""c010"", ""line"": ""out"", ""dir"": ""out"", ""t"": 66.65, ""mode"": ""full""}"
67.65,aisle_crossing,"{""aisle"": ""aisle1"", ""id"": ""c004"", ""line"": ""out"", ""dir"": ""out"", ""t"": 67.65, ""mode"": ""full""}"
67.65,clear_blocked_by_ledger,"{""aisle"": ""aisle1"", ""reason"": ""not_confirmed"", ""snapshot"": {""aisle"": ""aisle1"", ""in_n"": 4, ""out_n"": 4, ""open"": [], ""visible"": 0, ""clear"": false, ""feed_ok"": true}, ""visible"": 0, ""open"": [], ""mode"": ""full"", ""t"": 67.65}"
67.95,clear_blocked_by_ledger,"{""aisle"": ""aisle2"", ""reason"": ""ledger_open"", ""snapshot"": {""aisle"": ""aisle2"", ""in_n"": 4, ""out_n"": 1, ""open"": [""c006"", ""c007"", ""c008""], ""visible"": 1, ""clear"": false, ""feed_ok"": true}, ""visible"": 1, ""open"": [""c006"", ""c007"", ""c008""], ""mode"": ""full"", ""t"": 67.95}"
68.15,ledger_snapshot,"{""t"": 68.15, ""aisles"": [{""aisle"": ""aisle1"", ""in_n"": 4, ""out_n"": 4, ""open"": [], ""visible"": 0, ""clear"": false, ""feed_ok"": true}, {""aisle"": ""aisle2"", ""in_n"": 4, ""out_n"": 1, ""open"": [""c006"", ""c007"", ""c008""], ""visible"": 1, ""clear"": false, ""feed_ok"": true}, {""aisle"": ""aisle3"", ""in_n"": 4, ""out_n"": 2, ""open"": [""c011"", ""c012""], ""visible"": 0, ""clear"": false, ""feed_ok"": true}]}"
68.25,clear_blocked_by_ledger,"{""aisle"": ""aisle3"", ""reason"": ""ledger_open"", ""snapshot"": {""aisle"": ""aisle3"", ""in_n"": 4, ""out_n"": 2, ""open"": [""c011"", ""c012""], ""visible"": 0, ""clear"": false, ""feed_ok"": true}, ""visible"": 0, ""open"": [""c011"", ""c012""], ""mode"": ""full"", ""t"": 68.25}"
70.25,ledger_snapshot,"{""t"": 70.25, ""aisles"": [{""aisle"": ""aisle1"", ""in_n"": 4, ""out_n"": 4, ""open"": [], ""visible"": 0, ""clear"": false, ""feed_ok"": true}, {""aisle"": ""aisle2"", ""in_n"": 4, ""out_n"": 1, ""open"": [""c006"", ""c007"", ""c008""], ""visible"": 1, ""clear"": false, ""feed_ok"": true}, {""aisle"": ""aisle3"", ""in_n"": 4, ""out_n"": 2, ""open"": [""c011"", ""c012""], ""visible"": 1, ""clear"": false, ""feed_ok"": true}]}"
70.45,aisle_crossing,"{""aisle"": ""aisle3"", ""id"": ""c012"", ""line"": ""out"", ""dir"": ""out"", ""t"": 70.45, ""mode"": ""full""}"
71.85,aisle_crossing,"{""aisle"": ""aisle2"", ""id"": ""c008"", ""line"": ""out"", ""dir"": ""out"", ""t"": 71.85, ""mode"": ""full""}"
72.35,ledger_snapshot,"{""t"": 72.35, ""aisles"": [{""aisle"": ""aisle1"", ""in_n"": 4, ""out_n"": 4, ""open"": [], ""visible"": 0, ""clear"": false, ""feed_ok"": true}, {""aisle"": ""aisle2"", ""in_n"": 4, ""out_n"": 2, ""open"": [""c006"", ""c007""], ""visible"": 0, ""clear"": false, ""feed_ok"": true}, {""aisle"": ""aisle3"", ""in_n"": 4, ""out_n"": 3, ""open"": [""c011""], ""visible"": 0, ""clear"": false, ""feed_ok"": true}]}"
72.65,clear_blocked_by_ledger,"{""aisle"": ""aisle1"", ""reason"": ""approach"", ""snapshot"": {""aisle"": ""aisle1"", ""in_n"": 4, ""out_n"": 4, ""open"": [], ""visible"": 0, ""clear"": true, ""feed_ok"": true, ""blocker"": ""c001"", ""why"": ""at_mouth""}, ""visible"": 0, ""open"": [], ""mode"": ""full"", ""t"": 72.65}"
73.05,clear_blocked_by_ledger,"{""aisle"": ""aisle2"", ""reason"": ""ledger_open"", ""snapshot"": {""aisle"": ""aisle2"", ""in_n"": 4, ""out_n"": 2, ""open"": [""c006"", ""c007""], ""visible"": 0, ""clear"": false, ""feed_ok"": true}, ""visible"": 0, ""open"": [""c006"", ""c007""], ""mode"": ""full"", ""t"": 73.05}"
73.25,clear_blocked_by_ledger,"{""aisle"": ""aisle3"", ""reason"": ""ledger_open"", ""snapshot"": {""aisle"": ""aisle3"", ""in_n"": 4, ""out_n"": 3, ""open"": [""c011""], ""visible"": 1, ""clear"": false, ""feed_ok"": true}, ""visible"": 1, ""open"": [""c011""], ""mode"": ""full"", ""t"": 73.25}"
74.35,ledger_snapshot,"{""t"": 74.35, ""aisles"": [{""aisle"": ""aisle1"", ""in_n"": 4, ""out_n"": 4, ""open"": [], ""visible"": 0, ""clear"": true, ""feed_ok"": true}, {""aisle"": ""aisle2"", ""in_n"": 4, ""out_n"": 2, ""open"": [""c006"", ""c007""], ""visible"": 0, ""clear"": false, ""feed_ok"": true}, {""aisle"": ""aisle3"", ""in_n"": 4, ""out_n"": 3, ""open"": [""c011""], ""visible"": 1, ""clear"": false, ""feed_ok"": true}]}"
76.45,ledger_snapshot,"{""t"": 76.45, ""aisles"": [{""aisle"": ""aisle1"", ""in_n"": 4, ""out_n"": 4, ""open"": [], ""visible"": 0, ""clear"": true, ""feed_ok"": true}, {""aisle"": ""aisle2"", ""in_n"": 4, ""out_n"": 2, ""open"": [""c006"", ""c007""], ""visible"": 1, ""clear"": false, ""feed_ok"": true}, {""aisle"": ""aisle3"", ""in_n"": 4, ""out_n"": 3, ""open"": [""c011""], ""visible"": 1, ""clear"": false, ""feed_ok"": true}]}"
77.65,clear_blocked_by_ledger,"{""aisle"": ""aisle1"", ""reason"": ""approach"", ""snapshot"": {""aisle"": ""aisle1"", ""in_n"": 4, ""out_n"": 4, ""open"": [], ""visible"": 0, ""clear"": true, ""feed_ok"": true, ""blocker"": ""c001"", ""why"": ""at_mouth""}, ""visible"": 0, ""open"": [], ""mode"": ""full"", ""t"": 77.65}"
78.05,clear_blocked_by_ledger,"{""aisle"": ""aisle2"", ""reason"": ""ledger_open"", ""snapshot"": {""aisle"": ""aisle2"", ""in_n"": 4, ""out_n"": 2, ""open"": [""c006"", ""c007""], ""visible"": 1, ""clear"": false, ""feed_ok"": true}, ""visible"": 1, ""open"": [""c006"", ""c007""], ""mode"": ""full"", ""t"": 78.05}"
78.35,clear_blocked_by_ledger,"{""aisle"": ""aisle3"", ""reason"": ""ledger_open"", ""snapshot"": {""aisle"": ""aisle3"", ""in_n"": 4, ""out_n"": 3, ""open"": [""c011""], ""visible"": 1, ""clear"": false, ""feed_ok"": true}, ""visible"": 1, ""open"": [""c011""], ""mode"": ""full"", ""t"": 78.35}"
78.45,ledger_snapshot,"{""t"": 78.45, ""aisles"": [{""aisle"": ""aisle1"", ""in_n"": 4, ""out_n"": 4, ""open"": [], ""visible"": 0, ""clear"": true, ""feed_ok"": true}, {""aisle"": ""aisle2"", ""in_n"": 4, ""out_n"": 2, ""open"": [""c006"", ""c007""], ""visible"": 1, ""clear"": false, ""feed_ok"": true}, {""aisle"": ""aisle3"", ""in_n"": 4, ""out_n"": 3, ""open"": [""c011""], ""visible"": 1, ""clear"": false, ""feed_ok"": true}]}"
80.45,ledger_snapshot,"{""t"": 80.45, ""aisles"": [{""aisle"": ""aisle1"", ""in_n"": 4, ""out_n"": 4, ""open"": [], ""visible"": 0, ""clear"": true, ""feed_ok"": true}, {""aisle"": ""aisle2"", ""in_n"": 4, ""out_n"": 2, ""open"": [""c006"", ""c007""], ""visible"": 1, ""clear"": false, ""feed_ok"": true}, {""aisle"": ""aisle3"", ""in_n"": 4, ""out_n"": 3, ""open"": [""c011""], ""visible"": 1, ""clear"": false, ""feed_ok"": true}]}"
80.95,ledger_clear,"{""aisle"": ""aisle1"", ""snapshot"": {""aisle"": ""aisle1"", ""in_n"": 4, ""out_n"": 4, ""open"": [], ""visible"": 0, ""clear"": true, ""feed_ok"": true}, ""mode"": ""full"", ""t"": 80.95}"
82.55,ledger_reconciled,"{""aisle"": ""aisle2"", ""id"": ""c007"", ""t"": 82.55, ""reason"": ""seen_outside""}"
82.55,ledger_snapshot,"{""t"": 82.55, ""aisles"": [{""aisle"": ""aisle1"", ""in_n"": 4, ""out_n"": 4, ""open"": [], ""visible"": 0, ""clear"": true, ""feed_ok"": true}, {""aisle"": ""aisle2"", ""in_n"": 4, ""out_n"": 3, ""open"": [""c006""], ""visible"": 0, ""clear"": false, ""feed_ok"": true}, {""aisle"": ""aisle3"", ""in_n"": 4, ""out_n"": 3, ""open"": [""c011""], ""visible"": 1, ""clear"": false, ""feed_ok"": true}]}"
83.05,clear_blocked_by_ledger,"{""aisle"": ""aisle2"", ""reason"": ""ledger_open"", ""snapshot"": {""aisle"": ""aisle2"", ""in_n"": 4, ""out_n"": 3, ""open"": [""c006""], ""visible"": 0, ""clear"": false, ""feed_ok"": true}, ""visible"": 0, ""open"": [""c006""], ""mode"": ""full"", ""t"": 83.05}"
83.05,phase,"{""from"": ""wait_clear"", ""to"": ""scanning""}"
83.05,aisle_enter,"{""aisle"": ""aisle1"", ""from"": ""front"", ""reason"": ""clear"", ""mode"": ""full"", ""t"": 83.05}"
83.05,goal,"{""x"": 20.0, ""y"": 2.8, ""yaw"": -1.563, ""seq"": 2}"
83.15,ledger_clear,"{""aisle"": ""aisle1"", ""snapshot"": {""aisle"": ""aisle1"", ""in_n"": 4, ""out_n"": 4, ""open"": [], ""visible"": 0, ""clear"": true, ""feed_ok"": true}, ""mode"": ""full"", ""t"": 83.15}"
83.35,clear_blocked_by_ledger,"{""aisle"": ""aisle3"", ""reason"": ""ledger_open"", ""snapshot"": {""aisle"": ""aisle3"", ""in_n"": 4, ""out_n"": 3, ""open"": [""c011""], ""visible"": 1, ""clear"": false, ""feed_ok"": true}, ""visible"": 1, ""open"": [""c011""], ""mode"": ""full"", ""t"": 83.35}"
84.65,ledger_snapshot,"{""t"": 84.65, ""aisles"": [{""aisle"": ""aisle1"", ""in_n"": 4, ""out_n"": 4, ""open"": [], ""visible"": 0, ""clear"": true, ""feed_ok"": true}, {""aisle"": ""aisle2"", ""in_n"": 4, ""out_n"": 3, ""open"": [""c006""], ""visible"": 0, ""clear"": false, ""feed_ok"": true}, {""aisle"": ""aisle3"", ""in_n"": 4, ""out_n"": 3, ""open"": [""c011""], ""visible"": 1, ""clear"": false, ""feed_ok"": true}]}"
86.65,ledger_snapshot,"{""t"": 86.65, ""aisles"": [{""aisle"": ""aisle1"", ""in_n"": 4, ""out_n"": 4, ""open"": [], ""visible"": 0, ""clear"": true, ""feed_ok"": true}, {""aisle"": ""aisle2"", ""in_n"": 4, ""out_n"": 3, ""open"": [""c006""], ""visible"": 0, ""clear"": false, ""feed_ok"": true}, {""aisle"": ""aisle3"", ""in_n"": 4, ""out_n"": 3, ""open"": [""c011""], ""visible"": 1, ""clear"": false, ""feed_ok"": true}]}"
87.85,aisle_crossing,"{""aisle"": ""aisle2"", ""id"": ""c001"", ""line"": ""out"", ""dir"": ""in"", ""t"": 87.85, ""mode"": ""full""}"
88.15,clear_blocked_by_ledger,"{""aisle"": ""aisle2"", ""reason"": ""ledger_open"", ""snapshot"": {""aisle"": ""aisle2"", ""in_n"": 5, ""out_n"": 3, ""open"": [""c001"", ""c006""], ""visible"": 1, ""clear"": false, ""feed_ok"": true}, ""visible"": 1, ""open"": [""c001"", ""c006""], ""mode"": ""full"", ""t"": 88.15}"
88.45,clear_blocked_by_ledger,"{""aisle"": ""aisle3"", ""reason"": ""ledger_open"", ""snapshot"": {""aisle"": ""aisle3"", ""in_n"": 4, ""out_n"": 3, ""open"": [""c011""], ""visible"": 1, ""clear"": false, ""feed_ok"": true}, ""visible"": 1, ""open"": [""c011""], ""mode"": ""full"", ""t"": 88.45}"
88.66,ledger_snapshot,"{""t"": 88.66, ""aisles"": [{""aisle"": ""aisle1"", ""in_n"": 4, ""out_n"": 4, ""open"": [], ""visible"": 0, ""clear"": true, ""feed_ok"": true}, {""aisle"": ""aisle2"", ""in_n"": 5, ""out_n"": 3, ""open"": [""c001"", ""c006""], ""visible"": 1, ""clear"": false, ""feed_ok"": true}, {""aisle"": ""aisle3"", ""in_n"": 4, ""out_n"": 3, ""open"": [""c011""], ""visible"": 1, ""clear"": false, ""feed_ok"": true}]}"
88.75,clear_blocked_by_ledger,"{""aisle"": ""aisle1"", ""reason"": ""approach"", ""snapshot"": {""aisle"": ""aisle1"", ""in_n"": 4, ""out_n"": 4, ""open"": [], ""visible"": 0, ""clear"": true, ""feed_ok"": true, ""blocker"": ""c004"", ""why"": ""approaching""}, ""visible"": 0, ""open"": [], ""mode"": ""full"", ""t"": 88.75}"
88.75,phase,"{""from"": ""scanning"", ""to"": ""retreat""}"
88.75,l6_retreat,"{""aisle"": ""aisle1"", ""reason"": ""approaching"", ""blocker"": ""c004"", ""to"": ""front"", ""n"": 1, ""mode"": ""full"", ""t"": 88.75}"
88.75,goal,"{""x"": 20.0, ""y"": 26.0, ""yaw"": 1.421, ""seq"": 3}"
89.15,ledger_clear,"{""aisle"": ""aisle1"", ""snapshot"": {""aisle"": ""aisle1"", ""in_n"": 4, ""out_n"": 4, ""open"": [], ""visible"": 0, ""clear"": true, ""feed_ok"": true}, ""mode"": ""full"", ""t"": 89.15}"
89.35,aisle_crossing,"{""aisle"": ""aisle3"", ""id"": ""c011"", ""line"": ""out"", ""dir"": ""out"", ""t"": 89.35, ""mode"": ""full""}"
89.35,clear_blocked_by_ledger,"{""aisle"": ""aisle3"", ""reason"": ""not_confirmed"", ""snapshot"": {""aisle"": ""aisle3"", ""in_n"": 4, ""out_n"": 4, ""open"": [], ""visible"": 0, ""clear"": false, ""feed_ok"": true}, ""visible"": 0, ""open"": [], ""mode"": ""full"", ""t"": 89.35}"
89.95,aisle_crossing,"{""aisle"": ""aisle3"", ""id"": ""c005"", ""line"": ""out"", ""dir"": ""in"", ""t"": 89.95, ""mode"": ""full""}"
89.95,clear_blocked_by_ledger,"{""aisle"": ""aisle3"", ""reason"": ""ledger_open"", ""snapshot"": {""aisle"": ""aisle3"", ""in_n"": 5, ""out_n"": 4, ""open"": [""c005""], ""visible"": 1, ""clear"": false, ""feed_ok"": true}, ""visible"": 1, ""open"": [""c005""], ""mode"": ""full"", ""t"": 89.95}"
90.75,ledger_snapshot,"{""t"": 90.75, ""aisles"": [{""aisle"": ""aisle1"", ""in_n"": 4, ""out_n"": 4, ""open"": [], ""visible"": 0, ""clear"": true, ""feed_ok"": true}, {""aisle"": ""aisle2"", ""in_n"": 5, ""out_n"": 3, ""open"": [""c001"", ""c006""], ""visible"": 0, ""clear"": false, ""feed_ok"": true}, {""aisle"": ""aisle3"", ""in_n"": 5, ""out_n"": 4, ""open"": [""c005""], ""visible"": 1, ""clear"": false, ""feed_ok"": true}]}"
91.85,aisle_crossing,"{""aisle"": ""aisle2"", ""id"": ""c004"", ""line"": ""out"", ""dir"": ""in"", ""t"": 91.85, ""mode"": ""full""}"
92.85,ledger_snapshot,"{""t"": 92.85, ""aisles"": [{""aisle"": ""aisle1"", ""in_n"": 4, ""out_n"": 4, ""open"": [], ""visible"": 0, ""clear"": true, ""feed_ok"": true}, {""aisle"": ""aisle2"", ""in_n"": 6, ""out_n"": 3, ""open"": [""c001"", ""c004"", ""c006""], ""visible"": 1, ""clear"": false, ""feed_ok"": true}, {""aisle"": ""aisle3"", ""in_n"": 5, ""out_n"": 4, ""open"": [""c005""], ""visible"": 0, ""clear"": false, ""feed_ok"": true}]}"
93.25,clear_blocked_by_ledger,"{""aisle"": ""aisle2"", ""reason"": ""ledger_open"", ""snapshot"": {""aisle"": ""aisle2"", ""in_n"": 6, ""out_n"": 3, ""open"": [""c001"", ""c004"", ""c006""], ""visible"": 1, ""clear"": false, ""feed_ok"": true}, ""visible"": 1, ""open"": [""c001"", ""c004"", ""c006""], ""mode"": ""full"", ""t"": 93.25}"
94.95,ledger_snapshot,"{""t"": 94.95, ""aisles"": [{""aisle"": ""aisle1"", ""in_n"": 4, ""out_n"": 4, ""open"": [], ""visible"": 0, ""clear"": true, ""feed_ok"": true}, {""aisle"": ""aisle2"", ""in_n"": 6, ""out_n"": 3, ""open"": [""c001"", ""c004"", ""c006""], ""visible"": 0, ""clear"": false, ""feed_ok"": true}, {""aisle"": ""aisle3"", ""in_n"": 5, ""out_n"": 4, ""open"": [""c005""], ""visible"": 0, ""clear"": false, ""feed_ok"": true}]}"
94.95,clear_blocked_by_ledger,"{""aisle"": ""aisle3"", ""reason"": ""ledger_open"", ""snapshot"": {""aisle"": ""aisle3"", ""in_n"": 5, ""out_n"": 4, ""open"": [""c005""], ""visible"": 0, ""clear"": false, ""feed_ok"": true}, ""visible"": 0, ""open"": [""c005""], ""mode"": ""full"", ""t"": 94.95}"
95.05,l6_resume_wait,"{""aisle"": ""aisle1"", ""end"": ""front"", ""t"": 95.05, ""mode"": ""full""}"
95.05,phase,"{""from"": ""retreat"", ""to"": ""wait_clear""}"
96.85,goal_done,"{""seq"": 3, ""status"": 4}"
97.05,ledger_snapshot,"{""t"": 97.05, ""aisles"": [{""aisle"": ""aisle1"", ""in_n"": 4, ""out_n"": 4, ""open"": [], ""visible"": 0, ""clear"": true, ""feed_ok"": true}, {""aisle"": ""aisle2"", ""in_n"": 6, ""out_n"": 3, ""open"": [""c001"", ""c004"", ""c006""], ""visible"": 0, ""clear"": false, ""feed_ok"": true}, {""aisle"": ""aisle3"", ""in_n"": 5, ""out_n"": 4, ""open"": [""c005""], ""visible"": 0, ""clear"": false, ""feed_ok"": true}]}"
97.15,phase,"{""from"": ""wait_clear"", ""to"": ""scanning""}"
97.15,aisle_enter,"{""aisle"": ""aisle1"", ""from"": ""front"", ""reason"": ""clear"", ""mode"": ""full"", ""t"": 97.15}"
97.15,goal,"{""x"": 20.0, ""y"": 2.8, ""yaw"": -1.564, ""seq"": 4}"
97.25,ledger_clear,"{""aisle"": ""aisle1"", ""snapshot"": {""aisle"": ""aisle1"", ""in_n"": 4, ""out_n"": 4, ""open"": [], ""visible"": 0, ""clear"": true, ""feed_ok"": true}, ""mode"": ""full"", ""t"": 97.25}"
98.35,clear_blocked_by_ledger,"{""aisle"": ""aisle2"", ""reason"": ""ledger_open"", ""snapshot"": {""aisle"": ""aisle2"", ""in_n"": 6, ""out_n"": 3, ""open"": [""c001"", ""c004"", ""c006""], ""visible"": 0, ""clear"": false, ""feed_ok"": true}, ""visible"": 0, ""open"": [""c001"", ""c004"", ""c006""], ""mode"": ""full"", ""t"": 98.35}"
99.05,ledger_snapshot,"{""t"": 99.05, ""aisles"": [{""aisle"": ""aisle1"", ""in_n"": 4, ""out_n"": 4, ""open"": [], ""visible"": 0, ""clear"": true, ""feed_ok"": true}, {""aisle"": ""aisle2"", ""in_n"": 6, ""out_n"": 3, ""open"": [""c001"", ""c004"", ""c006""], ""visible"": 0, ""clear"": false, ""feed_ok"": true}, {""aisle"": ""aisle3"", ""in_n"": 5, ""out_n"": 4, ""open"": [""c005""], ""visible"": 0, ""clear"": false, ""feed_ok"": true}]}"
99.95,clear_blocked_by_ledger,"{""aisle"": ""aisle3"", ""reason"": ""ledger_open"", ""snapshot"": {""aisle"": ""aisle3"", ""in_n"": 5, ""out_n"": 4, ""open"": [""c005""], ""visible"": 0, ""clear"": false, ""feed_ok"": true}, ""visible"": 0, ""open"": [""c005""], ""mode"": ""full"", ""t"": 99.95}"
101.15,ledger_snapshot,"{""t"": 101.15, ""aisles"": [{""aisle"": ""aisle1"", ""in_n"": 4, ""out_n"": 4, ""open"": [], ""visible"": 0, ""clear"": true, ""feed_ok"": true}, {""aisle"": ""aisle2"", ""in_n"": 6, ""out_n"": 3, ""open"": [""c001"", ""c004"", ""c006""], ""visible"": 0, ""clear"": false, ""feed_ok"": true}, {""aisle"": ""aisle3"", ""in_n"": 5, ""out_n"": 4, ""open"": [""c005""], ""visible"": 0, ""clear"": false, ""feed_ok"": true}]}"
103.25,ledger_snapshot,"{""t"": 103.25, ""aisles"": [{""aisle"": ""aisle1"", ""in_n"": 4, ""out_n"": 4, ""open"": [], ""visible"": 0, ""clear"": true, ""feed_ok"": true}, {""aisle"": ""aisle2"", ""in_n"": 6, ""out_n"": 3, ""open"": [""c001"", ""c004"", ""c006""], ""visible"": 0, ""clear"": false, ""feed_ok"": true}, {""aisle"": ""aisle3"", ""in_n"": 5, ""out_n"": 4, ""open"": [""c005""], ""visible"": 0, ""clear"": false, ""feed_ok"": true}]}"
103.35,clear_blocked_by_ledger,"{""aisle"": ""aisle2"", ""reason"": ""ledger_open"", ""snapshot"": {""aisle"": ""aisle2"", ""in_n"": 6, ""out_n"": 3, ""open"": [""c001"", ""c004"", ""c006""], ""visible"": 0, ""clear"": false, ""feed_ok"": true}, ""visible"": 0, ""open"": [""c001"", ""c004"", ""c006""], ""mode"": ""full"", ""t"": 103.35}"
104.97,clear_blocked_by_ledger,"{""aisle"": ""aisle3"", ""reason"": ""ledger_open"", ""snapshot"": {""aisle"": ""aisle3"", ""in_n"": 5, ""out_n"": 4, ""open"": [""c005""], ""visible"": 0, ""clear"": false, ""feed_ok"": true}, ""visible"": 0, ""open"": [""c005""], ""mode"": ""full"", ""t"": 104.97}"
105.35,ledger_snapshot,"{""t"": 105.35, ""aisles"": [{""aisle"": ""aisle1"", ""in_n"": 4, ""out_n"": 4, ""open"": [], ""visible"": 0, ""clear"": true, ""feed_ok"": true}, {""aisle"": ""aisle2"", ""in_n"": 6, ""out_n"": 3, ""open"": [""c001"", ""c004"", ""c006""], ""visible"": 0, ""clear"": false, ""feed_ok"": true}, {""aisle"": ""aisle3"", ""in_n"": 5, ""out_n"": 4, ""open"": [""c005""], ""visible"": 0, ""clear"": false, ""feed_ok"": true}]}"
107.45,ledger_snapshot,"{""t"": 107.45, ""aisles"": [{""aisle"": ""aisle1"", ""in_n"": 4, ""out_n"": 4, ""open"": [], ""visible"": 0, ""clear"": true, ""feed_ok"": true}, {""aisle"": ""aisle2"", ""in_n"": 6, ""out_n"": 3, ""open"": [""c001"", ""c004"", ""c006""], ""visible"": 0, ""clear"": false, ""feed_ok"": true}, {""aisle"": ""aisle3"", ""in_n"": 5, ""out_n"": 4, ""open"": [""c005""], ""visible"": 1, ""clear"": false, ""feed_ok"": true}]}"
107.55,aisle_crossing,"{""aisle"": ""aisle3"", ""id"": ""c005"", ""line"": ""out"", ""dir"": ""out"", ""t"": 107.55, ""mode"": ""full""}"
107.55,clear_blocked_by_ledger,"{""aisle"": ""aisle3"", ""reason"": ""not_confirmed"", ""snapshot"": {""aisle"": ""aisle3"", ""in_n"": 5, ""out_n"": 5, ""open"": [], ""visible"": 0, ""clear"": false, ""feed_ok"": true}, ""visible"": 0, ""open"": [], ""mode"": ""full"", ""t"": 107.55}"
108.45,clear_blocked_by_ledger,"{""aisle"": ""aisle2"", ""reason"": ""ledger_open"", ""snapshot"": {""aisle"": ""aisle2"", ""in_n"": 6, ""out_n"": 3, ""open"": [""c001"", ""c004"", ""c006""], ""visible"": 0, ""clear"": false, ""feed_ok"": true}, ""visible"": 0, ""open"": [""c001"", ""c004"", ""c006""], ""mode"": ""full"", ""t"": 108.45}"
109.55,ledger_snapshot,"{""t"": 109.55, ""aisles"": [{""aisle"": ""aisle1"", ""in_n"": 4, ""out_n"": 4, ""open"": [], ""visible"": 0, ""clear"": true, ""feed_ok"": true}, {""aisle"": ""aisle2"", ""in_n"": 6, ""out_n"": 3, ""open"": [""c001"", ""c004"", ""c006""], ""visible"": 0, ""clear"": false, ""feed_ok"": true}, {""aisle"": ""aisle3"", ""in_n"": 5, ""out_n"": 5, ""open"": [], ""visible"": 0, ""clear"": false, ""feed_ok"": true}]}"
111.55,ledger_snapshot,"{""t"": 111.55, ""aisles"": [{""aisle"": ""aisle1"", ""in_n"": 4, ""out_n"": 4, ""open"": [], ""visible"": 0, ""clear"": true, ""feed_ok"": true}, {""aisle"": ""aisle2"", ""in_n"": 6, ""out_n"": 3, ""open"": [""c001"", ""c004"", ""c006""], ""visible"": 0, ""clear"": false, ""feed_ok"": true}, {""aisle"": ""aisle3"", ""in_n"": 5, ""out_n"": 5, ""open"": [], ""visible"": 0, ""clear"": false, ""feed_ok"": true}]}"
112.55,clear_blocked_by_ledger,"{""aisle"": ""aisle3"", ""reason"": ""approach"", ""snapshot"": {""aisle"": ""aisle3"", ""in_n"": 5, ""out_n"": 5, ""open"": [], ""visible"": 0, ""clear"": true, ""feed_ok"": true, ""blocker"": ""c003"", ""why"": ""at_mouth""}, ""visible"": 0, ""open"": [], ""mode"": ""full"", ""t"": 112.55}"
113.55,clear_blocked_by_ledger,"{""aisle"": ""aisle2"", ""reason"": ""ledger_open"", ""snapshot"": {""aisle"": ""aisle2"", ""in_n"": 6, ""out_n"": 3, ""open"": [""c001"", ""c004"", ""c006""], ""visible"": 0, ""clear"": false, ""feed_ok"": true}, ""visible"": 0, ""open"": [""c001"", ""c004"", ""c006""], ""mode"": ""full"", ""t"": 113.55}"
113.65,ledger_snapshot,"{""t"": 113.65, ""aisles"": [{""aisle"": ""aisle1"", ""in_n"": 4, ""out_n"": 4, ""open"": [], ""visible"": 0, ""clear"": true, ""feed_ok"": true}, {""aisle"": ""aisle2"", ""in_n"": 6, ""out_n"": 3, ""open"": [""c001"", ""c004"", ""c006""], ""visible"": 0, ""clear"": false, ""feed_ok"": true}, {""aisle"": ""aisle3"", ""in_n"": 5, ""out_n"": 5, ""open"": [], ""visible"": 0, ""clear"": true, ""feed_ok"": true}]}"
115.75,ledger_snapshot,"{""t"": 115.75, ""aisles"": [{""aisle"": ""aisle1"", ""in_n"": 4, ""out_n"": 4, ""open"": [], ""visible"": 0, ""clear"": true, ""feed_ok"": true}, {""aisle"": ""aisle2"", ""in_n"": 6, ""out_n"": 3, ""open"": [""c001"", ""c004"", ""c006""], ""visible"": 0, ""clear"": false, ""feed_ok"": true}, {""aisle"": ""aisle3"", ""in_n"": 5, ""out_n"": 5, ""open"": [], ""visible"": 0, ""clear"": true, ""feed_ok"": true}]}"
117.65,clear_blocked_by_ledger,"{""aisle"": ""aisle3"", ""reason"": ""approach"", ""snapshot"": {""aisle"": ""aisle3"", ""in_n"": 5, ""out_n"": 5, ""open"": [], ""visible"": 0, ""clear"": true, ""feed_ok"": true, ""blocker"": ""c003"", ""why"": ""at_mouth""}, ""visible"": 0, ""open"": [], ""mode"": ""full"", ""t"": 117.65}"
117.75,ledger_snapshot,"{""t"": 117.75, ""aisles"": [{""aisle"": ""aisle1"", ""in_n"": 4, ""out_n"": 4, ""open"": [], ""visible"": 0, ""clear"": true, ""feed_ok"": true}, {""aisle"": ""aisle2"", ""in_n"": 6, ""out_n"": 3, ""open"": [""c001"", ""c004"", ""c006""], ""visible"": 0, ""clear"": false, ""feed_ok"": true}, {""aisle"": ""aisle3"", ""in_n"": 5, ""out_n"": 5, ""open"": [], ""visible"": 0, ""clear"": true, ""feed_ok"": true}]}"
118.65,clear_blocked_by_ledger,"{""aisle"": ""aisle2"", ""reason"": ""ledger_open"", ""snapshot"": {""aisle"": ""aisle2"", ""in_n"": 6, ""out_n"": 3, ""open"": [""c001"", ""c004"", ""c006""], ""visible"": 0, ""clear"": false, ""feed_ok"": true}, ""visible"": 0, ""open"": [""c001"", ""c004"", ""c006""], ""mode"": ""full"", ""t"": 118.65}"
119.85,ledger_snapshot,"{""t"": 119.85, ""aisles"": [{""aisle"": ""aisle1"", ""in_n"": 4, ""out_n"": 4, ""open"": [], ""visible"": 0, ""clear"": true, ""feed_ok"": true}, {""aisle"": ""aisle2"", ""in_n"": 6, ""out_n"": 3, ""open"": [""c001"", ""c004"", ""c006""], ""visible"": 0, ""clear"": false, ""feed_ok"": true}, {""aisle"": ""aisle3"", ""in_n"": 5, ""out_n"": 5, ""open"": [], ""visible"": 0, ""clear"": true, ""feed_ok"": true}]}"
121.25,aisle_scanned,"{""aisle"": ""aisle1"", ""n"": 1, ""mode"": ""full"", ""t"": 121.25, ""dur"": 24.1}"
121.25,l5_reorder,"{""picked"": ""aisle3"", ""natural"": ""aisle2"", ""n"": 1, ""mode"": ""full"", ""t"": 121.25, ""ranking"": [{""aisle"": ""aisle3"", ""open"": 0, ""visible"": 0}, {""aisle"": ""aisle2"", ""open"": 3, ""visible"": 0}]}"
121.25,dispatch,"{""aisle"": ""aisle3"", ""first"": false, ""order"": [""aisle3"", ""aisle2""], ""mode"": ""full"", ""t"": 121.25}"
121.25,phase,"{""from"": ""scanning"", ""to"": ""to_standby""}"
121.25,goal,"{""x"": 38.0, ""y"": 2.8, ""yaw"": -0.045, ""seq"": 5}"
121.85,ledger_snapshot,"{""t"": 121.85, ""aisles"": [{""aisle"": ""aisle1"", ""in_n"": 4, ""out_n"": 4, ""open"": [], ""visible"": 0, ""clear"": true, ""feed_ok"": true}, {""aisle"": ""aisle2"", ""in_n"": 6, ""out_n"": 3, ""open"": [""c001"", ""c004"", ""c006""], ""visible"": 0, ""clear"": false, ""feed_ok"": true}, {""aisle"": ""aisle3"", ""in_n"": 5, ""out_n"": 5, ""open"": [], ""visible"": 0, ""clear"": true, ""feed_ok"": true}]}"
122.75,clear_blocked_by_ledger,"{""aisle"": ""aisle3"", ""reason"": ""approach"", ""snapshot"": {""aisle"": ""aisle3"", ""in_n"": 5, ""out_n"": 5, ""open"": [], ""visible"": 0, ""clear"": true, ""feed_ok"": true, ""blocker"": ""c003"", ""why"": ""at_mouth""}, ""visible"": 0, ""open"": [], ""mode"": ""full"", ""t"": 122.75}"
123.75,clear_blocked_by_ledger,"{""aisle"": ""aisle2"", ""reason"": ""ledger_open"", ""snapshot"": {""aisle"": ""aisle2"", ""in_n"": 6, ""out_n"": 3, ""open"": [""c001"", ""c004"", ""c006""], ""visible"": 0, ""clear"": false, ""feed_ok"": true}, ""visible"": 0, ""open"": [""c001"", ""c004"", ""c006""], ""mode"": ""full"", ""t"": 123.75}"
123.95,ledger_snapshot,"{""t"": 123.95, ""aisles"": [{""aisle"": ""aisle1"", ""in_n"": 4, ""out_n"": 4, ""open"": [], ""visible"": 0, ""clear"": true, ""feed_ok"": true}, {""aisle"": ""aisle2"", ""in_n"": 6, ""out_n"": 3, ""open"": [""c001"", ""c004"", ""c006""], ""visible"": 0, ""clear"": false, ""feed_ok"": true}, {""aisle"": ""aisle3"", ""in_n"": 5, ""out_n"": 5, ""open"": [], ""visible"": 0, ""clear"": true, ""feed_ok"": true}]}"
126.05,ledger_snapshot,"{""t"": 126.05, ""aisles"": [{""aisle"": ""aisle1"", ""in_n"": 4, ""out_n"": 4, ""open"": [], ""visible"": 0, ""clear"": true, ""feed_ok"": true}, {""aisle"": ""aisle2"", ""in_n"": 6, ""out_n"": 3, ""open"": [""c001"", ""c004"", ""c006""], ""visible"": 0, ""clear"": false, ""feed_ok"": true}, {""aisle"": ""aisle3"", ""in_n"": 5, ""out_n"": 5, ""open"": [], ""visible"": 0, ""clear"": true, ""feed_ok"": true}]}"
127.85,clear_blocked_by_ledger,"{""aisle"": ""aisle3"", ""reason"": ""approach"", ""snapshot"": {""aisle"": ""aisle3"", ""in_n"": 5, ""out_n"": 5, ""open"": [], ""visible"": 0, ""clear"": true, ""feed_ok"": true, ""blocker"": ""c003"", ""why"": ""at_mouth""}, ""visible"": 0, ""open"": [], ""mode"": ""full"", ""t"": 127.85}"
128.05,ledger_snapshot,"{""t"": 128.05, ""aisles"": [{""aisle"": ""aisle1"", ""in_n"": 4, ""out_n"": 4, ""open"": [], ""visible"": 0, ""clear"": true, ""feed_ok"": true}, {""aisle"": ""aisle2"", ""in_n"": 6, ""out_n"": 3, ""open"": [""c001"", ""c004"", ""c006""], ""visible"": 0, ""clear"": false, ""feed_ok"": true}, {""aisle"": ""aisle3"", ""in_n"": 5, ""out_n"": 5, ""open"": [], ""visible"": 0, ""clear"": true, ""feed_ok"": true}]}"
128.85,clear_blocked_by_ledger,"{""aisle"": ""aisle2"", ""reason"": ""ledger_open"", ""snapshot"": {""aisle"": ""aisle2"", ""in_n"": 6, ""out_n"": 3, ""open"": [""c001"", ""c004"", ""c006""], ""visible"": 0, ""clear"": false, ""feed_ok"": true}, ""visible"": 0, ""open"": [""c001"", ""c004"", ""c006""], ""mode"": ""full"", ""t"": 128.85}"
130.05,ledger_snapshot,"{""t"": 130.05, ""aisles"": [{""aisle"": ""aisle1"", ""in_n"": 4, ""out_n"": 4, ""open"": [], ""visible"": 0, ""clear"": true, ""feed_ok"": true}, {""aisle"": ""aisle2"", ""in_n"": 6, ""out_n"": 3, ""open"": [""c001"", ""c004"", ""c006""], ""visible"": 0, ""clear"": false, ""feed_ok"": true}, {""aisle"": ""aisle3"", ""in_n"": 5, ""out_n"": 5, ""open"": [], ""visible"": 0, ""clear"": true, ""feed_ok"": true}]}"
132.15,ledger_snapshot,"{""t"": 132.15, ""aisles"": [{""aisle"": ""aisle1"", ""in_n"": 4, ""out_n"": 4, ""open"": [], ""visible"": 0, ""clear"": true, ""feed_ok"": true}, {""aisle"": ""aisle2"", ""in_n"": 6, ""out_n"": 3, ""open"": [""c001"", ""c004"", ""c006""], ""visible"": 0, ""clear"": false, ""feed_ok"": true}, {""aisle"": ""aisle3"", ""in_n"": 5, ""out_n"": 5, ""open"": [], ""visible"": 0, ""clear"": true, ""feed_ok"": true}]}"
132.95,clear_blocked_by_ledger,"{""aisle"": ""aisle3"", ""reason"": ""approach"", ""snapshot"": {""aisle"": ""aisle3"", ""in_n"": 5, ""out_n"": 5, ""open"": [], ""visible"": 0, ""clear"": true, ""feed_ok"": true, ""blocker"": ""c003"", ""why"": ""at_mouth""}, ""visible"": 0, ""open"": [], ""mode"": ""full"", ""t"": 132.95}"
133.95,clear_blocked_by_ledger,"{""aisle"": ""aisle2"", ""reason"": ""ledger_open"", ""snapshot"": {""aisle"": ""aisle2"", ""in_n"": 6, ""out_n"": 3, ""open"": [""c001"", ""c004"", ""c006""], ""visible"": 0, ""clear"": false, ""feed_ok"": true}, ""visible"": 0, ""open"": [""c001"", ""c004"", ""c006""], ""mode"": ""full"", ""t"": 133.95}"
134.25,ledger_snapshot,"{""t"": 134.25, ""aisles"": [{""aisle"": ""aisle1"", ""in_n"": 4, ""out_n"": 4, ""open"": [], ""visible"": 0, ""clear"": true, ""feed_ok"": true}, {""aisle"": ""aisle2"", ""in_n"": 6, ""out_n"": 3, ""open"": [""c001"", ""c004"", ""c006""], ""visible"": 0, ""clear"": false, ""feed_ok"": true}, {""aisle"": ""aisle3"", ""in_n"": 5, ""out_n"": 5, ""open"": [], ""visible"": 0, ""clear"": true, ""feed_ok"": true}]}"
136.25,ledger_snapshot,"{""t"": 136.25, ""aisles"": [{""aisle"": ""aisle1"", ""in_n"": 4, ""out_n"": 4, ""open"": [], ""visible"": 0, ""clear"": true, ""feed_ok"": true}, {""aisle"": ""aisle2"", ""in_n"": 6, ""out_n"": 3, ""open"": [""c001"", ""c004"", ""c006""], ""visible"": 0, ""clear"": false, ""feed_ok"": true}, {""aisle"": ""aisle3"", ""in_n"": 5, ""out_n"": 5, ""open"": [], ""visible"": 0, ""clear"": true, ""feed_ok"": true}]}"
138.05,ledger_reconciled,"{""aisle"": ""aisle2"", ""id"": ""c004"", ""t"": 138.05, ""reason"": ""seen_outside""}"
138.05,clear_blocked_by_ledger,"{""aisle"": ""aisle3"", ""reason"": ""approach"", ""snapshot"": {""aisle"": ""aisle3"", ""in_n"": 5, ""out_n"": 5, ""open"": [], ""visible"": 0, ""clear"": true, ""feed_ok"": true, ""blocker"": ""c001"", ""why"": ""approaching""}, ""visible"": 0, ""open"": [], ""mode"": ""full"", ""t"": 138.05}"
138.25,ledger_snapshot,"{""t"": 138.25, ""aisles"": [{""aisle"": ""aisle1"", ""in_n"": 4, ""out_n"": 4, ""open"": [], ""visible"": 0, ""clear"": true, ""feed_ok"": true}, {""aisle"": ""aisle2"", ""in_n"": 6, ""out_n"": 4, ""open"": [""c001"", ""c006""], ""visible"": 1, ""clear"": false, ""feed_ok"": true}, {""aisle"": ""aisle3"", ""in_n"": 5, ""out_n"": 5, ""open"": [], ""visible"": 0, ""clear"": true, ""feed_ok"": true}]}"
138.55,aisle_crossing,"{""aisle"": ""aisle2"", ""id"": ""c001"", ""line"": ""out"", ""dir"": ""out"", ""t"": 138.55, ""mode"": ""full""}"
138.95,clear_blocked_by_ledger,"{""aisle"": ""aisle2"", ""reason"": ""ledger_open"", ""snapshot"": {""aisle"": ""aisle2"", ""in_n"": 6, ""out_n"": 5, ""open"": [""c006""], ""visible"": 0, ""clear"": false, ""feed_ok"": true}, ""visible"": 0, ""open"": [""c006""], ""mode"": ""full"", ""t"": 138.95}"
140.25,ledger_snapshot,"{""t"": 140.25, ""aisles"": [{""aisle"": ""aisle1"", ""in_n"": 4, ""out_n"": 4, ""open"": [], ""visible"": 0, ""clear"": true, ""feed_ok"": true}, {""aisle"": ""aisle2"", ""in_n"": 6, ""out_n"": 5, ""open"": [""c006""], ""visible"": 0, ""clear"": false, ""feed_ok"": true}, {""aisle"": ""aisle3"", ""in_n"": 5, ""out_n"": 5, ""open"": [], ""visible"": 0, ""clear"": true, ""feed_ok"": true}]}"
141.55,phase,"{""from"": ""to_standby"", ""to"": ""wait_clear""}"
141.55,at_standby,"{""aisle"": ""aisle3"", ""end"": ""back"", ""mode"": ""full"", ""t"": 141.55}"
142.35,ledger_snapshot,"{""t"": 142.35, ""aisles"": [{""aisle"": ""aisle1"", ""in_n"": 4, ""out_n"": 4, ""open"": [], ""visible"": 0, ""clear"": true, ""feed_ok"": true}, {""aisle"": ""aisle2"", ""in_n"": 6, ""out_n"": 5, ""open"": [""c006""], ""visible"": 0, ""clear"": false, ""feed_ok"": true}, {""aisle"": ""aisle3"", ""in_n"": 5, ""out_n"": 5, ""open"": [], ""visible"": 0, ""clear"": true, ""feed_ok"": true}]}"
143.15,clear_blocked_by_ledger,"{""aisle"": ""aisle3"", ""reason"": ""approach"", ""snapshot"": {""aisle"": ""aisle3"", ""in_n"": 5, ""out_n"": 5, ""open"": [], ""visible"": 0, ""clear"": true, ""feed_ok"": true, ""blocker"": ""c004"", ""why"": ""at_mouth""}, ""visible"": 0, ""open"": [], ""mode"": ""full"", ""t"": 143.15}"
143.35,goal_done,"{""seq"": 5, ""status"": 4}"
143.75,ledger_clear,"{""aisle"": ""aisle3"", ""snapshot"": {""aisle"": ""aisle3"", ""in_n"": 5, ""out_n"": 5, ""open"": [], ""visible"": 0, ""clear"": true, ""feed_ok"": true}, ""mode"": ""full"", ""t"": 143.75}"
143.95,clear_blocked_by_ledger,"{""aisle"": ""aisle2"", ""reason"": ""ledger_open"", ""snapshot"": {""aisle"": ""aisle2"", ""in_n"": 6, ""out_n"": 5, ""open"": [""c006""], ""visible"": 0, ""clear"": false, ""feed_ok"": true}, ""visible"": 0, ""open"": [""c006""], ""mode"": ""full"", ""t"": 143.95}"
144.45,ledger_snapshot,"{""t"": 144.45, ""aisles"": [{""aisle"": ""aisle1"", ""in_n"": 4, ""out_n"": 4, ""open"": [], ""visible"": 0, ""clear"": true, ""feed_ok"": true}, {""aisle"": ""aisle2"", ""in_n"": 6, ""out_n"": 5, ""open"": [""c006""], ""visible"": 0, ""clear"": false, ""feed_ok"": true}, {""aisle"": ""aisle3"", ""in_n"": 5, ""out_n"": 5, ""open"": [], ""visible"": 0, ""clear"": true, ""feed_ok"": true}]}"
144.95,clear_blocked_by_ledger,"{""aisle"": ""aisle3"", ""reason"": ""approach"", ""snapshot"": {""aisle"": ""aisle3"", ""in_n"": 5, ""out_n"": 5, ""open"": [], ""visible"": 0, ""clear"": true, ""feed_ok"": true, ""blocker"": ""c001"", ""why"": ""at_mouth""}, ""visible"": 0, ""open"": [], ""mode"": ""full"", ""t"": 144.95}"
146.45,ledger_snapshot,"{""t"": 146.45, ""aisles"": [{""aisle"": ""aisle1"", ""in_n"": 4, ""out_n"": 4, ""open"": [], ""visible"": 0, ""clear"": true, ""feed_ok"": true}, {""aisle"": ""aisle2"", ""in_n"": 6, ""out_n"": 5, ""open"": [""c006""], ""visible"": 0, ""clear"": false, ""feed_ok"": true}, {""aisle"": ""aisle3"", ""in_n"": 5, ""out_n"": 5, ""open"": [], ""visible"": 0, ""clear"": true, ""feed_ok"": true}]}"
148.55,ledger_snapshot,"{""t"": 148.55, ""aisles"": [{""aisle"": ""aisle1"", ""in_n"": 4, ""out_n"": 4, ""open"": [], ""visible"": 0, ""clear"": true, ""feed_ok"": true}, {""aisle"": ""aisle2"", ""in_n"": 6, ""out_n"": 5, ""open"": [""c006""], ""visible"": 1, ""clear"": false, ""feed_ok"": true}, {""aisle"": ""aisle3"", ""in_n"": 5, ""out_n"": 5, ""open"": [], ""visible"": 0, ""clear"": true, ""feed_ok"": true}]}"
149.05,clear_blocked_by_ledger,"{""aisle"": ""aisle2"", ""reason"": ""ledger_open"", ""snapshot"": {""aisle"": ""aisle2"", ""in_n"": 6, ""out_n"": 5, ""open"": [""c006""], ""visible"": 1, ""clear"": false, ""feed_ok"": true}, ""visible"": 1, ""open"": [""c006""], ""mode"": ""full"", ""t"": 149.05}"
149.75,aisle_crossing,"{""aisle"": ""aisle2"", ""id"": ""c006"", ""line"": ""out"", ""dir"": ""out"", ""t"": 149.75, ""mode"": ""full""}"
149.75,clear_blocked_by_ledger,"{""aisle"": ""aisle2"", ""reason"": ""not_confirmed"", ""snapshot"": {""aisle"": ""aisle2"", ""in_n"": 6, ""out_n"": 6, ""open"": [], ""visible"": 0, ""clear"": false, ""feed_ok"": true}, ""visible"": 0, ""open"": [], ""mode"": ""full"", ""t"": 149.75}"
150.05,clear_blocked_by_ledger,"{""aisle"": ""aisle3"", ""reason"": ""approach"", ""snapshot"": {""aisle"": ""aisle3"", ""in_n"": 5, ""out_n"": 5, ""open"": [], ""visible"": 0, ""clear"": true, ""feed_ok"": true, ""blocker"": ""c001"", ""why"": ""at_mouth""}, ""visible"": 0, ""open"": [], ""mode"": ""full"", ""t"": 150.05}"
150.55,ledger_snapshot,"{""t"": 150.55, ""aisles"": [{""aisle"": ""aisle1"", ""in_n"": 4, ""out_n"": 4, ""open"": [], ""visible"": 0, ""clear"": true, ""feed_ok"": true}, {""aisle"": ""aisle2"", ""in_n"": 6, ""out_n"": 6, ""open"": [], ""visible"": 0, ""clear"": false, ""feed_ok"": true}, {""aisle"": ""aisle3"", ""in_n"": 5, ""out_n"": 5, ""open"": [], ""visible"": 0, ""clear"": true, ""feed_ok"": true}]}"
152.65,ledger_snapshot,"{""t"": 152.65, ""aisles"": [{""aisle"": ""aisle1"", ""in_n"": 4, ""out_n"": 4, ""open"": [], ""visible"": 0, ""clear"": true, ""feed_ok"": true}, {""aisle"": ""aisle2"", ""in_n"": 6, ""out_n"": 6, ""open"": [], ""visible"": 0, ""clear"": false, ""feed_ok"": true}, {""aisle"": ""aisle3"", ""in_n"": 5, ""out_n"": 5, ""open"": [], ""visible"": 0, ""clear"": true, ""feed_ok"": true}]}"
154.75,ledger_snapshot,"{""t"": 154.75, ""aisles"": [{""aisle"": ""aisle1"", ""in_n"": 4, ""out_n"": 4, ""open"": [], ""visible"": 0, ""clear"": true, ""feed_ok"": true}, {""aisle"": ""aisle2"", ""in_n"": 6, ""out_n"": 6, ""open"": [], ""visible"": 0, ""clear"": false, ""feed_ok"": true}, {""aisle"": ""aisle3"", ""in_n"": 5, ""out_n"": 5, ""open"": [], ""visible"": 0, ""clear"": true, ""feed_ok"": true}]}"
154.85,clear_blocked_by_ledger,"{""aisle"": ""aisle2"", ""reason"": ""approach"", ""snapshot"": {""aisle"": ""aisle2"", ""in_n"": 6, ""out_n"": 6, ""open"": [], ""visible"": 0, ""clear"": true, ""feed_ok"": true, ""blocker"": ""c006"", ""why"": ""at_mouth""}, ""visible"": 0, ""open"": [], ""mode"": ""full"", ""t"": 154.85}"
155.15,clear_blocked_by_ledger,"{""aisle"": ""aisle3"", ""reason"": ""approach"", ""snapshot"": {""aisle"": ""aisle3"", ""in_n"": 5, ""out_n"": 5, ""open"": [], ""visible"": 0, ""clear"": true, ""feed_ok"": true, ""blocker"": ""c001"", ""why"": ""at_mouth""}, ""visible"": 0, ""open"": [], ""mode"": ""full"", ""t"": 155.15}"
156.75,ledger_snapshot,"{""t"": 156.75, ""aisles"": [{""aisle"": ""aisle1"", ""in_n"": 4, ""out_n"": 4, ""open"": [], ""visible"": 0, ""clear"": true, ""feed_ok"": true}, {""aisle"": ""aisle2"", ""in_n"": 6, ""out_n"": 6, ""open"": [], ""visible"": 0, ""clear"": true, ""feed_ok"": true}, {""aisle"": ""aisle3"", ""in_n"": 5, ""out_n"": 5, ""open"": [], ""visible"": 0, ""clear"": true, ""feed_ok"": true}]}"
157.15,ledger_clear,"{""aisle"": ""aisle2"", ""snapshot"": {""aisle"": ""aisle2"", ""in_n"": 6, ""out_n"": 6, ""open"": [], ""visible"": 0, ""clear"": true, ""feed_ok"": true}, ""mode"": ""full"", ""t"": 157.15}"
158.75,ledger_snapshot,"{""t"": 158.75, ""aisles"": [{""aisle"": ""aisle1"", ""in_n"": 4, ""out_n"": 4, ""open"": [], ""visible"": 0, ""clear"": true, ""feed_ok"": true}, {""aisle"": ""aisle2"", ""in_n"": 6, ""out_n"": 6, ""open"": [], ""visible"": 0, ""clear"": true, ""feed_ok"": true}, {""aisle"": ""aisle3"", ""in_n"": 5, ""out_n"": 5, ""open"": [], ""visible"": 0, ""clear"": true, ""feed_ok"": true}]}"
160.15,clear_blocked_by_ledger,"{""aisle"": ""aisle3"", ""reason"": ""approach"", ""snapshot"": {""aisle"": ""aisle3"", ""in_n"": 5, ""out_n"": 5, ""open"": [], ""visible"": 0, ""clear"": true, ""feed_ok"": true, ""blocker"": ""c001"", ""why"": ""at_mouth""}, ""visible"": 0, ""open"": [], ""mode"": ""full"", ""t"": 160.15}"
160.85,ledger_snapshot,"{""t"": 160.85, ""aisles"": [{""aisle"": ""aisle1"", ""in_n"": 4, ""out_n"": 4, ""open"": [], ""visible"": 0, ""clear"": true, ""feed_ok"": true}, {""aisle"": ""aisle2"", ""in_n"": 6, ""out_n"": 6, ""open"": [], ""visible"": 0, ""clear"": true, ""feed_ok"": true}, {""aisle"": ""aisle3"", ""in_n"": 5, ""out_n"": 5, ""open"": [], ""visible"": 0, ""clear"": true, ""feed_ok"": true}]}"
162.95,ledger_snapshot,"{""t"": 162.95, ""aisles"": [{""aisle"": ""aisle1"", ""in_n"": 4, ""out_n"": 4, ""open"": [], ""visible"": 0, ""clear"": true, ""feed_ok"": true}, {""aisle"": ""aisle2"", ""in_n"": 6, ""out_n"": 6, ""open"": [], ""visible"": 0, ""clear"": true, ""feed_ok"": true}, {""aisle"": ""aisle3"", ""in_n"": 5, ""out_n"": 5, ""open"": [], ""visible"": 0, ""clear"": true, ""feed_ok"": true}]}"
164.95,ledger_snapshot,"{""t"": 164.95, ""aisles"": [{""aisle"": ""aisle1"", ""in_n"": 4, ""out_n"": 4, ""open"": [], ""visible"": 0, ""clear"": true, ""feed_ok"": true}, {""aisle"": ""aisle2"", ""in_n"": 6, ""out_n"": 6, ""open"": [], ""visible"": 0, ""clear"": true, ""feed_ok"": true}, {""aisle"": ""aisle3"", ""in_n"": 5, ""out_n"": 5, ""open"": [], ""visible"": 0, ""clear"": true, ""feed_ok"": true}]}"
165.25,clear_blocked_by_ledger,"{""aisle"": ""aisle3"", ""reason"": ""approach"", ""snapshot"": {""aisle"": ""aisle3"", ""in_n"": 5, ""out_n"": 5, ""open"": [], ""visible"": 0, ""clear"": true, ""feed_ok"": true, ""blocker"": ""c001"", ""why"": ""at_mouth""}, ""visible"": 0, ""open"": [], ""mode"": ""full"", ""t"": 165.25}"
167.05,ledger_snapshot,"{""t"": 167.05, ""aisles"": [{""aisle"": ""aisle1"", ""in_n"": 4, ""out_n"": 4, ""open"": [], ""visible"": 0, ""clear"": true, ""feed_ok"": true}, {""aisle"": ""aisle2"", ""in_n"": 6, ""out_n"": 6, ""open"": [], ""visible"": 0, ""clear"": true, ""feed_ok"": true}, {""aisle"": ""aisle3"", ""in_n"": 5, ""out_n"": 5, ""open"": [], ""visible"": 0, ""clear"": true, ""feed_ok"": true}]}"
169.15,ledger_snapshot,"{""t"": 169.15, ""aisles"": [{""aisle"": ""aisle1"", ""in_n"": 4, ""out_n"": 4, ""open"": [], ""visible"": 0, ""clear"": true, ""feed_ok"": true}, {""aisle"": ""aisle2"", ""in_n"": 6, ""out_n"": 6, ""open"": [], ""visible"": 0, ""clear"": true, ""feed_ok"": true}, {""aisle"": ""aisle3"", ""in_n"": 5, ""out_n"": 5, ""open"": [], ""visible"": 0, ""clear"": true, ""feed_ok"": true}]}"
170.35,clear_blocked_by_ledger,"{""aisle"": ""aisle3"", ""reason"": ""approach"", ""snapshot"": {""aisle"": ""aisle3"", ""in_n"": 5, ""out_n"": 5, ""open"": [], ""visible"": 0, ""clear"": true, ""feed_ok"": true, ""blocker"": ""c006"", ""why"": ""at_mouth""}, ""visible"": 0, ""open"": [], ""mode"": ""full"", ""t"": 170.35}"
171.15,ledger_snapshot,"{""t"": 171.15, ""aisles"": [{""aisle"": ""aisle1"", ""in_n"": 4, ""out_n"": 4, ""open"": [], ""visible"": 0, ""clear"": true, ""feed_ok"": true}, {""aisle"": ""aisle2"", ""in_n"": 6, ""out_n"": 6, ""open"": [], ""visible"": 0, ""clear"": true, ""feed_ok"": true}, {""aisle"": ""aisle3"", ""in_n"": 5, ""out_n"": 5, ""open"": [], ""visible"": 0, ""clear"": true, ""feed_ok"": true}]}"
173.25,ledger_snapshot,"{""t"": 173.25, ""aisles"": [{""aisle"": ""aisle1"", ""in_n"": 4, ""out_n"": 4, ""open"": [], ""visible"": 0, ""clear"": true, ""feed_ok"": true}, {""aisle"": ""aisle2"", ""in_n"": 6, ""out_n"": 6, ""open"": [], ""visible"": 0, ""clear"": true, ""feed_ok"": true}, {""aisle"": ""aisle3"", ""in_n"": 5, ""out_n"": 5, ""open"": [], ""visible"": 0, ""clear"": true, ""feed_ok"": true}]}"
175.35,ledger_snapshot,"{""t"": 175.35, ""aisles"": [{""aisle"": ""aisle1"", ""in_n"": 4, ""out_n"": 4, ""open"": [], ""visible"": 0, ""clear"": true, ""feed_ok"": true}, {""aisle"": ""aisle2"", ""in_n"": 6, ""out_n"": 6, ""open"": [], ""visible"": 0, ""clear"": true, ""feed_ok"": true}, {""aisle"": ""aisle3"", ""in_n"": 5, ""out_n"": 5, ""open"": [], ""visible"": 0, ""clear"": true, ""feed_ok"": true}]}"
175.45,clear_blocked_by_ledger,"{""aisle"": ""aisle3"", ""reason"": ""approach"", ""snapshot"": {""aisle"": ""aisle3"", ""in_n"": 5, ""out_n"": 5, ""open"": [], ""visible"": 0, ""clear"": true, ""feed_ok"": true, ""blocker"": ""c006"", ""why"": ""at_mouth""}, ""visible"": 0, ""open"": [], ""mode"": ""full"", ""t"": 175.45}"
176.55,ledger_clear,"{""aisle"": ""aisle3"", ""snapshot"": {""aisle"": ""aisle3"", ""in_n"": 5, ""out_n"": 5, ""open"": [], ""visible"": 0, ""clear"": true, ""feed_ok"": true}, ""mode"": ""full"", ""t"": 176.55}"
177.35,ledger_snapshot,"{""t"": 177.35, ""aisles"": [{""aisle"": ""aisle1"", ""in_n"": 4, ""out_n"": 4, ""open"": [], ""visible"": 0, ""clear"": true, ""feed_ok"": true}, {""aisle"": ""aisle2"", ""in_n"": 6, ""out_n"": 6, ""open"": [], ""visible"": 0, ""clear"": true, ""feed_ok"": true}, {""aisle"": ""aisle3"", ""in_n"": 5, ""out_n"": 5, ""open"": [], ""visible"": 0, ""clear"": true, ""feed_ok"": true}]}"
178.55,phase,"{""from"": ""wait_clear"", ""to"": ""scanning""}"
178.55,aisle_enter,"{""aisle"": ""aisle3"", ""from"": ""back"", ""reason"": ""clear"", ""mode"": ""full"", ""t"": 178.55}"
178.55,goal,"{""x"": 38.0, ""y"": 26.0, ""yaw"": 1.562, ""seq"": 6}"
178.65,ledger_clear,"{""aisle"": ""aisle3"", ""snapshot"": {""aisle"": ""aisle3"", ""in_n"": 5, ""out_n"": 5, ""open"": [], ""visible"": 0, ""clear"": true, ""feed_ok"": true}, ""mode"": ""full"", ""t"": 178.65}"
179.45,ledger_snapshot,"{""t"": 179.45, ""aisles"": [{""aisle"": ""aisle1"", ""in_n"": 4, ""out_n"": 4, ""open"": [], ""visible"": 0, ""clear"": true, ""feed_ok"": true}, {""aisle"": ""aisle2"", ""in_n"": 6, ""out_n"": 6, ""open"": [], ""visible"": 0, ""clear"": true, ""feed_ok"": true}, {""aisle"": ""aisle3"", ""in_n"": 5, ""out_n"": 5, ""open"": [], ""visible"": 0, ""clear"": true, ""feed_ok"": true}]}"
181.55,ledger_snapshot,"{""t"": 181.55, ""aisles"": [{""aisle"": ""aisle1"", ""in_n"": 4, ""out_n"": 4, ""open"": [], ""visible"": 0, ""clear"": true, ""feed_ok"": true}, {""aisle"": ""aisle2"", ""in_n"": 6, ""out_n"": 6, ""open"": [], ""visible"": 0, ""clear"": true, ""feed_ok"": true}, {""aisle"": ""aisle3"", ""in_n"": 5, ""out_n"": 5, ""open"": [], ""visible"": 0, ""clear"": true, ""feed_ok"": true}]}"
183.65,ledger_snapshot,"{""t"": 183.65, ""aisles"": [{""aisle"": ""aisle1"", ""in_n"": 4, ""out_n"": 4, ""open"": [], ""visible"": 0, ""clear"": true, ""feed_ok"": true}, {""aisle"": ""aisle2"", ""in_n"": 6, ""out_n"": 6, ""open"": [], ""visible"": 0, ""clear"": true, ""feed_ok"": true}, {""aisle"": ""aisle3"", ""in_n"": 5, ""out_n"": 5, ""open"": [], ""visible"": 0, ""clear"": true, ""feed_ok"": true}]}"
185.65,ledger_snapshot,"{""t"": 185.65, ""aisles"": [{""aisle"": ""aisle1"", ""in_n"": 4, ""out_n"": 4, ""open"": [], ""visible"": 0, ""clear"": true, ""feed_ok"": true}, {""aisle"": ""aisle2"", ""in_n"": 6, ""out_n"": 6, ""open"": [], ""visible"": 0, ""clear"": true, ""feed_ok"": true}, {""aisle"": ""aisle3"", ""in_n"": 5, ""out_n"": 5, ""open"": [], ""visible"": 0, ""clear"": true, ""feed_ok"": true}]}"
187.75,ledger_snapshot,"{""t"": 187.75, ""aisles"": [{""aisle"": ""aisle1"", ""in_n"": 4, ""out_n"": 4, ""open"": [], ""visible"": 0, ""clear"": true, ""feed_ok"": true}, {""aisle"": ""aisle2"", ""in_n"": 6, ""out_n"": 6, ""open"": [], ""visible"": 0, ""clear"": true, ""feed_ok"": true}, {""aisle"": ""aisle3"", ""in_n"": 5, ""out_n"": 5, ""open"": [], ""visible"": 0, ""clear"": true, ""feed_ok"": true}]}"
189.75,ledger_snapshot,"{""t"": 189.75, ""aisles"": [{""aisle"": ""aisle1"", ""in_n"": 4, ""out_n"": 4, ""open"": [], ""visible"": 0, ""clear"": true, ""feed_ok"": true}, {""aisle"": ""aisle2"", ""in_n"": 6, ""out_n"": 6, ""open"": [], ""visible"": 0, ""clear"": true, ""feed_ok"": true}, {""aisle"": ""aisle3"", ""in_n"": 5, ""out_n"": 5, ""open"": [], ""visible"": 0, ""clear"": true, ""feed_ok"": true}]}"
191.85,ledger_snapshot,"{""t"": 191.85, ""aisles"": [{""aisle"": ""aisle1"", ""in_n"": 4, ""out_n"": 4, ""open"": [], ""visible"": 0, ""clear"": true, ""feed_ok"": true}, {""aisle"": ""aisle2"", ""in_n"": 6, ""out_n"": 6, ""open"": [], ""visible"": 0, ""clear"": true, ""feed_ok"": true}, {""aisle"": ""aisle3"", ""in_n"": 5, ""out_n"": 5, ""open"": [], ""visible"": 0, ""clear"": true, ""feed_ok"": true}]}"
193.85,ledger_snapshot,"{""t"": 193.85, ""aisles"": [{""aisle"": ""aisle1"", ""in_n"": 4, ""out_n"": 4, ""open"": [], ""visible"": 0, ""clear"": true, ""feed_ok"": true}, {""aisle"": ""aisle2"", ""in_n"": 6, ""out_n"": 6, ""open"": [], ""visible"": 0, ""clear"": true, ""feed_ok"": true}, {""aisle"": ""aisle3"", ""in_n"": 5, ""out_n"": 5, ""open"": [], ""visible"": 0, ""clear"": true, ""feed_ok"": true}]}"
195.85,ledger_snapshot,"{""t"": 195.85, ""aisles"": [{""aisle"": ""aisle1"", ""in_n"": 4, ""out_n"": 4, ""open"": [], ""visible"": 0, ""clear"": true, ""feed_ok"": true}, {""aisle"": ""aisle2"", ""in_n"": 6, ""out_n"": 6, ""open"": [], ""visible"": 0, ""clear"": true, ""feed_ok"": true}, {""aisle"": ""aisle3"", ""in_n"": 5, ""out_n"": 5, ""open"": [], ""visible"": 0, ""clear"": true, ""feed_ok"": true}]}"
197.95,ledger_snapshot,"{""t"": 197.95, ""aisles"": [{""aisle"": ""aisle1"", ""in_n"": 4, ""out_n"": 4, ""open"": [], ""visible"": 0, ""clear"": true, ""feed_ok"": true}, {""aisle"": ""aisle2"", ""in_n"": 6, ""out_n"": 6, ""open"": [], ""visible"": 0, ""clear"": true, ""feed_ok"": true}, {""aisle"": ""aisle3"", ""in_n"": 5, ""out_n"": 5, ""open"": [], ""visible"": 0, ""clear"": true, ""feed_ok"": true}]}"
199.05,aisle_scanned,"{""aisle"": ""aisle3"", ""n"": 2, ""mode"": ""full"", ""t"": 199.05, ""dur"": 20.5}"
199.05,dispatch,"{""aisle"": ""aisle2"", ""first"": false, ""order"": [""aisle2""], ""mode"": ""full"", ""t"": 199.05}"
199.05,phase,"{""from"": ""scanning"", ""to"": ""to_standby""}"
199.05,goal,"{""x"": 29.0, ""y"": 26.0, ""yaw"": 3.049, ""seq"": 7}"
199.95,ledger_snapshot,"{""t"": 199.95, ""aisles"": [{""aisle"": ""aisle1"", ""in_n"": 4, ""out_n"": 4, ""open"": [], ""visible"": 0, ""clear"": true, ""feed_ok"": true}, {""aisle"": ""aisle2"", ""in_n"": 6, ""out_n"": 6, ""open"": [], ""visible"": 0, ""clear"": true, ""feed_ok"": true}, {""aisle"": ""aisle3"", ""in_n"": 5, ""out_n"": 5, ""open"": [], ""visible"": 0, ""clear"": true, ""feed_ok"": true}]}"
202.05,ledger_snapshot,"{""t"": 202.05, ""aisles"": [{""aisle"": ""aisle1"", ""in_n"": 4, ""out_n"": 4, ""open"": [], ""visible"": 0, ""clear"": true, ""feed_ok"": true}, {""aisle"": ""aisle2"", ""in_n"": 6, ""out_n"": 6, ""open"": [], ""visible"": 0, ""clear"": true, ""feed_ok"": true}, {""aisle"": ""aisle3"", ""in_n"": 5, ""out_n"": 5, ""open"": [], ""visible"": 0, ""clear"": true, ""feed_ok"": true}]}"
204.05,ledger_snapshot,"{""t"": 204.05, ""aisles"": [{""aisle"": ""aisle1"", ""in_n"": 4, ""out_n"": 4, ""open"": [], ""visible"": 0, ""clear"": true, ""feed_ok"": true}, {""aisle"": ""aisle2"", ""in_n"": 6, ""out_n"": 6, ""open"": [], ""visible"": 0, ""clear"": true, ""feed_ok"": true}, {""aisle"": ""aisle3"", ""in_n"": 5, ""out_n"": 5, ""open"": [], ""visible"": 0, ""clear"": true, ""feed_ok"": true}]}"
206.15,ledger_snapshot,"{""t"": 206.15, ""aisles"": [{""aisle"": ""aisle1"", ""in_n"": 4, ""out_n"": 4, ""open"": [], ""visible"": 0, ""clear"": true, ""feed_ok"": true}, {""aisle"": ""aisle2"", ""in_n"": 6, ""out_n"": 6, ""open"": [], ""visible"": 0, ""clear"": true, ""feed_ok"": true}, {""aisle"": ""aisle3"", ""in_n"": 5, ""out_n"": 5, ""open"": [], ""visible"": 0, ""clear"": true, ""feed_ok"": true}]}"
207.55,phase,"{""from"": ""to_standby"", ""to"": ""wait_clear""}"
207.55,at_standby,"{""aisle"": ""aisle2"", ""end"": ""front"", ""mode"": ""full"", ""t"": 207.55}"
208.25,ledger_snapshot,"{""t"": 208.25, ""aisles"": [{""aisle"": ""aisle1"", ""in_n"": 4, ""out_n"": 4, ""open"": [], ""visible"": 0, ""clear"": true, ""feed_ok"": true}, {""aisle"": ""aisle2"", ""in_n"": 6, ""out_n"": 6, ""open"": [], ""visible"": 0, ""clear"": true, ""feed_ok"": true}, {""aisle"": ""aisle3"", ""in_n"": 5, ""out_n"": 5, ""open"": [], ""visible"": 0, ""clear"": true, ""feed_ok"": true}]}"
209.25,goal_done,"{""seq"": 7, ""status"": 4}"
209.75,phase,"{""from"": ""wait_clear"", ""to"": ""scanning""}"
209.75,aisle_enter,"{""aisle"": ""aisle2"", ""from"": ""front"", ""reason"": ""clear"", ""mode"": ""full"", ""t"": 209.75}"
209.75,goal,"{""x"": 29.0, ""y"": 2.8, ""yaw"": -1.579, ""seq"": 8}"
209.85,ledger_clear,"{""aisle"": ""aisle2"", ""snapshot"": {""aisle"": ""aisle2"", ""in_n"": 6, ""out_n"": 6, ""open"": [], ""visible"": 0, ""clear"": true, ""feed_ok"": true}, ""mode"": ""full"", ""t"": 209.85}"
210.25,ledger_snapshot,"{""t"": 210.25, ""aisles"": [{""aisle"": ""aisle1"", ""in_n"": 4, ""out_n"": 4, ""open"": [], ""visible"": 0, ""clear"": true, ""feed_ok"": true}, {""aisle"": ""aisle2"", ""in_n"": 6, ""out_n"": 6, ""open"": [], ""visible"": 0, ""clear"": true, ""feed_ok"": true}, {""aisle"": ""aisle3"", ""in_n"": 5, ""out_n"": 5, ""open"": [], ""visible"": 0, ""clear"": true, ""feed_ok"": true}]}"
212.35,ledger_snapshot,"{""t"": 212.35, ""aisles"": [{""aisle"": ""aisle1"", ""in_n"": 4, ""out_n"": 4, ""open"": [], ""visible"": 0, ""clear"": true, ""feed_ok"": true}, {""aisle"": ""aisle2"", ""in_n"": 6, ""out_n"": 6, ""open"": [], ""visible"": 0, ""clear"": true, ""feed_ok"": true}, {""aisle"": ""aisle3"", ""in_n"": 5, ""out_n"": 5, ""open"": [], ""visible"": 0, ""clear"": true, ""feed_ok"": true}]}"
214.45,ledger_snapshot,"{""t"": 214.45, ""aisles"": [{""aisle"": ""aisle1"", ""in_n"": 4, ""out_n"": 4, ""open"": [], ""visible"": 0, ""clear"": true, ""feed_ok"": true}, {""aisle"": ""aisle2"", ""in_n"": 6, ""out_n"": 6, ""open"": [], ""visible"": 0, ""clear"": true, ""feed_ok"": true}, {""aisle"": ""aisle3"", ""in_n"": 5, ""out_n"": 5, ""open"": [], ""visible"": 0, ""clear"": true, ""feed_ok"": true}]}"
216.45,ledger_snapshot,"{""t"": 216.45, ""aisles"": [{""aisle"": ""aisle1"", ""in_n"": 4, ""out_n"": 4, ""open"": [], ""visible"": 0, ""clear"": true, ""feed_ok"": true}, {""aisle"": ""aisle2"", ""in_n"": 6, ""out_n"": 6, ""open"": [], ""visible"": 0, ""clear"": true, ""feed_ok"": true}, {""aisle"": ""aisle3"", ""in_n"": 5, ""out_n"": 5, ""open"": [], ""visible"": 0, ""clear"": true, ""feed_ok"": true}]}"
218.55,ledger_snapshot,"{""t"": 218.55, ""aisles"": [{""aisle"": ""aisle1"", ""in_n"": 4, ""out_n"": 4, ""open"": [], ""visible"": 0, ""clear"": true, ""feed_ok"": true}, {""aisle"": ""aisle2"", ""in_n"": 6, ""out_n"": 6, ""open"": [], ""visible"": 0, ""clear"": true, ""feed_ok"": true}, {""aisle"": ""aisle3"", ""in_n"": 5, ""out_n"": 5, ""open"": [], ""visible"": 0, ""clear"": true, ""feed_ok"": true}]}"
220.65,ledger_snapshot,"{""t"": 220.65, ""aisles"": [{""aisle"": ""aisle1"", ""in_n"": 4, ""out_n"": 4, ""open"": [], ""visible"": 0, ""clear"": true, ""feed_ok"": true}, {""aisle"": ""aisle2"", ""in_n"": 6, ""out_n"": 6, ""open"": [], ""visible"": 0, ""clear"": true, ""feed_ok"": true}, {""aisle"": ""aisle3"", ""in_n"": 5, ""out_n"": 5, ""open"": [], ""visible"": 0, ""clear"": true, ""feed_ok"": true}]}"
222.75,ledger_snapshot,"{""t"": 222.75, ""aisles"": [{""aisle"": ""aisle1"", ""in_n"": 4, ""out_n"": 4, ""open"": [], ""visible"": 0, ""clear"": true, ""feed_ok"": true}, {""aisle"": ""aisle2"", ""in_n"": 6, ""out_n"": 6, ""open"": [], ""visible"": 0, ""clear"": true, ""feed_ok"": true}, {""aisle"": ""aisle3"", ""in_n"": 5, ""out_n"": 5, ""open"": [], ""visible"": 0, ""clear"": true, ""feed_ok"": true}]}"
224.85,ledger_snapshot,"{""t"": 224.85, ""aisles"": [{""aisle"": ""aisle1"", ""in_n"": 4, ""out_n"": 4, ""open"": [], ""visible"": 0, ""clear"": true, ""feed_ok"": true}, {""aisle"": ""aisle2"", ""in_n"": 6, ""out_n"": 6, ""open"": [], ""visible"": 0, ""clear"": true, ""feed_ok"": true}, {""aisle"": ""aisle3"", ""in_n"": 5, ""out_n"": 5, ""open"": [], ""visible"": 0, ""clear"": true, ""feed_ok"": true}]}"
226.95,ledger_snapshot,"{""t"": 226.95, ""aisles"": [{""aisle"": ""aisle1"", ""in_n"": 4, ""out_n"": 4, ""open"": [], ""visible"": 0, ""clear"": true, ""feed_ok"": true}, {""aisle"": ""aisle2"", ""in_n"": 6, ""out_n"": 6, ""open"": [], ""visible"": 0, ""clear"": true, ""feed_ok"": true}, {""aisle"": ""aisle3"", ""in_n"": 5, ""out_n"": 5, ""open"": [], ""visible"": 0, ""clear"": true, ""feed_ok"": true}]}"
229.05,ledger_snapshot,"{""t"": 229.05, ""aisles"": [{""aisle"": ""aisle1"", ""in_n"": 4, ""out_n"": 4, ""open"": [], ""visible"": 0, ""clear"": true, ""feed_ok"": true}, {""aisle"": ""aisle2"", ""in_n"": 6, ""out_n"": 6, ""open"": [], ""visible"": 0, ""clear"": true, ""feed_ok"": true}, {""aisle"": ""aisle3"", ""in_n"": 5, ""out_n"": 5, ""open"": [], ""visible"": 0, ""clear"": true, ""feed_ok"": true}]}"
230.05,aisle_scanned,"{""aisle"": ""aisle2"", ""n"": 3, ""mode"": ""full"", ""t"": 230.05, ""dur"": 20.3}"
230.05,phase,"{""from"": ""scanning"", ""to"": ""homing""}"
230.05,all_scanned,"{""n"": 3, ""order"": [""aisle1"", ""aisle3"", ""aisle2""], ""mode"": ""full"", ""t"": 230.05}"
230.05,goal,"{""x"": 4.5, ""y"": 26.5, ""yaw"": 2.392, ""seq"": 9}"
231.15,ledger_snapshot,"{""t"": 231.15, ""aisles"": [{""aisle"": ""aisle1"", ""in_n"": 4, ""out_n"": 4, ""open"": [], ""visible"": 0, ""clear"": true, ""feed_ok"": true}, {""aisle"": ""aisle2"", ""in_n"": 6, ""out_n"": 6, ""open"": [], ""visible"": 0, ""clear"": true, ""feed_ok"": true}, {""aisle"": ""aisle3"", ""in_n"": 5, ""out_n"": 5, ""open"": [], ""visible"": 0, ""clear"": true, ""feed_ok"": true}]}"
233.15,ledger_snapshot,"{""t"": 233.15, ""aisles"": [{""aisle"": ""aisle1"", ""in_n"": 4, ""out_n"": 4, ""open"": [], ""visible"": 0, ""clear"": true, ""feed_ok"": true}, {""aisle"": ""aisle2"", ""in_n"": 6, ""out_n"": 6, ""open"": [], ""visible"": 0, ""clear"": true, ""feed_ok"": true}, {""aisle"": ""aisle3"", ""in_n"": 5, ""out_n"": 5, ""open"": [], ""visible"": 0, ""clear"": true, ""feed_ok"": true}]}"
235.25,ledger_snapshot,"{""t"": 235.25, ""aisles"": [{""aisle"": ""aisle1"", ""in_n"": 4, ""out_n"": 4, ""open"": [], ""visible"": 0, ""clear"": true, ""feed_ok"": true}, {""aisle"": ""aisle2"", ""in_n"": 6, ""out_n"": 6, ""open"": [], ""visible"": 0, ""clear"": true, ""feed_ok"": true}, {""aisle"": ""aisle3"", ""in_n"": 5, ""out_n"": 5, ""open"": [], ""visible"": 0, ""clear"": true, ""feed_ok"": true}]}"
237.25,ledger_snapshot,"{""t"": 237.25, ""aisles"": [{""aisle"": ""aisle1"", ""in_n"": 4, ""out_n"": 4, ""open"": [], ""visible"": 0, ""clear"": true, ""feed_ok"": true}, {""aisle"": ""aisle2"", ""in_n"": 6, ""out_n"": 6, ""open"": [], ""visible"": 0, ""clear"": true, ""feed_ok"": true}, {""aisle"": ""aisle3"", ""in_n"": 5, ""out_n"": 5, ""open"": [], ""visible"": 0, ""clear"": true, ""feed_ok"": true}]}"
239.25,ledger_snapshot,"{""t"": 239.25, ""aisles"": [{""aisle"": ""aisle1"", ""in_n"": 4, ""out_n"": 4, ""open"": [], ""visible"": 0, ""clear"": true, ""feed_ok"": true}, {""aisle"": ""aisle2"", ""in_n"": 6, ""out_n"": 6, ""open"": [], ""visible"": 0, ""clear"": true, ""feed_ok"": true}, {""aisle"": ""aisle3"", ""in_n"": 5, ""out_n"": 5, ""open"": [], ""visible"": 0, ""clear"": true, ""feed_ok"": true}]}"
241.35,ledger_snapshot,"{""t"": 241.35, ""aisles"": [{""aisle"": ""aisle1"", ""in_n"": 4, ""out_n"": 4, ""open"": [], ""visible"": 0, ""clear"": true, ""feed_ok"": true}, {""aisle"": ""aisle2"", ""in_n"": 6, ""out_n"": 6, ""open"": [], ""visible"": 0, ""clear"": true, ""feed_ok"": true}, {""aisle"": ""aisle3"", ""in_n"": 5, ""out_n"": 5, ""open"": [], ""visible"": 0, ""clear"": true, ""feed_ok"": true}]}"
243.35,ledger_snapshot,"{""t"": 243.35, ""aisles"": [{""aisle"": ""aisle1"", ""in_n"": 4, ""out_n"": 4, ""open"": [], ""visible"": 0, ""clear"": true, ""feed_ok"": true}, {""aisle"": ""aisle2"", ""in_n"": 6, ""out_n"": 6, ""open"": [], ""visible"": 0, ""clear"": true, ""feed_ok"": true}, {""aisle"": ""aisle3"", ""in_n"": 5, ""out_n"": 5, ""open"": [], ""visible"": 0, ""clear"": true, ""feed_ok"": true}]}"
245.45,ledger_snapshot,"{""t"": 245.45, ""aisles"": [{""aisle"": ""aisle1"", ""in_n"": 4, ""out_n"": 4, ""open"": [], ""visible"": 0, ""clear"": true, ""feed_ok"": true}, {""aisle"": ""aisle2"", ""in_n"": 6, ""out_n"": 6, ""open"": [], ""visible"": 0, ""clear"": true, ""feed_ok"": true}, {""aisle"": ""aisle3"", ""in_n"": 5, ""out_n"": 5, ""open"": [], ""visible"": 0, ""clear"": true, ""feed_ok"": true}]}"
247.45,ledger_snapshot,"{""t"": 247.45, ""aisles"": [{""aisle"": ""aisle1"", ""in_n"": 4, ""out_n"": 4, ""open"": [], ""visible"": 0, ""clear"": true, ""feed_ok"": true}, {""aisle"": ""aisle2"", ""in_n"": 6, ""out_n"": 6, ""open"": [], ""visible"": 0, ""clear"": true, ""feed_ok"": true}, {""aisle"": ""aisle3"", ""in_n"": 5, ""out_n"": 5, ""open"": [], ""visible"": 0, ""clear"": true, ""feed_ok"": true}]}"
249.45,ledger_snapshot,"{""t"": 249.45, ""aisles"": [{""aisle"": ""aisle1"", ""in_n"": 4, ""out_n"": 4, ""open"": [], ""visible"": 0, ""clear"": true, ""feed_ok"": true}, {""aisle"": ""aisle2"", ""in_n"": 6, ""out_n"": 6, ""open"": [], ""visible"": 0, ""clear"": true, ""feed_ok"": true}, {""aisle"": ""aisle3"", ""in_n"": 5, ""out_n"": 5, ""open"": [], ""visible"": 0, ""clear"": true, ""feed_ok"": true}]}"
251.55,ledger_snapshot,"{""t"": 251.55, ""aisles"": [{""aisle"": ""aisle1"", ""in_n"": 4, ""out_n"": 4, ""open"": [], ""visible"": 0, ""clear"": true, ""feed_ok"": true}, {""aisle"": ""aisle2"", ""in_n"": 6, ""out_n"": 6, ""open"": [], ""visible"": 0, ""clear"": true, ""feed_ok"": true}, {""aisle"": ""aisle3"", ""in_n"": 5, ""out_n"": 5, ""open"": [], ""visible"": 0, ""clear"": true, ""feed_ok"": true}]}"
253.65,ledger_snapshot,"{""t"": 253.65, ""aisles"": [{""aisle"": ""aisle1"", ""in_n"": 4, ""out_n"": 4, ""open"": [], ""visible"": 0, ""clear"": true, ""feed_ok"": true}, {""aisle"": ""aisle2"", ""in_n"": 6, ""out_n"": 6, ""open"": [], ""visible"": 0, ""clear"": true, ""feed_ok"": true}, {""aisle"": ""aisle3"", ""in_n"": 5, ""out_n"": 5, ""open"": [], ""visible"": 0, ""clear"": true, ""feed_ok"": true}]}"
255.75,ledger_snapshot,"{""t"": 255.75, ""aisles"": [{""aisle"": ""aisle1"", ""in_n"": 4, ""out_n"": 4, ""open"": [], ""visible"": 0, ""clear"": true, ""feed_ok"": true}, {""aisle"": ""aisle2"", ""in_n"": 6, ""out_n"": 6, ""open"": [], ""visible"": 0, ""clear"": true, ""feed_ok"": true}, {""aisle"": ""aisle3"", ""in_n"": 5, ""out_n"": 5, ""open"": [], ""visible"": 0, ""clear"": true, ""feed_ok"": true}]}"
257.85,ledger_snapshot,"{""t"": 257.85, ""aisles"": [{""aisle"": ""aisle1"", ""in_n"": 4, ""out_n"": 4, ""open"": [], ""visible"": 0, ""clear"": true, ""feed_ok"": true}, {""aisle"": ""aisle2"", ""in_n"": 6, ""out_n"": 6, ""open"": [], ""visible"": 0, ""clear"": true, ""feed_ok"": true}, {""aisle"": ""aisle3"", ""in_n"": 5, ""out_n"": 5, ""open"": [], ""visible"": 0, ""clear"": true, ""feed_ok"": true}]}"
259.85,ledger_snapshot,"{""t"": 259.85, ""aisles"": [{""aisle"": ""aisle1"", ""in_n"": 4, ""out_n"": 4, ""open"": [], ""visible"": 0, ""clear"": true, ""feed_ok"": true}, {""aisle"": ""aisle2"", ""in_n"": 6, ""out_n"": 6, ""open"": [], ""visible"": 0, ""clear"": true, ""feed_ok"": true}, {""aisle"": ""aisle3"", ""in_n"": 5, ""out_n"": 5, ""open"": [], ""visible"": 0, ""clear"": true, ""feed_ok"": true}]}"
261.95,ledger_snapshot,"{""t"": 261.95, ""aisles"": [{""aisle"": ""aisle1"", ""in_n"": 4, ""out_n"": 4, ""open"": [], ""visible"": 0, ""clear"": true, ""feed_ok"": true}, {""aisle"": ""aisle2"", ""in_n"": 6, ""out_n"": 6, ""open"": [], ""visible"": 0, ""clear"": true, ""feed_ok"": true}, {""aisle"": ""aisle3"", ""in_n"": 5, ""out_n"": 5, ""open"": [], ""visible"": 0, ""clear"": true, ""feed_ok"": true}]}"
263.75,phase,"{""from"": ""homing"", ""to"": ""done""}"
263.75,task_done,"{""scanned"": 3, ""order"": [""aisle1"", ""aisle3"", ""aisle2""], ""co_aisle_s"": 0.0, ""disturb"": 0, ""mode"": ""full"", ""t"": 263.75}"
264.05,ledger_snapshot,"{""t"": 264.05, ""aisles"": [{""aisle"": ""aisle1"", ""in_n"": 4, ""out_n"": 4, ""open"": [], ""visible"": 0, ""clear"": true, ""feed_ok"": true}, {""aisle"": ""aisle2"", ""in_n"": 6, ""out_n"": 6, ""open"": [], ""visible"": 0, ""clear"": true, ""feed_ok"": true}, {""aisle"": ""aisle3"", ""in_n"": 5, ""out_n"": 5, ""open"": [], ""visible"": 0, ""clear"": true, ""feed_ok"": true}]}"
265.35,goal_done,"{""seq"": 9, ""status"": 4}"
266.15,ledger_snapshot,"{""t"": 266.15, ""aisles"": [{""aisle"": ""aisle1"", ""in_n"": 4, ""out_n"": 4, ""open"": [], ""visible"": 0, ""clear"": true, ""feed_ok"": true}, {""aisle"": ""aisle2"", ""in_n"": 6, ""out_n"": 6, ""open"": [], ""visible"": 0, ""clear"": true, ""feed_ok"": true}, {""aisle"": ""aisle3"", ""in_n"": 5, ""out_n"": 5, ""open"": [], ""visible"": 0, ""clear"": true, ""feed_ok"": true}]}"
268.15,ledger_snapshot,"{""t"": 268.15, ""aisles"": [{""aisle"": ""aisle1"", ""in_n"": 4, ""out_n"": 4, ""open"": [], ""visible"": 0, ""clear"": true, ""feed_ok"": true}, {""aisle"": ""aisle2"", ""in_n"": 6, ""out_n"": 6, ""open"": [], ""visible"": 0, ""clear"": true, ""feed_ok"": true}, {""aisle"": ""aisle3"", ""in_n"": 5, ""out_n"": 5, ""open"": [], ""visible"": 0, ""clear"": true, ""feed_ok"": true}]}"
270.25,ledger_snapshot,"{""t"": 270.25, ""aisles"": [{""aisle"": ""aisle1"", ""in_n"": 4, ""out_n"": 4, ""open"": [], ""visible"": 0, ""clear"": true, ""feed_ok"": true}, {""aisle"": ""aisle2"", ""in_n"": 6, ""out_n"": 6, ""open"": [], ""visible"": 0, ""clear"": true, ""feed_ok"": true}, {""aisle"": ""aisle3"", ""in_n"": 5, ""out_n"": 5, ""open"": [], ""visible"": 0, ""clear"": true, ""feed_ok"": true}]}"
272.25,ledger_snapshot,"{""t"": 272.25, ""aisles"": [{""aisle"": ""aisle1"", ""in_n"": 4, ""out_n"": 4, ""open"": [], ""visible"": 0, ""clear"": true, ""feed_ok"": true}, {""aisle"": ""aisle2"", ""in_n"": 6, ""out_n"": 6, ""open"": [], ""visible"": 0, ""clear"": true, ""feed_ok"": true}, {""aisle"": ""aisle3"", ""in_n"": 5, ""out_n"": 5, ""open"": [], ""visible"": 0, ""clear"": true, ""feed_ok"": true}]}"
274.35,ledger_snapshot,"{""t"": 274.35, ""aisles"": [{""aisle"": ""aisle1"", ""in_n"": 4, ""out_n"": 4, ""open"": [], ""visible"": 0, ""clear"": true, ""feed_ok"": true}, {""aisle"": ""aisle2"", ""in_n"": 6, ""out_n"": 6, ""open"": [], ""visible"": 0, ""clear"": true, ""feed_ok"": true}, {""aisle"": ""aisle3"", ""in_n"": 5, ""out_n"": 5, ""open"": [], ""visible"": 0, ""clear"": true, ""feed_ok"": true}]}"
276.45,ledger_snapshot,"{""t"": 276.45, ""aisles"": [{""aisle"": ""aisle1"", ""in_n"": 4, ""out_n"": 4, ""open"": [], ""visible"": 0, ""clear"": true, ""feed_ok"": true}, {""aisle"": ""aisle2"", ""in_n"": 6, ""out_n"": 6, ""open"": [], ""visible"": 0, ""clear"": true, ""feed_ok"": true}, {""aisle"": ""aisle3"", ""in_n"": 5, ""out_n"": 5, ""open"": [], ""visible"": 0, ""clear"": true, ""feed_ok"": true}]}"
278.45,ledger_snapshot,"{""t"": 278.45, ""aisles"": [{""aisle"": ""aisle1"", ""in_n"": 4, ""out_n"": 4, ""open"": [], ""visible"": 0, ""clear"": true, ""feed_ok"": true}, {""aisle"": ""aisle2"", ""in_n"": 6, ""out_n"": 6, ""open"": [], ""visible"": 0, ""clear"": true, ""feed_ok"": true}, {""aisle"": ""aisle3"", ""in_n"": 5, ""out_n"": 5, ""open"": [], ""visible"": 0, ""clear"": true, ""feed_ok"": true}]}"
280.45,ledger_snapshot,"{""t"": 280.45, ""aisles"": [{""aisle"": ""aisle1"", ""in_n"": 4, ""out_n"": 4, ""open"": [], ""visible"": 0, ""clear"": true, ""feed_ok"": true}, {""aisle"": ""aisle2"", ""in_n"": 6, ""out_n"": 6, ""open"": [], ""visible"": 0, ""clear"": true, ""feed_ok"": true}, {""aisle"": ""aisle3"", ""in_n"": 5, ""out_n"": 5, ""open"": [], ""visible"": 0, ""clear"": true, ""feed_ok"": true}]}"
282.55,ledger_snapshot,"{""t"": 282.55, ""aisles"": [{""aisle"": ""aisle1"", ""in_n"": 4, ""out_n"": 4, ""open"": [], ""visible"": 0, ""clear"": true, ""feed_ok"": true}, {""aisle"": ""aisle2"", ""in_n"": 6, ""out_n"": 6, ""open"": [], ""visible"": 0, ""clear"": true, ""feed_ok"": true}, {""aisle"": ""aisle3"", ""in_n"": 5, ""out_n"": 5, ""open"": [], ""visible"": 0, ""clear"": true, ""feed_ok"": true}]}"
284.65,ledger_snapshot,"{""t"": 284.65, ""aisles"": [{""aisle"": ""aisle1"", ""in_n"": 4, ""out_n"": 4, ""open"": [], ""visible"": 0, ""clear"": true, ""feed_ok"": true}, {""aisle"": ""aisle2"", ""in_n"": 6, ""out_n"": 6, ""open"": [], ""visible"": 0, ""clear"": true, ""feed_ok"": true}, {""aisle"": ""aisle3"", ""in_n"": 5, ""out_n"": 5, ""open"": [], ""visible"": 0, ""clear"": true, ""feed_ok"": true}]}"
286.75,ledger_snapshot,"{""t"": 286.75, ""aisles"": [{""aisle"": ""aisle1"", ""in_n"": 4, ""out_n"": 4, ""open"": [], ""visible"": 0, ""clear"": true, ""feed_ok"": true}, {""aisle"": ""aisle2"", ""in_n"": 6, ""out_n"": 6, ""open"": [], ""visible"": 0, ""clear"": true, ""feed_ok"": true}, {""aisle"": ""aisle3"", ""in_n"": 5, ""out_n"": 5, ""open"": [], ""visible"": 0, ""clear"": true, ""feed_ok"": true}]}"
288.75,ledger_snapshot,"{""t"": 288.75, ""aisles"": [{""aisle"": ""aisle1"", ""in_n"": 4, ""out_n"": 4, ""open"": [], ""visible"": 0, ""clear"": true, ""feed_ok"": true}, {""aisle"": ""aisle2"", ""in_n"": 6, ""out_n"": 6, ""open"": [], ""visible"": 0, ""clear"": true, ""feed_ok"": true}, {""aisle"": ""aisle3"", ""in_n"": 5, ""out_n"": 5, ""open"": [], ""visible"": 0, ""clear"": true, ""feed_ok"": true}]}"
290.85,ledger_snapshot,"{""t"": 290.85, ""aisles"": [{""aisle"": ""aisle1"", ""in_n"": 4, ""out_n"": 4, ""open"": [], ""visible"": 0, ""clear"": true, ""feed_ok"": true}, {""aisle"": ""aisle2"", ""in_n"": 6, ""out_n"": 6, ""open"": [], ""visible"": 0, ""clear"": true, ""feed_ok"": true}, {""aisle"": ""aisle3"", ""in_n"": 5, ""out_n"": 5, ""open"": [], ""visible"": 0, ""clear"": true, ""feed_ok"": true}]}"
292.95,ledger_snapshot,"{""t"": 292.95, ""aisles"": [{""aisle"": ""aisle1"", ""in_n"": 4, ""out_n"": 4, ""open"": [], ""visible"": 0, ""clear"": true, ""feed_ok"": true}, {""aisle"": ""aisle2"", ""in_n"": 6, ""out_n"": 6, ""open"": [], ""visible"": 0, ""clear"": true, ""feed_ok"": true}, {""aisle"": ""aisle3"", ""in_n"": 5, ""out_n"": 5, ""open"": [], ""visible"": 0, ""clear"": true, ""feed_ok"": true}]}"
294.95,ledger_snapshot,"{""t"": 294.95, ""aisles"": [{""aisle"": ""aisle1"", ""in_n"": 4, ""out_n"": 4, ""open"": [], ""visible"": 0, ""clear"": true, ""feed_ok"": true}, {""aisle"": ""aisle2"", ""in_n"": 6, ""out_n"": 6, ""open"": [], ""visible"": 0, ""clear"": true, ""feed_ok"": true}, {""aisle"": ""aisle3"", ""in_n"": 5, ""out_n"": 5, ""open"": [], ""visible"": 0, ""clear"": true, ""feed_ok"": true}]}"
296.95,ledger_snapshot,"{""t"": 296.95, ""aisles"": [{""aisle"": ""aisle1"", ""in_n"": 4, ""out_n"": 4, ""open"": [], ""visible"": 0, ""clear"": true, ""feed_ok"": true}, {""aisle"": ""aisle2"", ""in_n"": 6, ""out_n"": 6, ""open"": [], ""visible"": 0, ""clear"": true, ""feed_ok"": true}, {""aisle"": ""aisle3"", ""in_n"": 5, ""out_n"": 5, ""open"": [], ""visible"": 0, ""clear"": true, ""feed_ok"": true}]}"
299.05,ledger_snapshot,"{""t"": 299.05, ""aisles"": [{""aisle"": ""aisle1"", ""in_n"": 4, ""out_n"": 4, ""open"": [], ""visible"": 0, ""clear"": true, ""feed_ok"": true}, {""aisle"": ""aisle2"", ""in_n"": 6, ""out_n"": 6, ""open"": [], ""visible"": 0, ""clear"": true, ""feed_ok"": true}, {""aisle"": ""aisle3"", ""in_n"": 5, ""out_n"": 5, ""open"": [], ""visible"": 0, ""clear"": true, ""feed_ok"": true}]}"
301.15,ledger_snapshot,"{""t"": 301.15, ""aisles"": [{""aisle"": ""aisle1"", ""in_n"": 4, ""out_n"": 4, ""open"": [], ""visible"": 0, ""clear"": true, ""feed_ok"": true}, {""aisle"": ""aisle2"", ""in_n"": 6, ""out_n"": 6, ""open"": [], ""visible"": 0, ""clear"": true, ""feed_ok"": true}, {""aisle"": ""aisle3"", ""in_n"": 5, ""out_n"": 5, ""open"": [], ""visible"": 0, ""clear"": true, ""feed_ok"": true}]}"
303.15,ledger_snapshot,"{""t"": 303.15, ""aisles"": [{""aisle"": ""aisle1"", ""in_n"": 4, ""out_n"": 4, ""open"": [], ""visible"": 0, ""clear"": true, ""feed_ok"": true}, {""aisle"": ""aisle2"", ""in_n"": 6, ""out_n"": 6, ""open"": [], ""visible"": 0, ""clear"": true, ""feed_ok"": true}, {""aisle"": ""aisle3"", ""in_n"": 5, ""out_n"": 5, ""open"": [], ""visible"": 0, ""clear"": true, ""feed_ok"": true}]}"
305.25,ledger_snapshot,"{""t"": 305.25, ""aisles"": [{""aisle"": ""aisle1"", ""in_n"": 4, ""out_n"": 4, ""open"": [], ""visible"": 0, ""clear"": true, ""feed_ok"": true}, {""aisle"": ""aisle2"", ""in_n"": 6, ""out_n"": 6, ""open"": [], ""visible"": 0, ""clear"": true, ""feed_ok"": true}, {""aisle"": ""aisle3"", ""in_n"": 5, ""out_n"": 5, ""open"": [], ""visible"": 0, ""clear"": true, ""feed_ok"": true}]}"
307.35,ledger_snapshot,"{""t"": 307.35, ""aisles"": [{""aisle"": ""aisle1"", ""in_n"": 4, ""out_n"": 4, ""open"": [], ""visible"": 0, ""clear"": true, ""feed_ok"": true}, {""aisle"": ""aisle2"", ""in_n"": 6, ""out_n"": 6, ""open"": [], ""visible"": 0, ""clear"": true, ""feed_ok"": true}, {""aisle"": ""aisle3"", ""in_n"": 5, ""out_n"": 5, ""open"": [], ""visible"": 0, ""clear"": true, ""feed_ok"": true}]}"
309.45,ledger_snapshot,"{""t"": 309.45, ""aisles"": [{""aisle"": ""aisle1"", ""in_n"": 4, ""out_n"": 4, ""open"": [], ""visible"": 0, ""clear"": true, ""feed_ok"": true}, {""aisle"": ""aisle2"", ""in_n"": 6, ""out_n"": 6, ""open"": [], ""visible"": 0, ""clear"": true, ""feed_ok"": true}, {""aisle"": ""aisle3"", ""in_n"": 5, ""out_n"": 5, ""open"": [], ""visible"": 0, ""clear"": true, ""feed_ok"": true}]}"
311.55,ledger_snapshot,"{""t"": 311.55, ""aisles"": [{""aisle"": ""aisle1"", ""in_n"": 4, ""out_n"": 4, ""open"": [], ""visible"": 0, ""clear"": true, ""feed_ok"": true}, {""aisle"": ""aisle2"", ""in_n"": 6, ""out_n"": 6, ""open"": [], ""visible"": 0, ""clear"": true, ""feed_ok"": true}, {""aisle"": ""aisle3"", ""in_n"": 5, ""out_n"": 5, ""open"": [], ""visible"": 0, ""clear"": true, ""feed_ok"": true}]}"
313.55,ledger_snapshot,"{""t"": 313.55, ""aisles"": [{""aisle"": ""aisle1"", ""in_n"": 4, ""out_n"": 4, ""open"": [], ""visible"": 0, ""clear"": true, ""feed_ok"": true}, {""aisle"": ""aisle2"", ""in_n"": 6, ""out_n"": 6, ""open"": [], ""visible"": 0, ""clear"": true, ""feed_ok"": true}, {""aisle"": ""aisle3"", ""in_n"": 5, ""out_n"": 5, ""open"": [], ""visible"": 0, ""clear"": true, ""feed_ok"": true}]}"
315.65,ledger_snapshot,"{""t"": 315.65, ""aisles"": [{""aisle"": ""aisle1"", ""in_n"": 4, ""out_n"": 4, ""open"": [], ""visible"": 0, ""clear"": true, ""feed_ok"": true}, {""aisle"": ""aisle2"", ""in_n"": 6, ""out_n"": 6, ""open"": [], ""visible"": 0, ""clear"": true, ""feed_ok"": true}, {""aisle"": ""aisle3"", ""in_n"": 5, ""out_n"": 5, ""open"": [], ""visible"": 0, ""clear"": true, ""feed_ok"": true}]}"
317.65,ledger_snapshot,"{""t"": 317.65, ""aisles"": [{""aisle"": ""aisle1"", ""in_n"": 4, ""out_n"": 4, ""open"": [], ""visible"": 0, ""clear"": true, ""feed_ok"": true}, {""aisle"": ""aisle2"", ""in_n"": 6, ""out_n"": 6, ""open"": [], ""visible"": 0, ""clear"": true, ""feed_ok"": true}, {""aisle"": ""aisle3"", ""in_n"": 5, ""out_n"": 5, ""open"": [], ""visible"": 0, ""clear"": true, ""feed_ok"": true}]}"
319.75,ledger_snapshot,"{""t"": 319.75, ""aisles"": [{""aisle"": ""aisle1"", ""in_n"": 4, ""out_n"": 4, ""open"": [], ""visible"": 0, ""clear"": true, ""feed_ok"": true}, {""aisle"": ""aisle2"", ""in_n"": 6, ""out_n"": 6, ""open"": [], ""visible"": 0, ""clear"": true, ""feed_ok"": true}, {""aisle"": ""aisle3"", ""in_n"": 5, ""out_n"": 5, ""open"": [], ""visible"": 0, ""clear"": true, ""feed_ok"": true}]}"
321.85,ledger_snapshot,"{""t"": 321.85, ""aisles"": [{""aisle"": ""aisle1"", ""in_n"": 4, ""out_n"": 4, ""open"": [], ""visible"": 0, ""clear"": true, ""feed_ok"": true}, {""aisle"": ""aisle2"", ""in_n"": 6, ""out_n"": 6, ""open"": [], ""visible"": 0, ""clear"": true, ""feed_ok"": true}, {""aisle"": ""aisle3"", ""in_n"": 5, ""out_n"": 5, ""open"": [], ""visible"": 0, ""clear"": true, ""feed_ok"": true}]}"
323.85,ledger_snapshot,"{""t"": 323.85, ""aisles"": [{""aisle"": ""aisle1"", ""in_n"": 4, ""out_n"": 4, ""open"": [], ""visible"": 0, ""clear"": true, ""feed_ok"": true}, {""aisle"": ""aisle2"", ""in_n"": 6, ""out_n"": 6, ""open"": [], ""visible"": 0, ""clear"": true, ""feed_ok"": true}, {""aisle"": ""aisle3"", ""in_n"": 5, ""out_n"": 5, ""open"": [], ""visible"": 0, ""clear"": true, ""feed_ok"": true}]}"
325.95,ledger_snapshot,"{""t"": 325.95, ""aisles"": [{""aisle"": ""aisle1"", ""in_n"": 4, ""out_n"": 4, ""open"": [], ""visible"": 0, ""clear"": true, ""feed_ok"": true}, {""aisle"": ""aisle2"", ""in_n"": 6, ""out_n"": 6, ""open"": [], ""visible"": 0, ""clear"": true, ""feed_ok"": true}, {""aisle"": ""aisle3"", ""in_n"": 5, ""out_n"": 5, ""open"": [], ""visible"": 0, ""clear"": true, ""feed_ok"": true}]}"
328.05,ledger_snapshot,"{""t"": 328.05, ""aisles"": [{""aisle"": ""aisle1"", ""in_n"": 4, ""out_n"": 4, ""open"": [], ""visible"": 0, ""clear"": true, ""feed_ok"": true}, {""aisle"": ""aisle2"", ""in_n"": 6, ""out_n"": 6, ""open"": [], ""visible"": 0, ""clear"": true, ""feed_ok"": true}, {""aisle"": ""aisle3"", ""in_n"": 5, ""out_n"": 5, ""open"": [], ""visible"": 0, ""clear"": true, ""feed_ok"": true}]}"
330.15,ledger_snapshot,"{""t"": 330.15, ""aisles"": [{""aisle"": ""aisle1"", ""in_n"": 4, ""out_n"": 4, ""open"": [], ""visible"": 0, ""clear"": true, ""feed_ok"": true}, {""aisle"": ""aisle2"", ""in_n"": 6, ""out_n"": 6, ""open"": [], ""visible"": 0, ""clear"": true, ""feed_ok"": true}, {""aisle"": ""aisle3"", ""in_n"": 5, ""out_n"": 5, ""open"": [], ""visible"": 0, ""clear"": true, ""feed_ok"": true}]}"
332.15,ledger_snapshot,"{""t"": 332.15, ""aisles"": [{""aisle"": ""aisle1"", ""in_n"": 4, ""out_n"": 4, ""open"": [], ""visible"": 0, ""clear"": true, ""feed_ok"": true}, {""aisle"": ""aisle2"", ""in_n"": 6, ""out_n"": 6, ""open"": [], ""visible"": 0, ""clear"": true, ""feed_ok"": true}, {""aisle"": ""aisle3"", ""in_n"": 5, ""out_n"": 5, ""open"": [], ""visible"": 0, ""clear"": true, ""feed_ok"": true}]}"
334.25,ledger_snapshot,"{""t"": 334.25, ""aisles"": [{""aisle"": ""aisle1"", ""in_n"": 4, ""out_n"": 4, ""open"": [], ""visible"": 0, ""clear"": true, ""feed_ok"": true}, {""aisle"": ""aisle2"", ""in_n"": 6, ""out_n"": 6, ""open"": [], ""visible"": 0, ""clear"": true, ""feed_ok"": true}, {""aisle"": ""aisle3"", ""in_n"": 5, ""out_n"": 5, ""open"": [], ""visible"": 0, ""clear"": true, ""feed_ok"": true}]}"
336.35,ledger_snapshot,"{""t"": 336.35, ""aisles"": [{""aisle"": ""aisle1"", ""in_n"": 4, ""out_n"": 4, ""open"": [], ""visible"": 0, ""clear"": true, ""feed_ok"": true}, {""aisle"": ""aisle2"", ""in_n"": 6, ""out_n"": 6, ""open"": [], ""visible"": 0, ""clear"": true, ""feed_ok"": true}, {""aisle"": ""aisle3"", ""in_n"": 5, ""out_n"": 5, ""open"": [], ""visible"": 0, ""clear"": true, ""feed_ok"": true}]}"
338.45,ledger_snapshot,"{""t"": 338.45, ""aisles"": [{""aisle"": ""aisle1"", ""in_n"": 4, ""out_n"": 4, ""open"": [], ""visible"": 0, ""clear"": true, ""feed_ok"": true}, {""aisle"": ""aisle2"", ""in_n"": 6, ""out_n"": 6, ""open"": [], ""visible"": 0, ""clear"": true, ""feed_ok"": true}, {""aisle"": ""aisle3"", ""in_n"": 5, ""out_n"": 5, ""open"": [], ""visible"": 0, ""clear"": true, ""feed_ok"": true}]}"
340.55,ledger_snapshot,"{""t"": 340.55, ""aisles"": [{""aisle"": ""aisle1"", ""in_n"": 4, ""out_n"": 4, ""open"": [], ""visible"": 0, ""clear"": true, ""feed_ok"": true}, {""aisle"": ""aisle2"", ""in_n"": 6, ""out_n"": 6, ""open"": [], ""visible"": 0, ""clear"": true, ""feed_ok"": true}, {""aisle"": ""aisle3"", ""in_n"": 5, ""out_n"": 5, ""open"": [], ""visible"": 0, ""clear"": true, ""feed_ok"": true}]}"
342.55,ledger_snapshot,"{""t"": 342.55, ""aisles"": [{""aisle"": ""aisle1"", ""in_n"": 4, ""out_n"": 4, ""open"": [], ""visible"": 0, ""clear"": true, ""feed_ok"": true}, {""aisle"": ""aisle2"", ""in_n"": 6, ""out_n"": 6, ""open"": [], ""visible"": 0, ""clear"": true, ""feed_ok"": true}, {""aisle"": ""aisle3"", ""in_n"": 5, ""out_n"": 5, ""open"": [], ""visible"": 0, ""clear"": true, ""feed_ok"": true}]}"
344.65,ledger_snapshot,"{""t"": 344.65, ""aisles"": [{""aisle"": ""aisle1"", ""in_n"": 4, ""out_n"": 4, ""open"": [], ""visible"": 0, ""clear"": true, ""feed_ok"": true}, {""aisle"": ""aisle2"", ""in_n"": 6, ""out_n"": 6, ""open"": [], ""visible"": 0, ""clear"": true, ""feed_ok"": true}, {""aisle"": ""aisle3"", ""in_n"": 5, ""out_n"": 5, ""open"": [], ""visible"": 0, ""clear"": true, ""feed_ok"": true}]}"
346.75,ledger_snapshot,"{""t"": 346.75, ""aisles"": [{""aisle"": ""aisle1"", ""in_n"": 4, ""out_n"": 4, ""open"": [], ""visible"": 0, ""clear"": true, ""feed_ok"": true}, {""aisle"": ""aisle2"", ""in_n"": 6, ""out_n"": 6, ""open"": [], ""visible"": 0, ""clear"": true, ""feed_ok"": true}, {""aisle"": ""aisle3"", ""in_n"": 5, ""out_n"": 5, ""open"": [], ""visible"": 0, ""clear"": true, ""feed_ok"": true}]}"
348.85,ledger_snapshot,"{""t"": 348.85, ""aisles"": [{""aisle"": ""aisle1"", ""in_n"": 4, ""out_n"": 4, ""open"": [], ""visible"": 0, ""clear"": true, ""feed_ok"": true}, {""aisle"": ""aisle2"", ""in_n"": 6, ""out_n"": 6, ""open"": [], ""visible"": 0, ""clear"": true, ""feed_ok"": true}, {""aisle"": ""aisle3"", ""in_n"": 5, ""out_n"": 5, ""open"": [], ""visible"": 0, ""clear"": true, ""feed_ok"": true}]}"
350.85,ledger_snapshot,"{""t"": 350.85, ""aisles"": [{""aisle"": ""aisle1"", ""in_n"": 4, ""out_n"": 4, ""open"": [], ""visible"": 0, ""clear"": true, ""feed_ok"": true}, {""aisle"": ""aisle2"", ""in_n"": 6, ""out_n"": 6, ""open"": [], ""visible"": 0, ""clear"": true, ""feed_ok"": true}, {""aisle"": ""aisle3"", ""in_n"": 5, ""out_n"": 5, ""open"": [], ""visible"": 0, ""clear"": true, ""feed_ok"": true}]}"
352.95,ledger_snapshot,"{""t"": 352.95, ""aisles"": [{""aisle"": ""aisle1"", ""in_n"": 4, ""out_n"": 4, ""open"": [], ""visible"": 0, ""clear"": true, ""feed_ok"": true}, {""aisle"": ""aisle2"", ""in_n"": 6, ""out_n"": 6, ""open"": [], ""visible"": 0, ""clear"": true, ""feed_ok"": true}, {""aisle"": ""aisle3"", ""in_n"": 5, ""out_n"": 5, ""open"": [], ""visible"": 0, ""clear"": true, ""feed_ok"": true}]}"
354.95,ledger_snapshot,"{""t"": 354.95, ""aisles"": [{""aisle"": ""aisle1"", ""in_n"": 4, ""out_n"": 4, ""open"": [], ""visible"": 0, ""clear"": true, ""feed_ok"": true}, {""aisle"": ""aisle2"", ""in_n"": 6, ""out_n"": 6, ""open"": [], ""visible"": 0, ""clear"": true, ""feed_ok"": true}, {""aisle"": ""aisle3"", ""in_n"": 5, ""out_n"": 5, ""open"": [], ""visible"": 0, ""clear"": true, ""feed_ok"": true}]}"
357.05,ledger_snapshot,"{""t"": 357.05, ""aisles"": [{""aisle"": ""aisle1"", ""in_n"": 4, ""out_n"": 4, ""open"": [], ""visible"": 0, ""clear"": true, ""feed_ok"": true}, {""aisle"": ""aisle2"", ""in_n"": 6, ""out_n"": 6, ""open"": [], ""visible"": 0, ""clear"": true, ""feed_ok"": true}, {""aisle"": ""aisle3"", ""in_n"": 5, ""out_n"": 5, ""open"": [], ""visible"": 0, ""clear"": true, ""feed_ok"": true}]}"
359.05,ledger_snapshot,"{""t"": 359.05, ""aisles"": [{""aisle"": ""aisle1"", ""in_n"": 4, ""out_n"": 4, ""open"": [], ""visible"": 0, ""clear"": true, ""feed_ok"": true}, {""aisle"": ""aisle2"", ""in_n"": 6, ""out_n"": 6, ""open"": [], ""visible"": 0, ""clear"": true, ""feed_ok"": true}, {""aisle"": ""aisle3"", ""in_n"": 5, ""out_n"": 5, ""open"": [], ""visible"": 0, ""clear"": true, ""feed_ok"": true}]}"
361.15,ledger_snapshot,"{""t"": 361.15, ""aisles"": [{""aisle"": ""aisle1"", ""in_n"": 4, ""out_n"": 4, ""open"": [], ""visible"": 0, ""clear"": true, ""feed_ok"": true}, {""aisle"": ""aisle2"", ""in_n"": 6, ""out_n"": 6, ""open"": [], ""visible"": 0, ""clear"": true, ""feed_ok"": true}, {""aisle"": ""aisle3"", ""in_n"": 5, ""out_n"": 5, ""open"": [], ""visible"": 0, ""clear"": true, ""feed_ok"": true}]}"
363.15,ledger_snapshot,"{""t"": 363.15, ""aisles"": [{""aisle"": ""aisle1"", ""in_n"": 4, ""out_n"": 4, ""open"": [], ""visible"": 0, ""clear"": true, ""feed_ok"": true}, {""aisle"": ""aisle2"", ""in_n"": 6, ""out_n"": 6, ""open"": [], ""visible"": 0, ""clear"": true, ""feed_ok"": true}, {""aisle"": ""aisle3"", ""in_n"": 5, ""out_n"": 5, ""open"": [], ""visible"": 0, ""clear"": true, ""feed_ok"": true}]}"
365.25,ledger_snapshot,"{""t"": 365.25, ""aisles"": [{""aisle"": ""aisle1"", ""in_n"": 4, ""out_n"": 4, ""open"": [], ""visible"": 0, ""clear"": true, ""feed_ok"": true}, {""aisle"": ""aisle2"", ""in_n"": 6, ""out_n"": 6, ""open"": [], ""visible"": 0, ""clear"": true, ""feed_ok"": true}, {""aisle"": ""aisle3"", ""in_n"": 5, ""out_n"": 5, ""open"": [], ""visible"": 0, ""clear"": true, ""feed_ok"": true}]}"
367.35,ledger_snapshot,"{""t"": 367.35, ""aisles"": [{""aisle"": ""aisle1"", ""in_n"": 4, ""out_n"": 4, ""open"": [], ""visible"": 0, ""clear"": true, ""feed_ok"": true}, {""aisle"": ""aisle2"", ""in_n"": 6, ""out_n"": 6, ""open"": [], ""visible"": 0, ""clear"": true, ""feed_ok"": true}, {""aisle"": ""aisle3"", ""in_n"": 5, ""out_n"": 5, ""open"": [], ""visible"": 0, ""clear"": true, ""feed_ok"": true}]}"
369.45,ledger_snapshot,"{""t"": 369.45, ""aisles"": [{""aisle"": ""aisle1"", ""in_n"": 4, ""out_n"": 4, ""open"": [], ""visible"": 0, ""clear"": true, ""feed_ok"": true}, {""aisle"": ""aisle2"", ""in_n"": 6, ""out_n"": 6, ""open"": [], ""visible"": 0, ""clear"": true, ""feed_ok"": true}, {""aisle"": ""aisle3"", ""in_n"": 5, ""out_n"": 5, ""open"": [], ""visible"": 0, ""clear"": true, ""feed_ok"": true}]}"
