t,event,data
,start,"{""demo"": ""d08"", ""mode"": ""full"", ""autoplay"": true, ""warmup_s"": 65.0}"
0.00,ledger_snapshot,"{""t"": 0.0, ""aisles"": [{""aisle"": ""aisle1"", ""in_n"": 0, ""out_n"": 0, ""open"": [], ""visible"": 0, ""clear"": false, ""feed_ok"": true}, {""aisle"": ""aisle2"", ""in_n"": 0, ""out_n"": 0, ""open"": [], ""visible"": 0, ""clear"": false, ""feed_ok"": true}, {""aisle"": ""aisle3"", ""in_n"": 0, ""out_n"": 0, ""open"": [], ""visible"": 0, ""clear"": false, ""feed_ok"": true}]}"
0.00,play,"{""source"": ""nav_ready"", ""t"": 0.0}"
0.00,task_start,"{""mode"": ""full"", ""n_aisles"": 3}"
0.00,dispatch,"{""aisle"": ""aisle1"", ""first"": true, ""order"": [""aisle1"", ""aisle2"", ""aisle3""], ""mode"": ""full"", ""t"": 0.0}"
0.00,phase,"{""from"": ""idle"", ""to"": ""to_standby""}"
0.00,goal,"{""x"": 20.0, ""y"": 26.0, ""yaw"": -0.032, ""seq"": 1}"
0.00,clear_blocked_by_ledger,"{""aisle"": ""aisle1"", ""reason"": ""not_confirmed"", ""snapshot"": {""aisle"": ""aisle1"", ""in_n"": 0, ""out_n"": 0, ""open"": [], ""visible"": 0, ""clear"": false, ""feed_ok"": true}, ""visible"": 0, ""open"": [], ""mode"": ""full"", ""t"": 0.0}"
0.00,clear_blocked_by_ledger,"{""aisle"": ""aisle2"", ""reason"": ""not_confirmed"", ""snapshot"": {""aisle"": ""aisle2"", ""in_n"": 0, ""out_n"": 0, ""open"": [], ""visible"": 0, ""clear"": false, ""feed_ok"": true}, ""visible"": 0, ""open"": [], ""mode"": ""full"", ""t"": 0.0}"
0.00,clear_blocked_by_ledger,"{""aisle"": ""aisle3"", ""reason"": ""not_confirmed"", ""snapshot"": {""aisle"": ""aisle3"", ""in_n"": 0, ""out_n"": 0, ""open"": [], ""visible"": 0, ""clear"": false, ""feed_ok"": true}, ""visible"": 0, ""open"": [], ""mode"": ""full"", ""t"": 0.0}"
1.67,aisle_crossing,"{""aisle"": ""aisle3"", ""id"": ""c011"", ""line"": ""in"", ""dir"": ""in"", ""t"": 1.67, ""mode"": ""full""}"
1.67,clear_blocked_by_ledger,"{""aisle"": ""aisle3"", ""reason"": ""ledger_open"", ""snapshot"": {""aisle"": ""aisle3"", ""in_n"": 1, ""out_n"": 0, ""open"": [""c011""], ""visible"": 1, ""clear"": false, ""feed_ok"": true}, ""visible"": 1, ""open"": [""c011""], ""mode"": ""full"", ""t"": 1.67}"
1.76,aisle_crossing,"{""aisle"": ""aisle3"", ""id"": ""c011"", ""line"": ""in"", ""dir"": ""out"", ""t"": 1.76, ""mode"": ""full""}"
1.76,clear_blocked_by_ledger,"{""aisle"": ""aisle3"", ""reason"": ""not_confirmed"", ""snapshot"": {""aisle"": ""aisle3"", ""in_n"": 1, ""out_n"": 1, ""open"": [], ""visible"": 0, ""clear"": false, ""feed_ok"": true}, ""visible"": 0, ""open"": [], ""mode"": ""full"", ""t"": 1.76}"
1.86,aisle_crossing,"{""aisle"": ""aisle3"", ""id"": ""c012"", ""line"": ""in"", ""dir"": ""in"", ""t"": 1.86, ""mode"": ""full""}"
1.86,clear_blocked_by_ledger,"{""aisle"": ""aisle3"", ""reason"": ""ledger_open"", ""snapshot"": {""aisle"": ""aisle3"", ""in_n"": 2, ""out_n"": 1, ""open"": [""c012""], ""visible"": 1, ""clear"": false, ""feed_ok"": true}, ""visible"": 1, ""open"": [""c012""], ""mode"": ""full"", ""t"": 1.86}"
1.96,aisle_crossing,"{""aisle"": ""aisle2"", ""id"": ""c005"", ""line"": ""in"", ""dir"": ""in"", ""t"": 1.96, ""mode"": ""full""}"
1.96,aisle_crossing,"{""aisle"": ""aisle2"", ""id"": ""c006"", ""line"": ""in"", ""dir"": ""in"", ""t"": 1.96, ""mode"": ""full""}"
1.96,aisle_crossing,"{""aisle"": ""aisle3"", ""id"": ""c009"", ""line"": ""in"", ""dir"": ""in"", ""t"": 1.96, ""mode"": ""full""}"
1.96,aisle_crossing,"{""aisle"": ""aisle3"", ""id"": ""c012"", ""line"": ""in"", ""dir"": ""out"", ""t"": 1.96, ""mode"": ""full""}"
1.96,clear_blocked_by_ledger,"{""aisle"": ""aisle2"", ""reason"": ""ledger_open"", ""snapshot"": {""aisle"": ""aisle2"", ""in_n"": 2, ""out_n"": 0, ""open"": [""c005"", ""c006""], ""visible"": 2, ""clear"": false, ""feed_ok"": true}, ""visible"": 2, ""open"": [""c005"", ""c006""], ""mode"": ""full"", ""t"": 1.96}"
2.06,aisle_crossing,"{""aisle"": ""aisle1"", ""id"": ""c002"", ""line"": ""in"", ""dir"": ""in"", ""t"": 2.06, ""mode"": ""full""}"
2.06,aisle_crossing,"{""aisle"": ""aisle3"", ""id"": ""c009"", ""line"": ""in"", ""dir"": ""out"", ""t"": 2.06, ""mode"": ""full""}"
2.06,ledger_snapshot,"{""t"": 2.06, ""aisles"": [{""aisle"": ""aisle1"", ""in_n"": 1, ""out_n"": 0, ""open"": [""c002""], ""visible"": 1, ""clear"": false, ""feed_ok"": true}, {""aisle"": ""aisle2"", ""in_n"": 2, ""out_n"": 0, ""open"": [""c005"", ""c006""], ""visible"": 2, ""clear"": false, ""feed_ok"": true}, {""aisle"": ""aisle3"", ""in_n"": 3, ""out_n"": 3, ""open"": [], ""visible"": 0, ""clear"": false, ""feed_ok"": true}]}"
2.06,clear_blocked_by_ledger,"{""aisle"": ""aisle1"", ""reason"": ""ledger_open"", ""snapshot"": {""aisle"": ""aisle1"", ""in_n"": 1, ""out_n"": 0, ""open"": [""c002""], ""visible"": 1, ""clear"": false, ""feed_ok"": true}, ""visible"": 1, ""open"": [""c002""], ""mode"": ""full"", ""t"": 2.06}"
2.06,clear_blocked_by_ledger,"{""aisle"": ""aisle3"", ""reason"": ""not_confirmed"", ""snapshot"": {""aisle"": ""aisle3"", ""in_n"": 3, ""out_n"": 3, ""open"": [], ""visible"": 0, ""clear"": false, ""feed_ok"": true}, ""visible"": 0, ""open"": [], ""mode"": ""full"", ""t"": 2.06}"
2.16,aisle_crossing,"{""aisle"": ""aisle1"", ""id"": ""c002"", ""line"": ""in"", ""dir"": ""out"", ""t"": 2.16, ""mode"": ""full""}"
2.16,aisle_crossing,"{""aisle"": ""aisle2"", ""id"": ""c005"", ""line"": ""in"", ""dir"": ""out"", ""t"": 2.16, ""mode"": ""full""}"
2.16,aisle_crossing,"{""aisle"": ""aisle2"", ""id"": ""c006"", ""line"": ""in"", ""dir"": ""out"", ""t"": 2.16, ""mode"": ""full""}"
2.16,aisle_crossing,"{""aisle"": ""aisle3"", ""id"": ""c009"", ""line"": ""in"", ""dir"": ""in"", ""t"": 2.16, ""mode"": ""full""}"
2.16,aisle_crossing,"{""aisle"": ""aisle3"", ""id"": ""c012"", ""line"": ""in"", ""dir"": ""in"", ""t"": 2.16, ""mode"": ""full""}"
2.16,clear_blocked_by_ledger,"{""aisle"": ""aisle1"", ""reason"": ""not_confirmed"", ""snapshot"": {""aisle"": ""aisle1"", ""in_n"": 1, ""out_n"": 1, ""open"": [], ""visible"": 0, ""clear"": false, ""feed_ok"": true}, ""visible"": 0, ""open"": [], ""mode"": ""full"", ""t"": 2.16}"
2.16,clear_blocked_by_ledger,"{""aisle"": ""aisle2"", ""reason"": ""not_confirmed"", ""snapshot"": {""aisle"": ""aisle2"", ""in_n"": 2, ""out_n"": 2, ""open"": [], ""visible"": 0, ""clear"": false, ""feed_ok"": true}, ""visible"": 0, ""open"": [], ""mode"": ""full"", ""t"": 2.16}"
2.16,clear_blocked_by_ledger,"{""aisle"": ""aisle3"", ""reason"": ""ledger_open"", ""snapshot"": {""aisle"": ""aisle3"", ""in_n"": 5, ""out_n"": 3, ""open"": [""c009"", ""c012""], ""visible"": 2, ""clear"": false, ""feed_ok"": true}, ""visible"": 2, ""open"": [""c009"", ""c012""], ""mode"": ""full"", ""t"": 2.16}"
2.26,aisle_crossing,"{""aisle"": ""aisle2"", ""id"": ""c006"", ""line"": ""in"", ""dir"": ""in"", ""t"": 2.26, ""mode"": ""full""}"
2.26,aisle_crossing,"{""aisle"": ""aisle3"", ""id"": ""c009"", ""line"": ""in"", ""dir"": ""out"", ""t"": 2.26, ""mode"": ""full""}"
2.26,aisle_crossing,"{""aisle"": ""aisle3"", ""id"": ""c012"", ""line"": ""in"", ""dir"": ""out"", ""t"": 2.26, ""mode"": ""full""}"
2.26,clear_blocked_by_ledger,"{""aisle"": ""aisle2"", ""reason"": ""ledger_open"", ""snapshot"": {""aisle"": ""aisle2"", ""in_n"": 3, ""out_n"": 2, ""open"": [""c006""], ""visible"": 1, ""clear"": false, ""feed_ok"": true}, ""visible"": 1, ""open"": [""c006""], ""mode"": ""full"", ""t"": 2.26}"
2.26,clear_blocked_by_ledger,"{""aisle"": ""aisle3"", ""reason"": ""not_confirmed"", ""snapshot"": {""aisle"": ""aisle3"", ""in_n"": 5, ""out_n"": 5, ""open"": [], ""visible"": 0, ""clear"": false, ""feed_ok"": true}, ""visible"": 0, ""open"": [], ""mode"": ""full"", ""t"": 2.26}"
2.36,aisle_crossing,"{""aisle"": ""aisle3"", ""id"": ""c012"", ""line"": ""in"", ""dir"": ""in"", ""t"": 2.36, ""mode"": ""full""}"
2.36,clear_blocked_by_ledger,"{""aisle"": ""aisle3"", ""reason"": ""ledger_open"", ""snapshot"": {""aisle"": ""aisle3"", ""in_n"": 6, ""out_n"": 5, ""open"": [""c012""], ""visible"": 1, ""clear"": false, ""feed_ok"": true}, ""visible"": 1, ""open"": [""c012""], ""mode"": ""full"", ""t"": 2.36}"
2.46,aisle_crossing,"{""aisle"": ""aisle2"", ""id"": ""c005"", ""line"": ""in"", ""dir"": ""in"", ""t"": 2.46, ""mode"": ""full""}"
2.46,aisle_crossing,"{""aisle"": ""aisle2"", ""id"": ""c006"", ""line"": ""in"", ""dir"": ""out"", ""t"": 2.46, ""mode"": ""full""}"
2.46,aisle_crossing,"{""aisle"": ""aisle3"", ""id"": ""c011"", ""line"": ""in"", ""dir"": ""in"", ""t"": 2.46, ""mode"": ""full""}"
2.46,aisle_crossing,"{""aisle"": ""aisle3"", ""id"": ""c012"", ""line"": ""in"", ""dir"": ""out"", ""t"": 2.46, ""mode"": ""full""}"
2.56,aisle_crossing,"{""aisle"": ""aisle2"", ""id"": ""c006"", ""line"": ""in"", ""dir"": ""in"", ""t"": 2.56, ""mode"": ""full""}"
2.56,aisle_crossing,"{""aisle"": ""aisle3"", ""id"": ""c009"", ""line"": ""in"", ""dir"": ""in"", ""t"": 2.56, ""mode"": ""full""}"
2.56,aisle_crossing,"{""aisle"": ""aisle3"", ""id"": ""c011"", ""line"": ""in"", ""dir"": ""out"", ""t"": 2.56, ""mode"": ""full""}"
2.56,aisle_crossing,"{""aisle"": ""aisle3"", ""id"": ""c012"", ""line"": ""in"", ""dir"": ""in"", ""t"": 2.56, ""mode"": ""full""}"
2.66,aisle_crossing,"{""aisle"": ""aisle1"", ""id"": ""c001"", ""line"": ""in"", ""dir"": ""in"", ""t"": 2.66, ""mode"": ""full""}"
2.66,aisle_crossing,"{""aisle"": ""aisle2"", ""id"": ""c005"", ""line"": ""in"", ""dir"": ""out"", ""t"": 2.66, ""mode"": ""full""}"
2.66,aisle_crossing,"{""aisle"": ""aisle3"", ""id"": ""c011"", ""line"": ""in"", ""dir"": ""in"", ""t"": 2.66, ""mode"": ""full""}"
2.66,aisle_crossing,"{""aisle"": ""aisle3"", ""id"": ""c012"", ""line"": ""in"", ""dir"": ""out"", ""t"": 2.66, ""mode"": ""full""}"
2.66,clear_blocked_by_ledger,"{""aisle"": ""aisle1"", ""reason"": ""ledger_open"", ""snapshot"": {""aisle"": ""aisle1"", ""in_n"": 2, ""out_n"": 1, ""open"": [""c001""], ""visible"": 1, ""clear"": false, ""feed_ok"": true}, ""visible"": 1, ""open"": [""c001""], ""mode"": ""full"", ""t"": 2.66}"
2.76,aisle_crossing,"{""aisle"": ""aisle1"", ""id"": ""c001"", ""line"": ""in"", ""dir"": ""out"", ""t"": 2.76, ""mode"": ""full""}"
2.76,aisle_crossing,"{""aisle"": ""aisle2"", ""id"": ""c005"", ""line"": ""in"", ""dir"": ""in"", ""t"": 2.76, ""mode"": ""full""}"
2.76,aisle_crossing,"{""aisle"": ""aisle3"", ""id"": ""c012"", ""line"": ""in"", ""dir"": ""in"", ""t"": 2.76, ""mode"": ""full""}"
2.76,clear_blocked_by_ledger,"{""aisle"": ""aisle1"", ""reason"": ""not_confirmed"", ""snapshot"": {""aisle"": ""aisle1"", ""in_n"": 2, ""out_n"": 2, ""open"": [], ""visible"": 0, ""clear"": false, ""feed_ok"": true}, ""visible"": 0, ""open"": [], ""mode"": ""full"", ""t"": 2.76}"
2.86,aisle_crossing,"{""aisle"": ""aisle2"", ""id"": ""c005"", ""line"": ""in"", ""dir"": ""out"", ""t"": 2.86, ""mode"": ""full""}"
2.96,aisle_crossing,"{""aisle"": ""aisle1"", ""id"": ""c001"", ""line"": ""in"", ""dir"": ""in"", ""t"": 2.96, ""mode"": ""full""}"
2.96,clear_blocked_by_ledger,"{""aisle"": ""aisle1"", ""reason"": ""ledger_open"", ""snapshot"": {""aisle"": ""aisle1"", ""in_n"": 3, ""out_n"": 2, ""open"": [""c001""], ""visible"": 1, ""clear"": false, ""feed_ok"": true}, ""visible"": 1, ""open"": [""c001""], ""mode"": ""full"", ""t"": 2.96}"
3.06,aisle_crossing,"{""aisle"": ""aisle1"", ""id"": ""c002"", ""line"": ""in"", ""dir"": ""in"", ""t"": 3.06, ""mode"": ""full""}"
3.06,aisle_crossing,"{""aisle"": ""aisle2"", ""id"": ""c005"", ""line"": ""in"", ""dir"": ""in"", ""t"": 3.06, ""mode"": ""full""}"
3.16,aisle_crossing,"{""aisle"": ""aisle1"", ""id"": ""c001"", ""line"": ""in"", ""dir"": ""out"", ""t"": 3.16, ""mode"": ""full""}"
3.16,aisle_crossing,"{""aisle"": ""aisle1"", ""id"": ""c002"", ""line"": ""in"", ""dir"": ""out"", ""t"": 3.16, ""mode"": ""full""}"
3.16,clear_blocked_by_ledger,"{""aisle"": ""aisle1"", ""reason"": ""not_confirmed"", ""snapshot"": {""aisle"": ""aisle1"", ""in_n"": 4, ""out_n"": 4, ""open"": [], ""visible"": 0, ""clear"": false, ""feed_ok"": true}, ""visible"": 0, ""open"": [], ""mode"": ""full"", ""t"": 3.16}"
3.27,aisle_crossing,"{""aisle"": ""aisle1"", ""id"": ""c001"", ""line"": ""in"", ""dir"": ""in"", ""t"": 3.27, ""mode"": ""full""}"
3.27,aisle_crossing,"{""aisle"": ""aisle1"", ""id"": ""c002"", ""line"": ""in"", ""dir"": ""in"", ""t"": 3.27, ""mode"": ""full""}"
3.27,clear_blocked_by_ledger,"{""aisle"": ""aisle1"", ""reason"": ""ledger_open"", ""snapshot"": {""aisle"": ""aisle1"", ""in_n"": 6, ""out_n"": 4, ""open"": [""c001"", ""c002""], ""visible"": 2, ""clear"": false, ""feed_ok"": true}, ""visible"": 2, ""open"": [""c001"", ""c002""], ""mode"": ""full"", ""t"": 3.27}"
3.36,aisle_crossing,"{""aisle"": ""aisle1"", ""id"": ""c001"", ""line"": ""in"", ""dir"": ""out"", ""t"": 3.36, ""mode"": ""full""}"
3.36,aisle_crossing,"{""aisle"": ""aisle3"", ""id"": ""c011"", ""line"": ""in"", ""dir"": ""out"", ""t"": 3.36, ""mode"": ""full""}"
3.46,aisle_crossing,"{""aisle"": ""aisle1"", ""id"": ""c001"", ""line"": ""in"", ""dir"": ""in"", ""t"": 3.46, ""mode"": ""full""}"
3.46,aisle_crossing,"{""aisle"": ""aisle3"", ""id"": ""c011"", ""line"": ""in"", ""dir"": ""in"", ""t"": 3.46, ""mode"": ""full""}"
3.56,aisle_crossing,"{""aisle"": ""aisle1"", ""id"": ""c001"", ""line"": ""in"", ""dir"": ""out"", ""t"": 3.56, ""mode"": ""full""}"
3.66,aisle_crossing,"{""aisle"": ""aisle1"", ""id"": ""c001"", ""line"": ""in"", ""dir"": ""in"", ""t"": 3.66, ""mode"": ""full""}"
3.86,aisle_crossing,"{""aisle"": ""aisle1"", ""id"": ""c001"", ""line"": ""in"", ""dir"": ""out"", ""t"": 3.86, ""mode"": ""full""}"
3.96,aisle_crossing,"{""aisle"": ""aisle1"", ""id"": ""c001"", ""line"": ""in"", ""dir"": ""in"", ""t"": 3.96, ""mode"": ""full""}"
3.96,aisle_crossing,"{""aisle"": ""aisle1"", ""id"": ""c002"", ""line"": ""in"", ""dir"": ""out"", ""t"": 3.96, ""mode"": ""full""}"
3.96,aisle_crossing,"{""aisle"": ""aisle1"", ""id"": ""c004"", ""line"": ""in"", ""dir"": ""in"", ""t"": 3.96, ""mode"": ""full""}"
4.07,aisle_crossing,"{""aisle"": ""aisle1"", ""id"": ""c002"", ""line"": ""in"", ""dir"": ""in"", ""t"": 4.07, ""mode"": ""full""}"
4.07,aisle_crossing,"{""aisle"": ""aisle1"", ""id"": ""c004"", ""line"": ""in"", ""dir"": ""out"", ""t"": 4.07, ""mode"": ""full""}"
4.07,ledger_snapshot,"{""t"": 4.07, ""aisles"": [{""aisle"": ""aisle1"", ""in_n"": 11, ""out_n"": 9, ""open"": [""c001"", ""c002""], ""visible"": 2, ""clear"": false, ""feed_ok"": true}, {""aisle"": ""aisle2"", ""in_n"": 7, ""out_n"": 5, ""open"": [""c005"", ""c006""], ""visible"": 1, ""clear"": false, ""feed_ok"": true}, {""aisle"": ""aisle3"", ""in_n"": 12, ""out_n"": 9, ""open"": [""c009"", ""c011"", ""c012""], ""visible"": 3, ""clear"": false, ""feed_ok"": true}]}"
4.46,aisle_crossing,"{""aisle"": ""aisle1"", ""id"": ""c002"", ""line"": ""in"", ""dir"": ""out"", ""t"": 4.46, ""mode"": ""full""}"
4.56,aisle_crossing,"{""aisle"": ""aisle1"", ""id"": ""c002"", ""line"": ""in"", ""dir"": ""in"", ""t"": 4.56, ""mode"": ""full""}"
4.56,aisle_crossing,"{""aisle"": ""aisle1"", ""id"": ""c004"", ""line"": ""in"", ""dir"": ""in"", ""t"": 4.56, ""mode"": ""full""}"
5.06,aisle_crossing,"{""aisle"": ""aisle1"", ""id"": ""c004"", ""line"": ""in"", ""dir"": ""out"", ""t"": 5.06, ""mode"": ""full""}"
5.26,aisle_crossing,"{""aisle"": ""aisle1"", ""id"": ""c004"", ""line"": ""in"", ""dir"": ""in"", ""t"": 5.26, ""mode"": ""full""}"
5.36,aisle_crossing,"{""aisle"": ""aisle1"", ""id"": ""c004"", ""line"": ""in"", ""dir"": ""out"", ""t"": 5.36, ""mode"": ""full""}"
5.46,aisle_crossing,"{""aisle"": ""aisle1"", ""id"": ""c004"", ""line"": ""in"", ""dir"": ""in"", ""t"": 5.46, ""mode"": ""full""}"
5.46,aisle_crossing,"{""aisle"": ""aisle2"", ""id"": ""c008"", ""line"": ""in"", ""dir"": ""in"", ""t"": 5.46, ""mode"": ""full""}"
5.56,aisle_crossing,"{""aisle"": ""aisle1"", ""id"": ""c004"", ""line"": ""in"", ""dir"": ""out"", ""t"": 5.56, ""mode"": ""full""}"
5.56,aisle_crossing,"{""aisle"": ""aisle2"", ""id"": ""c008"", ""line"": ""in"", ""dir"": ""out"", ""t"": 5.56, ""mode"": ""full""}"
5.66,aisle_crossing,"{""aisle"": ""aisle1"", ""id"": ""c004"", ""line"": ""in"", ""dir"": ""in"", ""t"": 5.66, ""mode"": ""full""}"
5.86,aisle_crossing,"{""aisle"": ""aisle3"", ""id"": ""c010"", ""line"": ""in"", ""dir"": ""in"", ""t"": 5.86, ""mode"": ""full""}"
5.96,aisle_crossing,"{""aisle"": ""aisle3"", ""id"": ""c010"", ""line"": ""in"", ""dir"": ""out"", ""t"": 5.96, ""mode"": ""full""}"
6.06,aisle_crossing,"{""aisle"": ""aisle3"", ""id"": ""c010"", ""line"": ""in"", ""dir"": ""in"", ""t"": 6.06, ""mode"": ""full""}"
6.16,aisle_crossing,"{""aisle"": ""aisle3"", ""id"": ""c010"", ""line"": ""in"", ""dir"": ""out"", ""t"": 6.16, ""mode"": ""full""}"
6.16,ledger_snapshot,"{""t"": 6.16, ""aisles"": [{""aisle"": ""aisle1"", ""in_n"": 16, ""out_n"": 13, ""open"": [""c001"", ""c002"", ""c004""], ""visible"": 2, ""clear"": false, ""feed_ok"": true}, {""aisle"": ""aisle2"", ""in_n"": 8, ""out_n"": 6, ""open"": [""c005"", ""c006""], ""visible"": 1, ""clear"": false, ""feed_ok"": true}, {""aisle"": ""aisle3"", ""in_n"": 14, ""out_n"": 11, ""open"": [""c009"", ""c011"", ""c012""], ""visible"": 1, ""clear"": false, ""feed_ok"": true}]}"
6.27,aisle_crossing,"{""aisle"": ""aisle2"", ""id"": ""c008"", ""line"": ""in"", ""dir"": ""in"", ""t"": 6.27, ""mode"": ""full""}"
6.36,aisle_crossing,"{""aisle"": ""aisle3"", ""id"": ""c010"", ""line"": ""in"", ""dir"": ""in"", ""t"": 6.36, ""mode"": ""full""}"
6.46,aisle_crossing,"{""aisle"": ""aisle1"", ""id"": ""c004"", ""line"": ""in"", ""dir"": ""out"", ""t"": 6.46, ""mode"": ""full""}"
6.56,aisle_crossing,"{""aisle"": ""aisle1"", ""id"": ""c004"", ""line"": ""in"", ""dir"": ""in"", ""t"": 6.56, ""mode"": ""full""}"
6.56,aisle_crossing,"{""aisle"": ""aisle2"", ""id"": ""c008"", ""line"": ""in"", ""dir"": ""out"", ""t"": 6.56, ""mode"": ""full""}"
6.66,aisle_crossing,"{""aisle"": ""aisle2"", ""id"": ""c008"", ""line"": ""in"", ""dir"": ""in"", ""t"": 6.66, ""mode"": ""full""}"
6.76,aisle_crossing,"{""aisle"": ""aisle2"", ""id"": ""c008"", ""line"": ""in"", ""dir"": ""out"", ""t"": 6.76, ""mode"": ""full""}"
6.96,aisle_crossing,"{""aisle"": ""aisle2"", ""id"": ""c007"", ""line"": ""in"", ""dir"": ""in"", ""t"": 6.96, ""mode"": ""full""}"
6.96,aisle_crossing,"{""aisle"": ""aisle2"", ""id"": ""c008"", ""line"": ""in"", ""dir"": ""in"", ""t"": 6.96, ""mode"": ""full""}"
6.96,aisle_crossing,"{""aisle"": ""aisle3"", ""id"": ""c010"", ""line"": ""in"", ""dir"": ""out"", ""t"": 6.96, ""mode"": ""full""}"
7.06,aisle_crossing,"{""aisle"": ""aisle2"", ""id"": ""c007"", ""line"": ""in"", ""dir"": ""out"", ""t"": 7.06, ""mode"": ""full""}"
7.06,aisle_crossing,"{""aisle"": ""aisle3"", ""id"": ""c010"", ""line"": ""in"", ""dir"": ""in"", ""t"": 7.06, ""mode"": ""full""}"
7.26,clear_blocked_by_ledger,"{""aisle"": ""aisle2"", ""reason"": ""ledger_open"", ""snapshot"": {""aisle"": ""aisle2"", ""in_n"": 12, ""out_n"": 9, ""open"": [""c005"", ""c006"", ""c008""], ""visible"": 1, ""clear"": false, ""feed_ok"": true}, ""visible"": 1, ""open"": [""c005"", ""c006"", ""c008""], ""mode"": ""full"", ""t"": 7.26}"
7.46,clear_blocked_by_ledger,"{""aisle"": ""aisle3"", ""reason"": ""ledger_open"", ""snapshot"": {""aisle"": ""aisle3"", ""in_n"": 16, ""out_n"": 12, ""open"": [""c009"", ""c010"", ""c011"", ""c012""], ""visible"": 1, ""clear"": false, ""feed_ok"": true}, ""visible"": 1, ""open"": [""c009"", ""c010"", ""c011"", ""c012""], ""mode"": ""full"", ""t"": 7.46}"
7.76,aisle_crossing,"{""aisle"": ""aisle2"", ""id"": ""c008"", ""line"": ""in"", ""dir"": ""out"", ""t"": 7.76, ""mode"": ""full""}"
7.86,aisle_crossing,"{""aisle"": ""aisle2"", ""id"": ""c008"", ""line"": ""in"", ""dir"": ""in"", ""t"": 7.86, ""mode"": ""full""}"
7.96,aisle_crossing,"{""aisle"": ""aisle2"", ""id"": ""c008"", ""line"": ""in"", ""dir"": ""out"", ""t"": 7.96, ""mode"": ""full""}"
8.07,aisle_crossing,"{""aisle"": ""aisle2"", ""id"": ""c008"", ""line"": ""in"", ""dir"": ""in"", ""t"": 8.07, ""mode"": ""full""}"
8.16,aisle_crossing,"{""aisle"": ""aisle2"", ""id"": ""c008"", ""line"": ""in"", ""dir"": ""out"", ""t"": 8.16, ""mode"": ""full""}"
8.26,aisle_crossing,"{""aisle"": ""aisle2"", ""id"": ""c008"", ""line"": ""in"", ""dir"": ""in"", ""t"": 8.26, ""mode"": ""full""}"
8.26,ledger_snapshot,"{""t"": 8.26, ""aisles"": [{""aisle"": ""aisle1"", ""in_n"": 17, ""out_n"": 14, ""open"": [""c001"", ""c002"", ""c004""], ""visible"": 1, ""clear"": false, ""feed_ok"": true}, {""aisle"": ""aisle2"", ""in_n"": 15, ""out_n"": 12, ""open"": [""c005"", ""c006"", ""c008""], ""visible"": 1, ""clear"": false, ""feed_ok"": true}, {""aisle"": ""aisle3"", ""in_n"": 16, ""out_n"": 12, ""open"": [""c009"", ""c010"", ""c011"", ""c012""], ""visible"": 1, ""clear"": false, ""feed_ok"": true}]}"
8.36,clear_blocked_by_ledger,"{""aisle"": ""aisle1"", ""reason"": ""ledger_open"", ""snapshot"": {""aisle"": ""aisle1"", ""in_n"": 17, ""out_n"": 14, ""open"": [""c001"", ""c002"", ""c004""], ""visible"": 1, ""clear"": false, ""feed_ok"": true}, ""visible"": 1, ""open"": [""c001"", ""c002"", ""c004""], ""mode"": ""full"", ""t"": 8.36}"
8.47,aisle_crossing,"{""aisle"": ""aisle1"", ""id"": ""c003"", ""line"": ""in"", ""dir"": ""in"", ""t"": 8.47, ""mode"": ""full""}"
8.57,aisle_crossing,"{""aisle"": ""aisle1"", ""id"": ""c003"", ""line"": ""in"", ""dir"": ""out"", ""t"": 8.57, ""mode"": ""full""}"
8.57,aisle_crossing,"{""aisle"": ""aisle2"", ""id"": ""c007"", ""line"": ""in"", ""dir"": ""in"", ""t"": 8.57, ""mode"": ""full""}"
9.17,aisle_crossing,"{""aisle"": ""aisle2"", ""id"": ""c007"", ""line"": ""in"", ""dir"": ""out"", ""t"": 9.17, ""mode"": ""full""}"
9.27,aisle_crossing,"{""aisle"": ""aisle2"", ""id"": ""c007"", ""line"": ""in"", ""dir"": ""in"", ""t"": 9.27, ""mode"": ""full""}"
9.46,aisle_crossing,"{""aisle"": ""aisle1"", ""id"": ""c003"", ""line"": ""in"", ""dir"": ""in"", ""t"": 9.46, ""mode"": ""full""}"
9.56,aisle_crossing,"{""aisle"": ""aisle1"", ""id"": ""c003"", ""line"": ""in"", ""dir"": ""out"", ""t"": 9.56, ""mode"": ""full""}"
9.67,aisle_crossing,"{""aisle"": ""aisle1"", ""id"": ""c003"", ""line"": ""in"", ""dir"": ""in"", ""t"": 9.67, ""mode"": ""full""}"
9.76,aisle_crossing,"{""aisle"": ""aisle1"", ""id"": ""c003"", ""line"": ""in"", ""dir"": ""out"", ""t"": 9.76, ""mode"": ""full""}"
10.26,aisle_crossing,"{""aisle"": ""aisle1"", ""id"": ""c003"", ""line"": ""in"", ""dir"": ""in"", ""t"": 10.26, ""mode"": ""full""}"
10.36,aisle_crossing,"{""aisle"": ""aisle1"", ""id"": ""c003"", ""line"": ""in"", ""dir"": ""out"", ""t"": 10.36, ""mode"": ""full""}"
10.36,ledger_snapshot,"{""t"": 10.36, ""aisles"": [{""aisle"": ""aisle1"", ""in_n"": 21, ""out_n"": 18, ""open"": [""c001"", ""c002"", ""c004""], ""visible"": 0, ""clear"": false, ""feed_ok"": true}, {""aisle"": ""aisle2"", ""in_n"": 17, ""out_n"": 13, ""open"": [""c005"", ""c006"", ""c007"", ""c008""], ""visible"": 2, ""clear"": false, ""feed_ok"": true}, {""aisle"": ""aisle3"", ""in_n"": 16, ""out_n"": 12, ""open"": [""c009"", ""c010"", ""c011"", ""c012""], ""visible"": 1, ""clear"": false, ""feed_ok"": true}]}"
10.46,aisle_crossing,"{""aisle"": ""aisle1"", ""id"": ""c003"", ""line"": ""in"", ""dir"": ""in"", ""t"": 10.46, ""mode"": ""full""}"
10.98,aisle_crossing,"{""aisle"": ""aisle1"", ""id"": ""c003"", ""line"": ""in"", ""dir"": ""out"", ""t"": 10.98, ""mode"": ""full""}"
11.06,aisle_crossing,"{""aisle"": ""aisle1"", ""id"": ""c003"", ""line"": ""in"", ""dir"": ""in"", ""t"": 11.06, ""mode"": ""full""}"
11.16,aisle_crossing,"{""aisle"": ""aisle1"", ""id"": ""c003"", ""line"": ""in"", ""dir"": ""out"", ""t"": 11.16, ""mode"": ""full""}"
11.26,aisle_crossing,"{""aisle"": ""aisle1"", ""id"": ""c003"", ""line"": ""in"", ""dir"": ""in"", ""t"": 11.26, ""mode"": ""full""}"
11.36,aisle_crossing,"{""aisle"": ""aisle1"", ""id"": ""c003"", ""line"": ""in"", ""dir"": ""out"", ""t"": 11.36, ""mode"": ""full""}"
11.48,aisle_crossing,"{""aisle"": ""aisle1"", ""id"": ""c003"", ""line"": ""in"", ""dir"": ""in"", ""t"": 11.48, ""mode"": ""full""}"
12.17,aisle_crossing,"{""aisle"": ""aisle1"", ""id"": ""c003"", ""line"": ""in"", ""dir"": ""out"", ""t"": 12.17, ""mode"": ""full""}"
12.26,aisle_crossing,"{""aisle"": ""aisle1"", ""id"": ""c003"", ""line"": ""in"", ""dir"": ""in"", ""t"": 12.26, ""mode"": ""full""}"
12.26,clear_blocked_by_ledger,"{""aisle"": ""aisle2"", ""reason"": ""ledger_open"", ""snapshot"": {""aisle"": ""aisle2"", ""in_n"": 17, ""out_n"": 13, ""open"": [""c005"", ""c006"", ""c007"", ""c008""], ""visible"": 1, ""clear"": false, ""feed_ok"": true}, ""visible"": 1, ""open"": [""c005"", ""c006"", ""c007"", ""c008""], ""mode"": ""full"", ""t"": 12.26}"
12.37,aisle_crossing,"{""aisle"": ""aisle1"", ""id"": ""c003"", ""line"": ""in"", ""dir"": ""out"", ""t"": 12.37, ""mode"": ""full""}"
12.37,ledger_snapshot,"{""t"": 12.37, ""aisles"": [{""aisle"": ""aisle1"", ""in_n"": 26, ""out_n"": 23, ""open"": [""c001"", ""c002"", ""c004""], ""visible"": 0, ""clear"": false, ""feed_ok"": true}, {""aisle"": ""aisle2"", ""in_n"": 17, ""out_n"": 13, ""open"": [""c005"", ""c006"", ""c007"", ""c008""], ""visible"": 1, ""clear"": false, ""feed_ok"": true}, {""aisle"": ""aisle3"", ""in_n"": 16, ""out_n"": 12, ""open"": [""c009"", ""c010"", ""c011"", ""c012""], ""visible"": 0, ""clear"": false, ""feed_ok"": true}]}"
12.46,aisle_crossing,"{""aisle"": ""aisle1"", ""id"": ""c003"", ""line"": ""in"", ""dir"": ""in"", ""t"": 12.46, ""mode"": ""full""}"
12.46,clear_blocked_by_ledger,"{""aisle"": ""aisle3"", ""reason"": ""ledger_open"", ""snapshot"": {""aisle"": ""aisle3"", ""in_n"": 16, ""out_n"": 12, ""open"": [""c009"", ""c010"", ""c011"", ""c012""], ""visible"": 0, ""clear"": false, ""feed_ok"": true}, ""visible"": 0, ""open"": [""c009"", ""c010"", ""c011"", ""c012""], ""mode"": ""full"", ""t"": 12.46}"
13.46,clear_blocked_by_ledger,"{""aisle"": ""aisle1"", ""reason"": ""ledger_open"", ""snapshot"": {""aisle"": ""aisle1"", ""in_n"": 27, ""out_n"": 23, ""open"": [""c001"", ""c002"", ""c003"", ""c004""], ""visible"": 1, ""clear"": false, ""feed_ok"": true}, ""visible"": 1, ""open"": [""c001"", ""c002"", ""c003"", ""c004""], ""mode"": ""full"", ""t"": 13.46}"
14.16,phase,"{""from"": ""to_standby"", ""to"": ""wait_clear""}"
14.16,at_standby,"{""aisle"": ""aisle1"", ""end"": ""front"", ""mode"": ""full"", ""t"": 14.16}"
14.46,ledger_snapshot,"{""t"": 14.46, ""aisles"": [{""aisle"": ""aisle1"", ""in_n"": 27, ""out_n"": 23, ""open"": [""c001"", ""c002"", ""c003"", ""c004""], ""visible"": 1, ""clear"": false, ""feed_ok"": true}, {""aisle"": ""aisle2"", ""in_n"": 17, ""out_n"": 13, ""open"": [""c005"", ""c006"", ""c007"", ""c008""], ""visible"": 1, ""clear"": false, ""feed_ok"": true}, {""aisle"": ""aisle3"", ""in_n"": 16, ""out_n"": 12, ""open"": [""c009"", ""c010"", ""c011"", ""c012""], ""visible"": 0, ""clear"": false, ""feed_ok"": true}]}"
16.06,goal_done,"{""seq"": 1, ""status"": 4}"
16.46,ledger_snapshot,"{""t"": 16.46, ""aisles"": [{""aisle"": ""aisle1"", ""in_n"": 27, ""out_n"": 23, ""open"": [""c001"", ""c002"", ""c003"", ""c004""], ""visible"": 0, ""clear"": false, ""feed_ok"": true}, {""aisle"": ""aisle2"", ""in_n"": 17, ""out_n"": 13, ""open"": [""c005"", ""c006"", ""c007"", ""c008""], ""visible"": 0, ""clear"": false, ""feed_ok"": true}, {""aisle"": ""aisle3"", ""in_n"": 16, ""out_n"": 12, ""open"": [""c009"", ""c010"", ""c011"", ""c012""], ""visible"": 0, ""clear"": false, ""feed_ok"": true}]}"
17.26,clear_blocked_by_ledger,"{""aisle"": ""aisle2"", ""reason"": ""ledger_open"", ""snapshot"": {""aisle"": ""aisle2"", ""in_n"": 17, ""out_n"": 13, ""open"": [""c005"", ""c006"", ""c007"", ""c008""], ""visible"": 0, ""clear"": false, ""feed_ok"": true}, ""visible"": 0, ""open"": [""c005"", ""c006"", ""c007"", ""c008""], ""mode"": ""full"", ""t"": 17.26}"
17.56,clear_blocked_by_ledger,"{""aisle"": ""aisle3"", ""reason"": ""ledger_open"", ""snapshot"": {""aisle"": ""aisle3"", ""in_n"": 16, ""out_n"": 12, ""open"": [""c009"", ""c010"", ""c011"", ""c012""], ""visible"": 0, ""clear"": false, ""feed_ok"": true}, ""visible"": 0, ""open"": [""c009"", ""c010"", ""c011"", ""c012""], ""mode"": ""full"", ""t"": 17.56}"
18.46,clear_blocked_by_ledger,"{""aisle"": ""aisle1"", ""reason"": ""ledger_open"", ""snapshot"": {""aisle"": ""aisle1"", ""in_n"": 27, ""out_n"": 23, ""open"": [""c001"", ""c002"", ""c003"", ""c004""], ""visible"": 0, ""clear"": false, ""feed_ok"": true}, ""visible"": 0, ""open"": [""c001"", ""c002"", ""c003"", ""c004""], ""mode"": ""full"", ""t"": 18.46}"
18.56,ledger_snapshot,"{""t"": 18.56, ""aisles"": [{""aisle"": ""aisle1"", ""in_n"": 27, ""out_n"": 23, ""open"": [""c001"", ""c002"", ""c003"", ""c004""], ""visible"": 0, ""clear"": false, ""feed_ok"": true}, {""aisle"": ""aisle2"", ""in_n"": 17, ""out_n"": 13, ""open"": [""c005"", ""c006"", ""c007"", ""c008""], ""visible"": 0, ""clear"": false, ""feed_ok"": true}, {""aisle"": ""aisle3"", ""in_n"": 16, ""out_n"": 12, ""open"": [""c009"", ""c010"", ""c011"", ""c012""], ""visible"": 0, ""clear"": false, ""feed_ok"": true}]}"
20.66,ledger_snapshot,"{""t"": 20.66, ""aisles"": [{""aisle"": ""aisle1"", ""in_n"": 27, ""out_n"": 23, ""open"": [""c001"", ""c002"", ""c003"", ""c004""], ""visible"": 0, ""clear"": false, ""feed_ok"": true}, {""aisle"": ""aisle2"", ""in_n"": 17, ""out_n"": 13, ""open"": [""c005"", ""c006"", ""c007"", ""c008""], ""visible"": 0, ""clear"": false, ""feed_ok"": true}, {""aisle"": ""aisle3"", ""in_n"": 16, ""out_n"": 12, ""open"": [""c009"", ""c010"", ""c011"", ""c012""], ""visible"": 0, ""clear"": false, ""feed_ok"": true}]}"
22.36,clear_blocked_by_ledger,"{""aisle"": ""aisle2"", ""reason"": ""ledger_open"", ""snapshot"": {""aisle"": ""aisle2"", ""in_n"": 17, ""out_n"": 13, ""open"": [""c005"", ""c006"", ""c007"", ""c008""], ""visible"": 0, ""clear"": false, ""feed_ok"": true}, ""visible"": 0, ""open"": [""c005"", ""c006"", ""c007"", ""c008""], ""mode"": ""full"", ""t"": 22.36}"
22.66,clear_blocked_by_ledger,"{""aisle"": ""aisle3"", ""reason"": ""ledger_open"", ""snapshot"": {""aisle"": ""aisle3"", ""in_n"": 16, ""out_n"": 12, ""open"": [""c009"", ""c010"", ""c011"", ""c012""], ""visible"": 0, ""clear"": false, ""feed_ok"": true}, ""visible"": 0, ""open"": [""c009"", ""c010"", ""c011"", ""c012""], ""mode"": ""full"", ""t"": 22.66}"
22.76,ledger_snapshot,"{""t"": 22.76, ""aisles"": [{""aisle"": ""aisle1"", ""in_n"": 27, ""out_n"": 23, ""open"": [""c001"", ""c002"", ""c003"", ""c004""], ""visible"": 0, ""clear"": false, ""feed_ok"": true}, {""aisle"": ""aisle2"", ""in_n"": 17, ""out_n"": 13, ""open"": [""c005"", ""c006"", ""c007"", ""c008""], ""visible"": 0, ""clear"": false, ""feed_ok"": true}, {""aisle"": ""aisle3"", ""in_n"": 16, ""out_n"": 12, ""open"": [""c009"", ""c010"", ""c011"", ""c012""], ""visible"": 0, ""clear"": false, ""feed_ok"": true}]}"
23.56,clear_blocked_by_ledger,"{""aisle"": ""aisle1"", ""reason"": ""ledger_open"", ""snapshot"": {""aisle"": ""aisle1"", ""in_n"": 27, ""out_n"": 23, ""open"": [""c001"", ""c002"", ""c003"", ""c004""], ""visible"": 0, ""clear"": false, ""feed_ok"": true}, ""visible"": 0, ""open"": [""c001"", ""c002"", ""c003"", ""c004""], ""mode"": ""full"", ""t"": 23.56}"
24.86,ledger_snapshot,"{""t"": 24.86, ""aisles"": [{""aisle"": ""aisle1"", ""in_n"": 27, ""out_n"": 23, ""open"": [""c001"", ""c002"", ""c003"", ""c004""], ""visible"": 0, ""clear"": false, ""feed_ok"": true}, {""aisle"": ""aisle2"", ""in_n"": 17, ""out_n"": 13, ""open"": [""c005"", ""c006"", ""c007"", ""c008""], ""visible"": 0, ""clear"": false, ""feed_ok"": true}, {""aisle"": ""aisle3"", ""in_n"": 16, ""out_n"": 12, ""open"": [""c009"", ""c010"", ""c011"", ""c012""], ""visible"": 0, ""clear"": false, ""feed_ok"": true}]}"
26.86,ledger_snapshot,"{""t"": 26.86, ""aisles"": [{""aisle"": ""aisle1"", ""in_n"": 27, ""out_n"": 23, ""open"": [""c001"", ""c002"", ""c003"", ""c004""], ""visible"": 0, ""clear"": false, ""feed_ok"": true}, {""aisle"": ""aisle2"", ""in_n"": 17, ""out_n"": 13, ""open"": [""c005"", ""c006"", ""c007"", ""c008""], ""visible"": 0, ""clear"": false, ""feed_ok"": true}, {""aisle"": ""aisle3"", ""in_n"": 16, ""out_n"": 12, ""open"": [""c009"", ""c010"", ""c011"", ""c012""], ""visible"": 0, ""clear"": false, ""feed_ok"": true}]}"
27.46,clear_blocked_by_ledger,"{""aisle"": ""aisle2"", ""reason"": ""ledger_open"", ""snapshot"": {""aisle"": ""aisle2"", ""in_n"": 17, ""out_n"": 13, ""open"": [""c005"", ""c006"", ""c007"", ""c008""], ""visible"": 0, ""clear"": false, ""feed_ok"": true}, ""visible"": 0, ""open"": [""c005"", ""c006"", ""c007"", ""c008""], ""mode"": ""full"", ""t"": 27.46}"
27.66,clear_blocked_by_ledger,"{""aisle"": ""aisle3"", ""reason"": ""ledger_open"", ""snapshot"": {""aisle"": ""aisle3"", ""in_n"": 16, ""out_n"": 12, ""open"": [""c009"", ""c010"", ""c011"", ""c012""], ""visible"": 0, ""clear"": false, ""feed_ok"": true}, ""visible"": 0, ""open"": [""c009"", ""c010"", ""c011"", ""c012""], ""mode"": ""full"", ""t"": 27.66}"
28.56,clear_blocked_by_ledger,"{""aisle"": ""aisle1"", ""reason"": ""ledger_open"", ""snapshot"": {""aisle"": ""aisle1"", ""in_n"": 27, ""out_n"": 23, ""open"": [""c001"", ""c002"", ""c003"", ""c004""], ""visible"": 0, ""clear"": false, ""feed_ok"": true}, ""visible"": 0, ""open"": [""c001"", ""c002"", ""c003"", ""c004""], ""mode"": ""full"", ""t"": 28.56}"
28.96,ledger_snapshot,"{""t"": 28.96, ""aisles"": [{""aisle"": ""aisle1"", ""in_n"": 27, ""out_n"": 23, ""open"": [""c001"", ""c002"", ""c003"", ""c004""], ""visible"": 0, ""clear"": false, ""feed_ok"": true}, {""aisle"": ""aisle2"", ""in_n"": 17, ""out_n"": 13, ""open"": [""c005"", ""c006"", ""c007"", ""c008""], ""visible"": 0, ""clear"": false, ""feed_ok"": true}, {""aisle"": ""aisle3"", ""in_n"": 16, ""out_n"": 12, ""open"": [""c009"", ""c010"", ""c011"", ""c012""], ""visible"": 0, ""clear"": false, ""feed_ok"": true}]}"
30.96,ledger_snapshot,"{""t"": 30.96, ""aisles"": [{""aisle"": ""aisle1"", ""in_n"": 27, ""out_n"": 23, ""open"": [""c001"", ""c002"", ""c003"", ""c004""], ""visible"": 0, ""clear"": false, ""feed_ok"": true}, {""aisle"": ""aisle2"", ""in_n"": 17, ""out_n"": 13, ""open"": [""c005"", ""c006"", ""c007"", ""c008""], ""visible"": 0, ""clear"": false, ""feed_ok"": true}, {""aisle"": ""aisle3"", ""in_n"": 16, ""out_n"": 12, ""open"": [""c009"", ""c010"", ""c011"", ""c012""], ""visible"": 0, ""clear"": false, ""feed_ok"": true}]}"
32.46,clear_blocked_by_ledger,"{""aisle"": ""aisle2"", ""reason"": ""ledger_open"", ""snapshot"": {""aisle"": ""aisle2"", ""in_n"": 17, ""out_n"": 13, ""open"": [""c005"", ""c006"", ""c007"", ""c008""], ""visible"": 0, ""clear"": false, ""feed_ok"": true}, ""visible"": 0, ""open"": [""c005"", ""c006"", ""c007"", ""c008""], ""mode"": ""full"", ""t"": 32.46}"
32.76,clear_blocked_by_ledger,"{""aisle"": ""aisle3"", ""reason"": ""ledger_open"", ""snapshot"": {""aisle"": ""aisle3"", ""in_n"": 16, ""out_n"": 12, ""open"": [""c009"", ""c010"", ""c011"", ""c012""], ""visible"": 0, ""clear"": false, ""feed_ok"": true}, ""visible"": 0, ""open"": [""c009"", ""c010"", ""c011"", ""c012""], ""mode"": ""full"", ""t"": 32.76}"
33.06,ledger_snapshot,"{""t"": 33.06, ""aisles"": [{""aisle"": ""aisle1"", ""in_n"": 27, ""out_n"": 23, ""open"": [""c001"", ""c002"", ""c003"", ""c004""], ""visible"": 0, ""clear"": false, ""feed_ok"": true}, {""aisle"": ""aisle2"", ""in_n"": 17, ""out_n"": 13, ""open"": [""c005"", ""c006"", ""c007"", ""c008""], ""visible"": 0, ""clear"": false, ""feed_ok"": true}, {""aisle"": ""aisle3"", ""in_n"": 16, ""out_n"": 12, ""open"": [""c009"", ""c010"", ""c011"", ""c012""], ""visible"": 0, ""clear"": false, ""feed_ok"": true}]}"
33.66,clear_blocked_by_ledger,"{""aisle"": ""aisle1"", ""reason"": ""ledger_open"", ""snapshot"": {""aisle"": ""aisle1"", ""in_n"": 27, ""out_n"": 23, ""open"": [""c001"", ""c002"", ""c003"", ""c004""], ""visible"": 0, ""clear"": false, ""feed_ok"": true}, ""visible"": 0, ""open"": [""c001"", ""c002"", ""c003"", ""c004""], ""mode"": ""full"", ""t"": 33.66}"
35.06,ledger_snapshot,"{""t"": 35.06, ""aisles"": [{""aisle"": ""aisle1"", ""in_n"": 27, ""out_n"": 23, ""open"": [""c001"", ""c002"", ""c003"", ""c004""], ""visible"": 0, ""clear"": false, ""feed_ok"": true}, {""aisle"": ""aisle2"", ""in_n"": 17, ""out_n"": 13, ""open"": [""c005"", ""c006"", ""c007"", ""c008""], ""visible"": 0, ""clear"": false, ""feed_ok"": true}, {""aisle"": ""aisle3"", ""in_n"": 16, ""out_n"": 12, ""open"": [""c009"", ""c010"", ""c011"", ""c012""], ""visible"": 0, ""clear"": false, ""feed_ok"": true}]}"
37.16,ledger_snapshot,"{""t"": 37.16, ""aisles"": [{""aisle"": ""aisle1"", ""in_n"": 27, ""out_n"": 23, ""open"": [""c001"", ""c002"", ""c003"", ""c004""], ""visible"": 0, ""clear"": false, ""feed_ok"": true}, {""aisle"": ""aisle2"", ""in_n"": 17, ""out_n"": 13, ""open"": [""c005"", ""c006"", ""c007"", ""c008""], ""visible"": 0, ""clear"": false, ""feed_ok"": true}, {""aisle"": ""aisle3"", ""in_n"": 16, ""out_n"": 12, ""open"": [""c009"", ""c010"", ""c011"", ""c012""], ""visible"": 0, ""clear"": false, ""feed_ok"": true}]}"
37.46,clear_blocked_by_ledger,"{""aisle"": ""aisle2"", ""reason"": ""ledger_open"", ""snapshot"": {""aisle"": ""aisle2"", ""in_n"": 17, ""out_n"": 13, ""open"": [""c005"", ""c006"", ""c007"", ""c008""], ""visible"": 0, ""clear"": false, ""feed_ok"": true}, ""visible"": 0, ""open"": [""c005"", ""c006"", ""c007"", ""c008""], ""mode"": ""full"", ""t"": 37.46}"
37.87,clear_blocked_by_ledger,"{""aisle"": ""aisle3"", ""reason"": ""ledger_open"", ""snapshot"": {""aisle"": ""aisle3"", ""in_n"": 16, ""out_n"": 12, ""open"": [""c009"", ""c010"", ""c011"", ""c012""], ""visible"": 0, ""clear"": false, ""feed_ok"": true}, ""visible"": 0, ""open"": [""c009"", ""c010"", ""c011"", ""c012""], ""mode"": ""full"", ""t"": 37.87}"
38.77,clear_blocked_by_ledger,"{""aisle"": ""aisle1"", ""reason"": ""ledger_open"", ""snapshot"": {""aisle"": ""aisle1"", ""in_n"": 27, ""out_n"": 23, ""open"": [""c001"", ""c002"", ""c003"", ""c004""], ""visible"": 1, ""clear"": false, ""feed_ok"": true}, ""visible"": 1, ""open"": [""c001"", ""c002"", ""c003"", ""c004""], ""mode"": ""full"", ""t"": 38.77}"
39.17,ledger_snapshot,"{""t"": 39.17, ""aisles"": [{""aisle"": ""aisle1"", ""in_n"": 27, ""out_n"": 23, ""open"": [""c001"", ""c002"", ""c003"", ""c004""], ""visible"": 1, ""clear"": false, ""feed_ok"": true}, {""aisle"": ""aisle2"", ""in_n"": 17, ""out_n"": 13, ""open"": [""c005"", ""c006"", ""c007"", ""c008""], ""visible"": 0, ""clear"": false, ""feed_ok"": true}, {""aisle"": ""aisle3"", ""in_n"": 16, ""out_n"": 12, ""open"": [""c009"", ""c010"", ""c011"", ""c012""], ""visible"": 0, ""clear"": false, ""feed_ok"": true}]}"
39.77,aisle_crossing,"{""aisle"": ""aisle1"", ""id"": ""c002"", ""line"": ""out"", ""dir"": ""out"", ""t"": 39.77, ""mode"": ""full""}"
39.86,aisle_crossing,"{""aisle"": ""aisle1"", ""id"": ""c002"", ""line"": ""out"", ""dir"": ""in"", ""t"": 39.86, ""mode"": ""full""}"
39.97,aisle_crossing,"{""aisle"": ""aisle1"", ""id"": ""c002"", ""line"": ""out"", ""dir"": ""out"", ""t"": 39.97, ""mode"": ""full""}"
40.17,aisle_crossing,"{""aisle"": ""aisle1"", ""id"": ""c002"", ""line"": ""out"", ""dir"": ""in"", ""t"": 40.17, ""mode"": ""full""}"
40.26,aisle_crossing,"{""aisle"": ""aisle1"", ""id"": ""c002"", ""line"": ""out"", ""dir"": ""out"", ""t"": 40.26, ""mode"": ""full""}"
40.46,aisle_crossing,"{""aisle"": ""aisle1"", ""id"": ""c002"", ""line"": ""out"", ""dir"": ""in"", ""t"": 40.46, ""mode"": ""full""}"
40.56,aisle_crossing,"{""aisle"": ""aisle1"", ""id"": ""c002"", ""line"": ""out"", ""dir"": ""out"", ""t"": 40.56, ""mode"": ""full""}"
40.66,aisle_crossing,"{""aisle"": ""aisle1"", ""id"": ""c002"", ""line"": ""out"", ""dir"": ""in"", ""t"": 40.66, ""mode"": ""full""}"
40.77,aisle_crossing,"{""aisle"": ""aisle1"", ""id"": ""c002"", ""line"": ""out"", ""dir"": ""out"", ""t"": 40.77, ""mode"": ""full""}"
41.27,ledger_snapshot,"{""t"": 41.27, ""aisles"": [{""aisle"": ""aisle1"", ""in_n"": 31, ""out_n"": 28, ""open"": [""c001"", ""c003"", ""c004""], ""visible"": 0, ""clear"": false, ""feed_ok"": true}, {""aisle"": ""aisle2"", ""in_n"": 17, ""out_n"": 13, ""open"": [""c005"", ""c006"", ""c007"", ""c008""], ""visible"": 0, ""clear"": false, ""feed_ok"": true}, {""aisle"": ""aisle3"", ""in_n"": 16, ""out_n"": 12, ""open"": [""c009"", ""c010"", ""c011"", ""c012""], ""visible"": 0, ""clear"": false, ""feed_ok"": true}]}"
42.56,clear_blocked_by_ledger,"{""aisle"": ""aisle2"", ""reason"": ""ledger_open"", ""snapshot"": {""aisle"": ""aisle2"", ""in_n"": 17, ""out_n"": 13, ""open"": [""c005"", ""c006"", ""c007"", ""c008""], ""visible"": 0, ""clear"": false, ""feed_ok"": true}, ""visible"": 0, ""open"": [""c005"", ""c006"", ""c007"", ""c008""], ""mode"": ""full"", ""t"": 42.56}"
42.96,clear_blocked_by_ledger,"{""aisle"": ""aisle3"", ""reason"": ""ledger_open"", ""snapshot"": {""aisle"": ""aisle3"", ""in_n"": 16, ""out_n"": 12, ""open"": [""c009"", ""c010"", ""c011"", ""c012""], ""visible"": 0, ""clear"": false, ""feed_ok"": true}, ""visible"": 0, ""open"": [""c009"", ""c010"", ""c011"", ""c012""], ""mode"": ""full"", ""t"": 42.96}"
43.36,ledger_snapshot,"{""t"": 43.36, ""aisles"": [{""aisle"": ""aisle1"", ""in_n"": 31, ""out_n"": 28, ""open"": [""c001"", ""c003"", ""c004""], ""visible"": 0, ""clear"": false, ""feed_ok"": true}, {""aisle"": ""aisle2"", ""in_n"": 17, ""out_n"": 13, ""open"": [""c005"", ""c006"", ""c007"", ""c008""], ""visible"": 0, ""clear"": false, ""feed_ok"": true}, {""aisle"": ""aisle3"", ""in_n"": 16, ""out_n"": 12, ""open"": [""c009"", ""c010"", ""c011"", ""c012""], ""visible"": 0, ""clear"": false, ""feed_ok"": true}]}"
43.86,clear_blocked_by_ledger,"{""aisle"": ""aisle1"", ""reason"": ""ledger_open"", ""snapshot"": {""aisle"": ""aisle1"", ""in_n"": 31, ""out_n"": 28, ""open"": [""c001"", ""c003"", ""c004""], ""visible"": 0, ""clear"": false, ""feed_ok"": true}, ""visible"": 0, ""open"": [""c001"", ""c003"", ""c004""], ""mode"": ""full"", ""t"": 43.86}"
45.46,ledger_snapshot,"{""t"": 45.46, ""aisles"": [{""aisle"": ""aisle1"", ""in_n"": 31, ""out_n"": 28, ""open"": [""c001"", ""c003"", ""c004""], ""visible"": 0, ""clear"": false, ""feed_ok"": true}, {""aisle"": ""aisle2"", ""in_n"": 17, ""out_n"": 13, ""open"": [""c005"", ""c006"", ""c007"", ""c008""], ""visible"": 0, ""clear"": false, ""feed_ok"": true}, {""aisle"": ""aisle3"", ""in_n"": 16, ""out_n"": 12, ""open"": [""c009"", ""c010"", ""c011"", ""c012""], ""visible"": 0, ""clear"": false, ""feed_ok"": true}]}"
47.56,ledger_snapshot,"{""t"": 47.56, ""aisles"": [{""aisle"": ""aisle1"", ""in_n"": 31, ""out_n"": 28, ""open"": [""c001"", ""c003"", ""c004""], ""visible"": 0, ""clear"": false, ""feed_ok"": true}, {""aisle"": ""aisle2"", ""in_n"": 17, ""out_n"": 13, ""open"": [""c005"", ""c006"", ""c007"", ""c008""], ""visible"": 0, ""clear"": false, ""feed_ok"": true}, {""aisle"": ""aisle3"", ""in_n"": 16, ""out_n"": 12, ""open"": [""c009"", ""c010"", ""c011"", ""c012""], ""visible"": 0, ""clear"": false, ""feed_ok"": true}]}"
47.67,clear_blocked_by_ledger,"{""aisle"": ""aisle2"", ""reason"": ""ledger_open"", ""snapshot"": {""aisle"": ""aisle2"", ""in_n"": 17, ""out_n"": 13, ""open"": [""c005"", ""c006"", ""c007"", ""c008""], ""visible"": 0, ""clear"": false, ""feed_ok"": true}, ""visible"": 0, ""open"": [""c005"", ""c006"", ""c007"", ""c008""], ""mode"": ""full"", ""t"": 47.67}"
48.06,clear_blocked_by_ledger,"{""aisle"": ""aisle3"", ""reason"": ""ledger_open"", ""snapshot"": {""aisle"": ""aisle3"", ""in_n"": 16, ""out_n"": 12, ""open"": [""c009"", ""c010"", ""c011"", ""c012""], ""visible"": 0, ""clear"": false, ""feed_ok"": true}, ""visible"": 0, ""open"": [""c009"", ""c010"", ""c011"", ""c012""], ""mode"": ""full"", ""t"": 48.06}"
48.86,clear_blocked_by_ledger,"{""aisle"": ""aisle1"", ""reason"": ""ledger_open"", ""snapshot"": {""aisle"": ""aisle1"", ""in_n"": 31, ""out_n"": 28, ""open"": [""c001"", ""c003"", ""c004""], ""visible"": 0, ""clear"": false, ""feed_ok"": true}, ""visible"": 0, ""open"": [""c001"", ""c003"", ""c004""], ""mode"": ""full"", ""t"": 48.86}"
49.66,ledger_snapshot,"{""t"": 49.66, ""aisles"": [{""aisle"": ""aisle1"", ""in_n"": 31, ""out_n"": 28, ""open"": [""c001"", ""c003"", ""c004""], ""visible"": 1, ""clear"": false, ""feed_ok"": true}, {""aisle"": ""aisle2"", ""in_n"": 17, ""out_n"": 13, ""open"": [""c005"", ""c006"", ""c007"", ""c008""], ""visible"": 0, ""clear"": false, ""feed_ok"": true}, {""aisle"": ""aisle3"", ""in_n"": 16, ""out_n"": 12, ""open"": [""c009"", ""c010"", ""c011"", ""c012""], ""visible"": 0, ""clear"": false, ""feed_ok"": true}]}"
50.76,aisle_crossing,"{""aisle"": ""aisle1"", ""id"": ""c003"", ""line"": ""out"", ""dir"": ""out"", ""t"": 50.76, ""mode"": ""full""}"
50.86,aisle_crossing,"{""aisle"": ""aisle1"", ""id"": ""c003"", ""line"": ""out"", ""dir"": ""in"", ""t"": 50.86, ""mode"": ""full""}"
51.06,aisle_crossing,"{""aisle"": ""aisle1"", ""id"": ""c003"", ""line"": ""out"", ""dir"": ""out"", ""t"": 51.06, ""mode"": ""full""}"
51.26,aisle_crossing,"{""aisle"": ""aisle1"", ""id"": ""c003"", ""line"": ""out"", ""dir"": ""in"", ""t"": 51.26, ""mode"": ""full""}"
51.46,aisle_crossing,"{""aisle"": ""aisle1"", ""id"": ""c003"", ""line"": ""out"", ""dir"": ""out"", ""t"": 51.46, ""mode"": ""full""}"
51.76,ledger_snapshot,"{""t"": 51.76, ""aisles"": [{""aisle"": ""aisle1"", ""in_n"": 33, ""out_n"": 31, ""open"": [""c001"", ""c004""], ""visible"": 0, ""clear"": false, ""feed_ok"": true}, {""aisle"": ""aisle2"", ""in_n"": 17, ""out_n"": 13, ""open"": [""c005"", ""c006"", ""c007"", ""c008""], ""visible"": 0, ""clear"": false, ""feed_ok"": true}, {""aisle"": ""aisle3"", ""in_n"": 16, ""out_n"": 12, ""open"": [""c009"", ""c010"", ""c011"", ""c012""], ""visible"": 0, ""clear"": false, ""feed_ok"": true}]}"
51.86,aisle_crossing,"{""aisle"": ""aisle1"", ""id"": ""c003"", ""line"": ""out"", ""dir"": ""in"", ""t"": 51.86, ""mode"": ""full""}"
51.96,aisle_crossing,"{""aisle"": ""aisle1"", ""id"": ""c003"", ""line"": ""out"", ""dir"": ""out"", ""t"": 51.96, ""mode"": ""full""}"
52.77,clear_blocked_by_ledger,"{""aisle"": ""aisle2"", ""reason"": ""ledger_open"", ""snapshot"": {""aisle"": ""aisle2"", ""in_n"": 17, ""out_n"": 13, ""open"": [""c005"", ""c006"", ""c007"", ""c008""], ""visible"": 0, ""clear"": false, ""feed_ok"": true}, ""visible"": 0, ""open"": [""c005"", ""c006"", ""c007"", ""c008""], ""mode"": ""full"", ""t"": 52.77}"
53.17,clear_blocked_by_ledger,"{""aisle"": ""aisle3"", ""reason"": ""ledger_open"", ""snapshot"": {""aisle"": ""aisle3"", ""in_n"": 16, ""out_n"": 12, ""open"": [""c009"", ""c010"", ""c011"", ""c012""], ""visible"": 0, ""clear"": false, ""feed_ok"": true}, ""visible"": 0, ""open"": [""c009"", ""c010"", ""c011"", ""c012""], ""mode"": ""full"", ""t"": 53.17}"
53.86,ledger_snapshot,"{""t"": 53.86, ""aisles"": [{""aisle"": ""aisle1"", ""in_n"": 34, ""out_n"": 32, ""open"": [""c001"", ""c004""], ""visible"": 0, ""clear"": false, ""feed_ok"": true}, {""aisle"": ""aisle2"", ""in_n"": 17, ""out_n"": 13, ""open"": [""c005"", ""c006"", ""c007"", ""c008""], ""visible"": 0, ""clear"": false, ""feed_ok"": true}, {""aisle"": ""aisle3"", ""in_n"": 16, ""out_n"": 12, ""open"": [""c009"", ""c010"", ""c011"", ""c012""], ""visible"": 0, ""clear"": false, ""feed_ok"": true}]}"
53.96,clear_blocked_by_ledger,"{""aisle"": ""aisle1"", ""reason"": ""ledger_open"", ""snapshot"": {""aisle"": ""aisle1"", ""in_n"": 34, ""out_n"": 32, ""open"": [""c001"", ""c004""], ""visible"": 0, ""clear"": false, ""feed_ok"": true}, ""visible"": 0, ""open"": [""c001"", ""c004""], ""mode"": ""full"", ""t"": 53.96}"
55.87,ledger_snapshot,"{""t"": 55.87, ""aisles"": [{""aisle"": ""aisle1"", ""in_n"": 34, ""out_n"": 32, ""open"": [""c001"", ""c004""], ""visible"": 0, ""clear"": false, ""feed_ok"": true}, {""aisle"": ""aisle2"", ""in_n"": 17, ""out_n"": 13, ""open"": [""c005"", ""c006"", ""c007"", ""c008""], ""visible"": 0, ""clear"": false, ""feed_ok"": true}, {""aisle"": ""aisle3"", ""in_n"": 16, ""out_n"": 12, ""open"": [""c009"", ""c010"", ""c011"", ""c012""], ""visible"": 0, ""clear"": false, ""feed_ok"": true}]}"
57.46,aisle_crossing,"{""aisle"": ""aisle1"", ""id"": ""c003"", ""line"": ""out"", ""dir"": ""in"", ""t"": 57.46, ""mode"": ""full""}"
57.56,aisle_crossing,"{""aisle"": ""aisle1"", ""id"": ""c003"", ""line"": ""out"", ""dir"": ""out"", ""t"": 57.56, ""mode"": ""full""}"
57.86,clear_blocked_by_ledger,"{""aisle"": ""aisle2"", ""reason"": ""ledger_open"", ""snapshot"": {""aisle"": ""aisle2"", ""in_n"": 17, ""out_n"": 13, ""open"": [""c005"", ""c006"", ""c007"", ""c008""], ""visible"": 0, ""clear"": false, ""feed_ok"": true}, ""visible"": 0, ""open"": [""c005"", ""c006"", ""c007"", ""c008""], ""mode"": ""full"", ""t"": 57.86}"
57.96,ledger_snapshot,"{""t"": 57.96, ""aisles"": [{""aisle"": ""aisle1"", ""in_n"": 35, ""out_n"": 33, ""open"": [""c001"", ""c004""], ""visible"": 0, ""clear"": false, ""feed_ok"": true}, {""aisle"": ""aisle2"", ""in_n"": 17, ""out_n"": 13, ""open"": [""c005"", ""c006"", ""c007"", ""c008""], ""visible"": 0, ""clear"": false, ""feed_ok"": true}, {""aisle"": ""aisle3"", ""in_n"": 16, ""out_n"": 12, ""open"": [""c009"", ""c010"", ""c011"", ""c012""], ""visible"": 0, ""clear"": false, ""feed_ok"": true}]}"
58.26,clear_blocked_by_ledger,"{""aisle"": ""aisle3"", ""reason"": ""ledger_open"", ""snapshot"": {""aisle"": ""aisle3"", ""in_n"": 16, ""out_n"": 12, ""open"": [""c009"", ""c010"", ""c011"", ""c012""], ""visible"": 0, ""clear"": false, ""feed_ok"": true}, ""visible"": 0, ""open"": [""c009"", ""c010"", ""c011"", ""c012""], ""mode"": ""full"", ""t"": 58.26}"
58.97,clear_blocked_by_ledger,"{""aisle"": ""aisle1"", ""reason"": ""ledger_open"", ""snapshot"": {""aisle"": ""aisle1"", ""in_n"": 35, ""out_n"": 33, ""open"": [""c001"", ""c004""], ""visible"": 0, ""clear"": false, ""feed_ok"": true}, ""visible"": 0, ""open"": [""c001"", ""c004""], ""mode"": ""full"", ""t"": 58.97}"
59.97,ledger_snapshot,"{""t"": 59.97, ""aisles"": [{""aisle"": ""aisle1"", ""in_n"": 35, ""out_n"": 33, ""open"": [""c001"", ""c004""], ""visible"": 0, ""clear"": false, ""feed_ok"": true}, {""aisle"": ""aisle2"", ""in_n"": 17, ""out_n"": 13, ""open"": [""c005"", ""c006"", ""c007"", ""c008""], ""visible"": 0, ""clear"": false, ""feed_ok"": true}, {""aisle"": ""aisle3"", ""in_n"": 16, ""out_n"": 12, ""open"": [""c009"", ""c010"", ""c011"", ""c012""], ""visible"": 1, ""clear"": false, ""feed_ok"": true}]}"
60.77,aisle_crossing,"{""aisle"": ""aisle1"", ""id"": ""c001"", ""line"": ""out"", ""dir"": ""out"", ""t"": 60.77, ""mode"": ""full""}"
60.86,aisle_crossing,"{""aisle"": ""aisle1"", ""id"": ""c001"", ""line"": ""out"", ""dir"": ""in"", ""t"": 60.86, ""mode"": ""full""}"
61.06,aisle_crossing,"{""aisle"": ""aisle1"", ""id"": ""c001"", ""line"": ""out"", ""dir"": ""out"", ""t"": 61.06, ""mode"": ""full""}"
61.17,aisle_crossing,"{""aisle"": ""aisle1"", ""id"": ""c001"", ""line"": ""out"", ""dir"": ""in"", ""t"": 61.17, ""mode"": ""full""}"
61.26,aisle_crossing,"{""aisle"": ""aisle1"", ""id"": ""c001"", ""line"": ""out"", ""dir"": ""out"", ""t"": 61.26, ""mode"": ""full""}"
61.37,aisle_crossing,"{""aisle"": ""aisle1"", ""id"": ""c001"", ""line"": ""out"", ""dir"": ""in"", ""t"": 61.37, ""mode"": ""full""}"
61.46,aisle_crossing,"{""aisle"": ""aisle1"", ""id"": ""c001"", ""line"": ""out"", ""dir"": ""out"", ""t"": 61.46, ""mode"": ""full""}"
61.66,aisle_crossing,"{""aisle"": ""aisle1"", ""id"": ""c001"", ""line"": ""out"", ""dir"": ""in"", ""t"": 61.66, ""mode"": ""full""}"
61.86,aisle_crossing,"{""aisle"": ""aisle1"", ""id"": ""c001"", ""line"": ""out"", ""dir"": ""out"", ""t"": 61.86, ""mode"": ""full""}"
61.96,aisle_crossing,"{""aisle"": ""aisle3"", ""id"": ""c009"", ""line"": ""out"", ""dir"": ""out"", ""t"": 61.96, ""mode"": ""full""}"
62.06,ledger_snapshot,"{""t"": 62.06, ""aisles"": [{""aisle"": ""aisle1"", ""in_n"": 39, ""out_n"": 38, ""open"": [""c004""], ""visible"": 0, ""clear"": false, ""feed_ok"": true}, {""aisle"": ""aisle2"", ""in_n"": 17, ""out_n"": 13, ""open"": [""c005"", ""c006"", ""c007"", ""c008""], ""visible"": 0, ""clear"": false, ""feed_ok"": true}, {""aisle"": ""aisle3"", ""in_n"": 16, ""out_n"": 13, ""open"": [""c010"", ""c011"", ""c012""], ""visible"": 0, ""clear"": false, ""feed_ok"": true}]}"
62.66,aisle_crossing,"{""aisle"": ""aisle3"", ""id"": ""c009"", ""line"": ""out"", ""dir"": ""in"", ""t"": 62.66, ""mode"": ""full""}"
62.76,aisle_crossing,"{""aisle"": ""aisle3"", ""id"": ""c009"", ""line"": ""out"", ""dir"": ""out"", ""t"": 62.76, ""mode"": ""full""}"
62.97,clear_blocked_by_ledger,"{""aisle"": ""aisle2"", ""reason"": ""ledger_open"", ""snapshot"": {""aisle"": ""aisle2"", ""in_n"": 17, ""out_n"": 13, ""open"": [""c005"", ""c006"", ""c007"", ""c008""], ""visible"": 1, ""clear"": false, ""feed_ok"": true}, ""visible"": 1, ""open"": [""c005"", ""c006"", ""c007"", ""c008""], ""mode"": ""full"", ""t"": 62.97}"
63.16,aisle_crossing,"{""aisle"": ""aisle1"", ""id"": ""c001"", ""line"": ""out"", ""dir"": ""in"", ""t"": 63.16, ""mode"": ""full""}"
63.26,aisle_crossing,"{""aisle"": ""aisle1"", ""id"": ""c001"", ""line"": ""out"", ""dir"": ""out"", ""t"": 63.26, ""mode"": ""full""}"
63.37,clear_blocked_by_ledger,"{""aisle"": ""aisle3"", ""reason"": ""ledger_open"", ""snapshot"": {""aisle"": ""aisle3"", ""in_n"": 17, ""out_n"": 14, ""open"": [""c010"", ""c011"", ""c012""], ""visible"": 0, ""clear"": false, ""feed_ok"": true}, ""visible"": 0, ""open"": [""c010"", ""c011"", ""c012""], ""mode"": ""full"", ""t"": 63.37}"
64.06,ledger_snapshot,"{""t"": 64.06, ""aisles"": [{""aisle"": ""aisle1"", ""in_n"": 40, ""out_n"": 39, ""open"": [""c004""], ""visible"": 0, ""clear"": false, ""feed_ok"": true}, {""aisle"": ""aisle2"", ""in_n"": 17, ""out_n"": 13, ""open"": [""c005"", ""c006"", ""c007"", ""c008""], ""visible"": 0, ""clear"": false, ""feed_ok"": true}, {""aisle"": ""aisle3"", ""in_n"": 17, ""out_n"": 14, ""open"": [""c010"", ""c011"", ""c012""], ""visible"": 0, ""clear"": false, ""feed_ok"": true}]}"
64.06,clear_blocked_by_ledger,"{""aisle"": ""aisle1"", ""reason"": ""ledger_open"", ""snapshot"": {""aisle"": ""aisle1"", ""in_n"": 40, ""out_n"": 39, ""open"": [""c004""], ""visible"": 0, ""clear"": false, ""feed_ok"": true}, ""visible"": 0, ""open"": [""c004""], ""mode"": ""full"", ""t"": 64.06}"
65.57,aisle_crossing,"{""aisle"": ""aisle2"", ""id"": ""c005"", ""line"": ""out"", ""dir"": ""out"", ""t"": 65.57, ""mode"": ""full""}"
65.66,aisle_crossing,"{""aisle"": ""aisle2"", ""id"": ""c005"", ""line"": ""out"", ""dir"": ""in"", ""t"": 65.66, ""mode"": ""full""}"
65.96,aisle_crossing,"{""aisle"": ""aisle2"", ""id"": ""c005"", ""line"": ""out"", ""dir"": ""out"", ""t"": 65.96, ""mode"": ""full""}"
66.06,ledger_snapshot,"{""t"": 66.06, ""aisles"": [{""aisle"": ""aisle1"", ""in_n"": 40, ""out_n"": 39, ""open"": [""c004""], ""visible"": 1, ""clear"": false, ""feed_ok"": true}, {""aisle"": ""aisle2"", ""in_n"": 18, ""out_n"": 15, ""open"": [""c006"", ""c007"", ""c008""], ""visible"": 0, ""clear"": false, ""feed_ok"": true}, {""aisle"": ""aisle3"", ""in_n"": 17, ""out_n"": 14, ""open"": [""c010"", ""c011"", ""c012""], ""visible"": 1, ""clear"": false, ""feed_ok"": true}]}"
66.17,aisle_crossing,"{""aisle"": ""aisle2"", ""id"": ""c005"", ""line"": ""out"", ""dir"": ""in"", ""t"": 66.17, ""mode"": ""full""}"
66.27,aisle_crossing,"{""aisle"": ""aisle2"", ""id"": ""c005"", ""line"": ""out"", ""dir"": ""out"", ""t"": 66.27, ""mode"": ""full""}"
66.46,aisle_crossing,"{""aisle"": ""aisle2"", ""id"": ""c005"", ""line"": ""out"", ""dir"": ""in"", ""t"": 66.46, ""mode"": ""full""}"
66.46,aisle_crossing,"{""aisle"": ""aisle3"", ""id"": ""c010"", ""line"": ""out"", ""dir"": ""out"", ""t"": 66.46, ""mode"": ""full""}"
66.56,aisle_crossing,"{""aisle"": ""aisle3"", ""id"": ""c010"", ""line"": ""out"", ""dir"": ""in"", ""t"": 66.56, ""mode"": ""full""}"
66.66,aisle_crossing,"{""aisle"": ""aisle2"", ""id"": ""c005"", ""line"": ""out"", ""dir"": ""out"", ""t"": 66.66, ""mode"": ""full""}"
66.66,aisle_crossing,"{""aisle"": ""aisle3"", ""id"": ""c009"", ""line"": ""out"", ""dir"": ""in"", ""t"": 66.66, ""mode"": ""full""}"
66.66,aisle_crossing,"{""aisle"": ""aisle3"", ""id"": ""c010"", ""line"": ""out"", ""dir"": ""out"", ""t"": 66.66, ""mode"": ""full""}"
66.77,aisle_crossing,"{""aisle"": ""aisle2"", ""id"": ""c005"", ""line"": ""out"", ""dir"": ""in"", ""t"": 66.77, ""mode"": ""full""}"
66.77,aisle_crossing,"{""aisle"": ""aisle3"", ""id"": ""c009"", ""line"": ""out"", ""dir"": ""out"", ""t"": 66.77, ""mode"": ""full""}"
66.86,aisle_crossing,"{""aisle"": ""aisle2"", ""id"": ""c005"", ""line"": ""out"", ""dir"": ""out"", ""t"": 66.86, ""mode"": ""full""}"
67.06,aisle_crossing,"{""aisle"": ""aisle3"", ""id"": ""c010"", ""line"": ""out"", ""dir"": ""in"", ""t"": 67.06, ""mode"": ""full""}"
67.17,aisle_crossing,"{""aisle"": ""aisle3"", ""id"": ""c010"", ""line"": ""out"", ""dir"": ""out"", ""t"": 67.17, ""mode"": ""full""}"
67.46,aisle_crossing,"{""aisle"": ""aisle1"", ""id"": ""c004"", ""line"": ""out"", ""dir"": ""out"", ""t"": 67.46, ""mode"": ""full""}"
67.46,clear_blocked_by_ledger,"{""aisle"": ""aisle1"", ""reason"": ""not_confirmed"", ""snapshot"": {""aisle"": ""aisle1"", ""in_n"": 40, ""out_n"": 40, ""open"": [], ""visible"": 0, ""clear"": false, ""feed_ok"": true}, ""visible"": 0, ""open"": [], ""mode"": ""full"", ""t"": 67.46}"
67.56,aisle_crossing,"{""aisle"": ""aisle1"", ""id"": ""c004"", ""line"": ""out"", ""dir"": ""in"", ""t"": 67.56, ""mode"": ""full""}"
67.56,clear_blocked_by_ledger,"{""aisle"": ""aisle1"", ""reason"": ""ledger_open"", ""snapshot"": {""aisle"": ""aisle1"", ""in_n"": 41, ""out_n"": 40, ""open"": [""c004""], ""visible"": 1, ""clear"": false, ""feed_ok"": true}, ""visible"": 1, ""open"": [""c004""], ""mode"": ""full"", ""t"": 67.56}"
67.66,aisle_crossing,"{""aisle"": ""aisle1"", ""id"": ""c004"", ""line"": ""out"", ""dir"": ""out"", ""t"": 67.66, ""mode"": ""full""}"
67.66,clear_blocked_by_ledger,"{""aisle"": ""aisle1"", ""reason"": ""not_confirmed"", ""snapshot"": {""aisle"": ""aisle1"", ""in_n"": 41, ""out_n"": 41, ""open"": [], ""visible"": 0, ""clear"": false, ""feed_ok"": true}, ""visible"": 0, ""open"": [], ""mode"": ""full"", ""t"": 67.66}"
67.96,aisle_crossing,"{""aisle"": ""aisle3"", ""id"": ""c010"", ""line"": ""out"", ""dir"": ""in"", ""t"": 67.96, ""mode"": ""full""}"
68.06,aisle_crossing,"{""aisle"": ""aisle1"", ""id"": ""c004"", ""line"": ""out"", ""dir"": ""in"", ""t"": 68.06, ""mode"": ""full""}"
68.06,aisle_crossing,"{""aisle"": ""aisle3"", ""id"": ""c010"", ""line"": ""out"", ""dir"": ""out"", ""t"": 68.06, ""mode"": ""full""}"
68.06,ledger_snapshot,"{""t"": 68.06, ""aisles"": [{""aisle"": ""aisle1"", ""in_n"": 42, ""out_n"": 41, ""open"": [""c004""], ""visible"": 1, ""clear"": false, ""feed_ok"": true}, {""aisle"": ""aisle2"", ""in_n"": 21, ""out_n"": 18, ""open"": [""c006"", ""c007"", ""c008""], ""visible"": 0, ""clear"": false, ""feed_ok"": true}, {""aisle"": ""aisle3"", ""in_n"": 21, ""out_n"": 19, ""open"": [""c011"", ""c012""], ""visible"": 0, ""clear"": false, ""feed_ok"": true}]}"
68.06,clear_blocked_by_ledger,"{""aisle"": ""aisle1"", ""reason"": ""ledger_open"", ""snapshot"": {""aisle"": ""aisle1"", ""in_n"": 42, ""out_n"": 41, ""open"": [""c004""], ""visible"": 1, ""clear"": false, ""feed_ok"": true}, ""visible"": 1, ""open"": [""c004""], ""mode"": ""full"", ""t"": 68.06}"
68.06,clear_blocked_by_ledger,"{""aisle"": ""aisle2"", ""reason"": ""ledger_open"", ""snapshot"": {""aisle"": ""aisle2"", ""in_n"": 21, ""out_n"": 18, ""open"": [""c006"", ""c007"", ""c008""], ""visible"": 0, ""clear"": false, ""feed_ok"": true}, ""visible"": 0, ""open"": [""c006"", ""c007"", ""c008""], ""mode"": ""full"", ""t"": 68.06}"
68.16,aisle_crossing,"{""aisle"": ""aisle1"", ""id"": ""c004"", ""line"": ""out"", ""dir"": ""out"", ""t"": 68.16, ""mode"": ""full""}"
68.16,clear_blocked_by_ledger,"{""aisle"": ""aisle1"", ""reason"": ""not_confirmed"", ""snapshot"": {""aisle"": ""aisle1"", ""in_n"": 42, ""out_n"": 42, ""open"": [], ""visible"": 0, ""clear"": false, ""feed_ok"": true}, ""visible"": 0, ""open"": [], ""mode"": ""full"", ""t"": 68.16}"
68.46,clear_blocked_by_ledger,"{""aisle"": ""aisle3"", ""reason"": ""ledger_open"", ""snapshot"": {""aisle"": ""aisle3"", ""in_n"": 21, ""out_n"": 19, ""open"": [""c011"", ""c012""], ""visible"": 2, ""clear"": false, ""feed_ok"": true}, ""visible"": 2, ""open"": [""c011"", ""c012""], ""mode"": ""full"", ""t"": 68.46}"
69.96,aisle_crossing,"{""aisle"": ""aisle2"", ""id"": ""c008"", ""line"": ""out"", ""dir"": ""out"", ""t"": 69.96, ""mode"": ""full""}"
70.06,aisle_crossing,"{""aisle"": ""aisle2"", ""id"": ""c008"", ""line"": ""out"", ""dir"": ""in"", ""t"": 70.06, ""mode"": ""full""}"
70.16,ledger_snapshot,"{""t"": 70.16, ""aisles"": [{""aisle"": ""aisle1"", ""in_n"": 42, ""out_n"": 42, ""open"": [], ""visible"": 0, ""clear"": false, ""feed_ok"": true}, {""aisle"": ""aisle2"", ""in_n"": 22, ""out_n"": 19, ""open"": [""c006"", ""c007"", ""c008""], ""visible"": 1, ""clear"": false, ""feed_ok"": true}, {""aisle"": ""aisle3"", ""in_n"": 21, ""out_n"": 19, ""open"": [""c011"", ""c012""], ""visible"": 1, ""clear"": false, ""feed_ok"": true}]}"
70.26,aisle_crossing,"{""aisle"": ""aisle3"", ""id"": ""c012"", ""line"": ""out"", ""dir"": ""out"", ""t"": 70.26, ""mode"": ""full""}"
70.66,aisle_crossing,"{""aisle"": ""aisle3"", ""id"": ""c012"", ""line"": ""out"", ""dir"": ""in"", ""t"": 70.66, ""mode"": ""full""}"
70.77,aisle_crossing,"{""aisle"": ""aisle3"", ""id"": ""c012"", ""line"": ""out"", ""dir"": ""out"", ""t"": 70.77, ""mode"": ""full""}"
71.26,aisle_crossing,"{""aisle"": ""aisle2"", ""id"": ""c008"", ""line"": ""out"", ""dir"": ""out"", ""t"": 71.26, ""mode"": ""full""}"
71.37,aisle_crossing,"{""aisle"": ""aisle2"", ""id"": ""c008"", ""line"": ""out"", ""dir"": ""in"", ""t"": 71.37, ""mode"": ""full""}"
71.56,aisle_crossing,"{""aisle"": ""aisle2"", ""id"": ""c008"", ""line"": ""out"", ""dir"": ""out"", ""t"": 71.56, ""mode"": ""full""}"
71.77,aisle_crossing,"{""aisle"": ""aisle2"", ""id"": ""c008"", ""line"": ""out"", ""dir"": ""in"", ""t"": 71.77, ""mode"": ""full""}"
71.86,aisle_crossing,"{""aisle"": ""aisle2"", ""id"": ""c008"", ""line"": ""out"", ""dir"": ""out"", ""t"": 71.86, ""mode"": ""full""}"
71.96,aisle_crossing,"{""aisle"": ""aisle2"", ""id"": ""c008"", ""line"": ""out"", ""dir"": ""in"", ""t"": 71.96, ""mode"": ""full""}"
72.16,aisle_crossing,"{""aisle"": ""aisle2"", ""id"": ""c008"", ""line"": ""out"", ""dir"": ""out"", ""t"": 72.16, ""mode"": ""full""}"
72.16,ledger_snapshot,"{""t"": 72.16, ""aisles"": [{""aisle"": ""aisle1"", ""in_n"": 42, ""out_n"": 42, ""open"": [], ""visible"": 0, ""clear"": false, ""feed_ok"": true}, {""aisle"": ""aisle2"", ""in_n"": 25, ""out_n"": 23, ""open"": [""c006"", ""c007""], ""visible"": 0, ""clear"": false, ""feed_ok"": true}, {""aisle"": ""aisle3"", ""in_n"": 22, ""out_n"": 21, ""open"": [""c011""], ""visible"": 0, ""clear"": false, ""feed_ok"": true}]}"
72.36,aisle_crossing,"{""aisle"": ""aisle2"", ""id"": ""c008"", ""line"": ""out"", ""dir"": ""in"", ""t"": 72.36, ""mode"": ""full""}"
72.46,aisle_crossing,"{""aisle"": ""aisle2"", ""id"": ""c008"", ""line"": ""out"", ""dir"": ""out"", ""t"": 72.46, ""mode"": ""full""}"
72.77,aisle_crossing,"{""aisle"": ""aisle2"", ""id"": ""c008"", ""line"": ""out"", ""dir"": ""in"", ""t"": 72.77, ""mode"": ""full""}"
72.86,aisle_crossing,"{""aisle"": ""aisle2"", ""id"": ""c008"", ""line"": ""out"", ""dir"": ""out"", ""t"": 72.86, ""mode"": ""full""}"
73.16,clear_blocked_by_ledger,"{""aisle"": ""aisle1"", ""reason"": ""approach"", ""snapshot"": {""aisle"": ""aisle1"", ""in_n"": 42, ""out_n"": 42, ""open"": [], ""visible"": 0, ""clear"": true, ""feed_ok"": true, ""blocker"": ""c001"", ""why"": ""at_mouth""}, ""visible"": 0, ""open"": [], ""mode"": ""full"", ""t"": 73.16}"
73.16,clear_blocked_by_ledger,"{""aisle"": ""aisle2"", ""reason"": ""ledger_open"", ""snapshot"": {""aisle"": ""aisle2"", ""in_n"": 27, ""out_n"": 25, ""open"": [""c006"", ""c007""], ""visible"": 0, ""clear"": false, ""feed_ok"": true}, ""visible"": 0, ""open"": [""c006"", ""c007""], ""mode"": ""full"", ""t"": 73.16}"
73.26,aisle_crossing,"{""aisle"": ""aisle2"", ""id"": ""c008"", ""line"": ""out"", ""dir"": ""in"", ""t"": 73.26, ""mode"": ""full""}"
73.36,aisle_crossing,"{""aisle"": ""aisle2"", ""id"": ""c008"", ""line"": ""out"", ""dir"": ""out"", ""t"": 73.36, ""mode"": ""full""}"
73.47,clear_blocked_by_ledger,"{""aisle"": ""aisle3"", ""reason"": ""ledger_open"", ""snapshot"": {""aisle"": ""aisle3"", ""in_n"": 22, ""out_n"": 21, ""open"": [""c011""], ""visible"": 1, ""clear"": false, ""feed_ok"": true}, ""visible"": 1, ""open"": [""c011""], ""mode"": ""full"", ""t"": 73.47}"
74.26,ledger_snapshot,"{""t"": 74.26, ""aisles"": [{""aisle"": ""aisle1"", ""in_n"": 42, ""out_n"": 42, ""open"": [], ""visible"": 0, ""clear"": true, ""feed_ok"": true}, {""aisle"": ""aisle2"", ""in_n"": 28, ""out_n"": 26, ""open"": [""c006"", ""c007""], ""visible"": 0, ""clear"": false, ""feed_ok"": true}, {""aisle"": ""aisle3"", ""in_n"": 22, ""out_n"": 21, ""open"": [""c011""], ""visible"": 0, ""clear"": false, ""feed_ok"": true}]}"
76.37,ledger_snapshot,"{""t"": 76.37, ""aisles"": [{""aisle"": ""aisle1"", ""in_n"": 42, ""out_n"": 42, ""open"": [], ""visible"": 0, ""clear"": true, ""feed_ok"": true}, {""aisle"": ""aisle2"", ""in_n"": 28, ""out_n"": 26, ""open"": [""c006"", ""c007""], ""visible"": 1, ""clear"": false, ""feed_ok"": true}, {""aisle"": ""aisle3"", ""in_n"": 22, ""out_n"": 21, ""open"": [""c011""], ""visible"": 1, ""clear"": false, ""feed_ok"": true}]}"
76.37,ledger_clear,"{""aisle"": ""aisle1"", ""snapshot"": {""aisle"": ""aisle1"", ""in_n"": 42, ""out_n"": 42, ""open"": [], ""visible"": 0, ""clear"": true, ""feed_ok"": true}, ""mode"": ""full"", ""t"": 76.37}"
76.46,clear_blocked_by_ledger,"{""aisle"": ""aisle1"", ""reason"": ""approach"", ""snapshot"": {""aisle"": ""aisle1"", ""in_n"": 42, ""out_n"": 42, ""open"": [], ""visible"": 0, ""clear"": true, ""feed_ok"": true, ""blocker"": ""c001"", ""why"": ""at_mouth""}, ""visible"": 0, ""open"": [], ""mode"": ""full"", ""t"": 76.46}"
78.16,clear_blocked_by_ledger,"{""aisle"": ""aisle2"", ""reason"": ""ledger_open"", ""snapshot"": {""aisle"": ""aisle2"", ""in_n"": 28, ""out_n"": 26, ""open"": [""c006"", ""c007""], ""visible"": 1, ""clear"": false, ""feed_ok"": true}, ""visible"": 1, ""open"": [""c006"", ""c007""], ""mode"": ""full"", ""t"": 78.16}"
78.37,ledger_snapshot,"{""t"": 78.37, ""aisles"": [{""aisle"": ""aisle1"", ""in_n"": 42, ""out_n"": 42, ""open"": [], ""visible"": 0, ""clear"": true, ""feed_ok"": true}, {""aisle"": ""aisle2"", ""in_n"": 28, ""out_n"": 26, ""open"": [""c006"", ""c007""], ""visible"": 1, ""clear"": false, ""feed_ok"": true}, {""aisle"": ""aisle3"", ""in_n"": 22, ""out_n"": 21, ""open"": [""c011""], ""visible"": 1, ""clear"": false, ""feed_ok"": true}]}"
78.57,clear_blocked_by_ledger,"{""aisle"": ""aisle3"", ""reason"": ""ledger_open"", ""snapshot"": {""aisle"": ""aisle3"", ""in_n"": 22, ""out_n"": 21, ""open"": [""c011""], ""visible"": 0, ""clear"": false, ""feed_ok"": true}, ""visible"": 0, ""open"": [""c011""], ""mode"": ""full"", ""t"": 78.57}"
78.86,ledger_clear,"{""aisle"": ""aisle1"", ""snapshot"": {""aisle"": ""aisle1"", ""in_n"": 42, ""out_n"": 42, ""open"": [], ""visible"": 0, ""clear"": true, ""feed_ok"": true}, ""mode"": ""full"", ""t"": 78.86}"
79.06,clear_blocked_by_ledger,"{""aisle"": ""aisle1"", ""reason"": ""approach"", ""snapshot"": {""aisle"": ""aisle1"", ""in_n"": 42, ""out_n"": 42, ""open"": [], ""visible"": 0, ""clear"": true, ""feed_ok"": true, ""blocker"": ""c004"", ""why"": ""at_mouth""}, ""visible"": 0, ""open"": [], ""mode"": ""full"", ""t"": 79.06}"
79.37,ledger_clear,"{""aisle"": ""aisle1"", ""snapshot"": {""aisle"": ""aisle1"", ""in_n"": 42, ""out_n"": 42, ""open"": [], ""visible"": 0, ""clear"": true, ""feed_ok"": true}, ""mode"": ""full"", ""t"": 79.37}"
79.46,clear_blocked_by_ledger,"{""aisle"": ""aisle1"", ""reason"": ""approach"", ""snapshot"": {""aisle"": ""aisle1"", ""in_n"": 42, ""out_n"": 42, ""open"": [], ""visible"": 0, ""clear"": true, ""feed_ok"": true, ""blocker"": ""c004"", ""why"": ""at_mouth""}, ""visible"": 0, ""open"": [], ""mode"": ""full"", ""t"": 79.46}"
79.66,ledger_clear,"{""aisle"": ""aisle1"", ""snapshot"": {""aisle"": ""aisle1"", ""in_n"": 42, ""out_n"": 42, ""open"": [], ""visible"": 0, ""clear"": true, ""feed_ok"": true}, ""mode"": ""full"", ""t"": 79.66}"
79.76,clear_blocked_by_ledger,"{""aisle"": ""aisle1"", ""reason"": ""approach"", ""snapshot"": {""aisle"": ""aisle1"", ""in_n"": 42, ""out_n"": 42, ""open"": [], ""visible"": 0, ""clear"": true, ""feed_ok"": true, ""blocker"": ""c004"", ""why"": ""at_mouth""}, ""visible"": 0, ""open"": [], ""mode"": ""full"", ""t"": 79.76}"
79.86,ledger_clear,"{""aisle"": ""aisle1"", ""snapshot"": {""aisle"": ""aisle1"", ""in_n"": 42, ""out_n"": 42, ""open"": [], ""visible"": 0, ""clear"": true, ""feed_ok"": true}, ""mode"": ""full"", ""t"": 79.86}"
80.46,ledger_snapshot,"{""t"": 80.46, ""aisles"": [{""aisle"": ""aisle1"", ""in_n"": 42, ""out_n"": 42, ""open"": [], ""visible"": 0, ""clear"": true, ""feed_ok"": true}, {""aisle"": ""aisle2"", ""in_n"": 28, ""out_n"": 26, ""open"": [""c006"", ""c007""], ""visible"": 0, ""clear"": false, ""feed_ok"": true}, {""aisle"": ""aisle3"", ""in_n"": 22, ""out_n"": 21, ""open"": [""c011""], ""visible"": 0, ""clear"": false, ""feed_ok"": true}]}"
80.86,clear_blocked_by_ledger,"{""aisle"": ""aisle1"", ""reason"": ""approach"", ""snapshot"": {""aisle"": ""aisle1"", ""in_n"": 42, ""out_n"": 42, ""open"": [], ""visible"": 0, ""clear"": true, ""feed_ok"": true, ""blocker"": ""c004"", ""why"": ""at_mouth""}, ""visible"": 0, ""open"": [], ""mode"": ""full"", ""t"": 80.86}"
80.96,ledger_clear,"{""aisle"": ""aisle1"", ""snapshot"": {""aisle"": ""aisle1"", ""in_n"": 42, ""out_n"": 42, ""open"": [], ""visible"": 0, ""clear"": true, ""feed_ok"": true}, ""mode"": ""full"", ""t"": 80.96}"
81.06,clear_blocked_by_ledger,"{""aisle"": ""aisle1"", ""reason"": ""approach"", ""snapshot"": {""aisle"": ""aisle1"", ""in_n"": 42, ""out_n"": 42, ""open"": [], ""visible"": 0, ""clear"": true, ""feed_ok"": true, ""blocker"": ""c004"", ""why"": ""at_mouth""}, ""visible"": 0, ""open"": [], ""mode"": ""full"", ""t"": 81.06}"
81.16,ledger_clear,"{""aisle"": ""aisle1"", ""snapshot"": {""aisle"": ""aisle1"", ""in_n"": 42, ""out_n"": 42, ""open"": [], ""visible"": 0, ""clear"": true, ""feed_ok"": true}, ""mode"": ""full"", ""t"": 81.16}"
81.26,clear_blocked_by_ledger,"{""aisle"": ""aisle1"", ""reason"": ""approach"", ""snapshot"": {""aisle"": ""aisle1"", ""in_n"": 42, ""out_n"": 42, ""open"": [], ""visible"": 0, ""clear"": true, ""feed_ok"": true, ""blocker"": ""c004"", ""why"": ""at_mouth""}, ""visible"": 0, ""open"": [], ""mode"": ""full"", ""t"": 81.26}"
81.37,ledger_clear,"{""aisle"": ""aisle1"", ""snapshot"": {""aisle"": ""aisle1"", ""in_n"": 42, ""out_n"": 42, ""open"": [], ""visible"": 0, ""clear"": true, ""feed_ok"": true}, ""mode"": ""full"", ""t"": 81.37}"
81.47,clear_blocked_by_ledger,"{""aisle"": ""aisle1"", ""reason"": ""approach"", ""snapshot"": {""aisle"": ""aisle1"", ""in_n"": 42, ""out_n"": 42, ""open"": [], ""visible"": 0, ""clear"": true, ""feed_ok"": true, ""blocker"": ""c004"", ""why"": ""at_mouth""}, ""visible"": 0, ""open"": [], ""mode"": ""full"", ""t"": 81.47}"
81.57,ledger_clear,"{""aisle"": ""aisle1"", ""snapshot"": {""aisle"": ""aisle1"", ""in_n"": 42, ""out_n"": 42, ""open"": [], ""visible"": 0, ""clear"": true, ""feed_ok"": true}, ""mode"": ""full"", ""t"": 81.57}"
81.66,clear_blocked_by_ledger,"{""aisle"": ""aisle1"", ""reason"": ""approach"", ""snapshot"": {""aisle"": ""aisle1"", ""in_n"": 42, ""out_n"": 42, ""open"": [], ""visible"": 0, ""clear"": true, ""feed_ok"": true, ""blocker"": ""c004"", ""why"": ""at_mouth""}, ""visible"": 0, ""open"": [], ""mode"": ""full"", ""t"": 81.66}"
81.86,ledger_clear,"{""aisle"": ""aisle1"", ""snapshot"": {""aisle"": ""aisle1"", ""in_n"": 42, ""out_n"": 42, ""open"": [], ""visible"": 0, ""clear"": true, ""feed_ok"": true}, ""mode"": ""full"", ""t"": 81.86}"
82.06,clear_blocked_by_ledger,"{""aisle"": ""aisle1"", ""reason"": ""approach"", ""snapshot"": {""aisle"": ""aisle1"", ""in_n"": 42, ""out_n"": 42, ""open"": [], ""visible"": 0, ""clear"": true, ""feed_ok"": true, ""blocker"": ""c004"", ""why"": ""at_mouth""}, ""visible"": 0, ""open"": [], ""mode"": ""full"", ""t"": 82.06}"
82.36,ledger_clear,"{""aisle"": ""aisle1"", ""snapshot"": {""aisle"": ""aisle1"", ""in_n"": 42, ""out_n"": 42, ""open"": [], ""visible"": 0, ""clear"": true, ""feed_ok"": true}, ""mode"": ""full"", ""t"": 82.36}"
82.46,ledger_snapshot,"{""t"": 82.46, ""aisles"": [{""aisle"": ""aisle1"", ""in_n"": 42, ""out_n"": 42, ""open"": [], ""visible"": 0, ""clear"": true, ""feed_ok"": true}, {""aisle"": ""aisle2"", ""in_n"": 28, ""out_n"": 26, ""open"": [""c006"", ""c007""], ""visible"": 1, ""clear"": false, ""feed_ok"": true}, {""aisle"": ""aisle3"", ""in_n"": 22, ""out_n"": 21, ""open"": [""c011""], ""visible"": 1, ""clear"": false, ""feed_ok"": true}]}"
82.66,ledger_reconciled,"{""aisle"": ""aisle2"", ""id"": ""c007"", ""t"": 82.66, ""reason"": ""seen_outside""}"
83.17,clear_blocked_by_ledger,"{""aisle"": ""aisle2"", ""reason"": ""ledger_open"", ""snapshot"": {""aisle"": ""aisle2"", ""in_n"": 28, ""out_n"": 27, ""open"": [""c006""], ""visible"": 0, ""clear"": false, ""feed_ok"": true}, ""visible"": 0, ""open"": [""c006""], ""mode"": ""full"", ""t"": 83.17}"
83.66,clear_blocked_by_ledger,"{""aisle"": ""aisle3"", ""reason"": ""ledger_open"", ""snapshot"": {""aisle"": ""aisle3"", ""in_n"": 22, ""out_n"": 21, ""open"": [""c011""], ""visible"": 1, ""clear"": false, ""feed_ok"": true}, ""visible"": 1, ""open"": [""c011""], ""mode"": ""full"", ""t"": 83.66}"
84.46,phase,"{""from"": ""wait_clear"", ""to"": ""scanning""}"
84.46,aisle_enter,"{""aisle"": ""aisle1"", ""from"": ""front"", ""reason"": ""clear"", ""mode"": ""full"", ""t"": 84.46}"
84.46,goal,"{""x"": 20.0, ""y"": 2.8, ""yaw"": -1.563, ""seq"": 2}"
84.56,ledger_snapshot,"{""t"": 84.56, ""aisles"": [{""aisle"": ""aisle1"", ""in_n"": 42, ""out_n"": 42, ""open"": [], ""visible"": 0, ""clear"": true, ""feed_ok"": true}, {""aisle"": ""aisle2"", ""in_n"": 28, ""out_n"": 27, ""open"": [""c006""], ""visible"": 0, ""clear"": false, ""feed_ok"": true}, {""aisle"": ""aisle3"", ""in_n"": 22, ""out_n"": 21, ""open"": [""c011""], ""visible"": 1, ""clear"": false, ""feed_ok"": true}]}"
84.56,ledger_clear,"{""aisle"": ""aisle1"", ""snapshot"": {""aisle"": ""aisle1"", ""in_n"": 42, ""out_n"": 42, ""open"": [], ""visible"": 0, ""clear"": true, ""feed_ok"": true}, ""mode"": ""full"", ""t"": 84.56}"
86.56,ledger_snapshot,"{""t"": 86.56, ""aisles"": [{""aisle"": ""aisle1"", ""in_n"": 42, ""out_n"": 42, ""open"": [], ""visible"": 0, ""clear"": true, ""feed_ok"": true}, {""aisle"": ""aisle2"", ""in_n"": 28, ""out_n"": 27, ""open"": [""c006""], ""visible"": 0, ""clear"": false, ""feed_ok"": true}, {""aisle"": ""aisle3"", ""in_n"": 22, ""out_n"": 21, ""open"": [""c011""], ""visible"": 1, ""clear"": false, ""feed_ok"": true}]}"
87.56,aisle_crossing,"{""aisle"": ""aisle2"", ""id"": ""c001"", ""line"": ""out"", ""dir"": ""in"", ""t"": 87.56, ""mode"": ""full""}"
87.66,aisle_crossing,"{""aisle"": ""aisle2"", ""id"": ""c001"", ""line"": ""out"", ""dir"": ""out"", ""t"": 87.66, ""mode"": ""full""}"
87.77,aisle_crossing,"{""aisle"": ""aisle3"", ""id"": ""c011"", ""line"": ""out"", ""dir"": ""out"", ""t"": 87.77, ""mode"": ""full""}"
87.77,clear_blocked_by_ledger,"{""aisle"": ""aisle3"", ""reason"": ""not_confirmed"", ""snapshot"": {""aisle"": ""aisle3"", ""in_n"": 22, ""out_n"": 22, ""open"": [], ""visible"": 0, ""clear"": false, ""feed_ok"": true}, ""visible"": 0, ""open"": [], ""mode"": ""full"", ""t"": 87.77}"
87.86,aisle_crossing,"{""aisle"": ""aisle3"", ""id"": ""c011"", ""line"": ""out"", ""dir"": ""in"", ""t"": 87.86, ""mode"": ""full""}"
87.86,clear_blocked_by_ledger,"{""aisle"": ""aisle3"", ""reason"": ""ledger_open"", ""snapshot"": {""aisle"": ""aisle3"", ""in_n"": 23, ""out_n"": 22, ""open"": [""c011""], ""visible"": 1, ""clear"": false, ""feed_ok"": true}, ""visible"": 1, ""open"": [""c011""], ""mode"": ""full"", ""t"": 87.86}"
87.96,aisle_crossing,"{""aisle"": ""aisle2"", ""id"": ""c001"", ""line"": ""out"", ""dir"": ""in"", ""t"": 87.96, ""mode"": ""full""}"
88.27,clear_blocked_by_ledger,"{""aisle"": ""aisle2"", ""reason"": ""ledger_open"", ""snapshot"": {""aisle"": ""aisle2"", ""in_n"": 30, ""out_n"": 28, ""open"": [""c001"", ""c006""], ""visible"": 1, ""clear"": false, ""feed_ok"": true}, ""visible"": 1, ""open"": [""c001"", ""c006""], ""mode"": ""full"", ""t"": 88.27}"
88.46,aisle_crossing,"{""aisle"": ""aisle2"", ""id"": ""c001"", ""line"": ""out"", ""dir"": ""out"", ""t"": 88.46, ""mode"": ""full""}"
88.57,aisle_crossing,"{""aisle"": ""aisle2"", ""id"": ""c001"", ""line"": ""out"", ""dir"": ""in"", ""t"": 88.57, ""mode"": ""full""}"
88.57,ledger_snapshot,"{""t"": 88.57, ""aisles"": [{""aisle"": ""aisle1"", ""in_n"": 42, ""out_n"": 42, ""open"": [], ""visible"": 0, ""clear"": true, ""feed_ok"": true}, {""aisle"": ""aisle2"", ""in_n"": 31, ""out_n"": 29, ""open"": [""c001"", ""c006""], ""visible"": 1, ""clear"": false, ""feed_ok"": true}, {""aisle"": ""aisle3"", ""in_n"": 23, ""out_n"": 22, ""open"": [""c011""], ""visible"": 1, ""clear"": false, ""feed_ok"": true}]}"
88.76,aisle_crossing,"{""aisle"": ""aisle3"", ""id"": ""c011"", ""line"": ""out"", ""dir"": ""out"", ""t"": 88.76, ""mode"": ""full""}"
88.76,clear_blocked_by_ledger,"{""aisle"": ""aisle3"", ""reason"": ""not_confirmed"", ""snapshot"": {""aisle"": ""aisle3"", ""in_n"": 23, ""out_n"": 23, ""open"": [], ""visible"": 0, ""clear"": false, ""feed_ok"": true}, ""visible"": 0, ""open"": [], ""mode"": ""full"", ""t"": 88.76}"
88.86,clear_blocked_by_ledger,"{""aisle"": ""aisle1"", ""reason"": ""approach"", ""snapshot"": {""aisle"": ""aisle1"", ""in_n"": 42, ""out_n"": 42, ""open"": [], ""visible"": 0, ""clear"": true, ""feed_ok"": true, ""blocker"": ""c004"", ""why"": ""approaching""}, ""visible"": 0, ""open"": [], ""mode"": ""full"", ""t"": 88.86}"
88.86,phase,"{""from"": ""scanning"", ""to"": ""retreat""}"
88.86,l6_retreat,"{""aisle"": ""aisle1"", ""reason"": ""approaching"", ""blocker"": ""c004"", ""to"": ""front"", ""n"": 1, ""mode"": ""full"", ""t"": 88.86}"
88.86,goal,"{""x"": 20.0, ""y"": 26.0, ""yaw"": 1.412, ""seq"": 3}"
88.96,ledger_clear,"{""aisle"": ""aisle1"", ""snapshot"": {""aisle"": ""aisle1"", ""in_n"": 42, ""out_n"": 42, ""open"": [], ""visible"": 0, ""clear"": true, ""feed_ok"": true}, ""mode"": ""full"", ""t"": 88.96}"
89.06,aisle_crossing,"{""aisle"": ""aisle3"", ""id"": ""c011"", ""line"": ""out"", ""dir"": ""in"", ""t"": 89.06, ""mode"": ""full""}"
89.06,clear_blocked_by_ledger,"{""aisle"": ""aisle3"", ""reason"": ""ledger_open"", ""snapshot"": {""aisle"": ""aisle3"", ""in_n"": 24, ""out_n"": 23, ""open"": [""c011""], ""visible"": 0, ""clear"": false, ""feed_ok"": true}, ""visible"": 0, ""open"": [""c011""], ""mode"": ""full"", ""t"": 89.06}"
89.17,clear_blocked_by_ledger,"{""aisle"": ""aisle1"", ""reason"": ""approach"", ""snapshot"": {""aisle"": ""aisle1"", ""in_n"": 42, ""out_n"": 42, ""open"": [], ""visible"": 0, ""clear"": true, ""feed_ok"": true, ""blocker"": ""c004"", ""why"": ""approaching""}, ""visible"": 0, ""open"": [], ""mode"": ""full"", ""t"": 89.17}"
89.26,aisle_crossing,"{""aisle"": ""aisle3"", ""id"": ""c011"", ""line"": ""out"", ""dir"": ""out"", ""t"": 89.26, ""mode"": ""full""}"
89.26,ledger_clear,"{""aisle"": ""aisle1"", ""snapshot"": {""aisle"": ""aisle1"", ""in_n"": 42, ""out_n"": 42, ""open"": [], ""visible"": 0, ""clear"": true, ""feed_ok"": true}, ""mode"": ""full"", ""t"": 89.26}"
89.26,clear_blocked_by_ledger,"{""aisle"": ""aisle3"", ""reason"": ""not_confirmed"", ""snapshot"": {""aisle"": ""aisle3"", ""in_n"": 24, ""out_n"": 24, ""open"": [], ""visible"": 0, ""clear"": false, ""feed_ok"": true}, ""visible"": 0, ""open"": [], ""mode"": ""full"", ""t"": 89.26}"
89.36,aisle_crossing,"{""aisle"": ""aisle3"", ""id"": ""c011"", ""line"": ""out"", ""dir"": ""in"", ""t"": 89.36, ""mode"": ""full""}"
89.36,clear_blocked_by_ledger,"{""aisle"": ""aisle3"", ""reason"": ""ledger_open"", ""snapshot"": {""aisle"": ""aisle3"", ""in_n"": 25, ""out_n"": 24, ""open"": [""c011""], ""visible"": 0, ""clear"": false, ""feed_ok"": true}, ""visible"": 0, ""open"": [""c011""], ""mode"": ""full"", ""t"": 89.36}"
89.46,aisle_crossing,"{""aisle"": ""aisle3"", ""id"": ""c011"", ""line"": ""out"", ""dir"": ""out"", ""t"": 89.46, ""mode"": ""full""}"
89.46,clear_blocked_by_ledger,"{""aisle"": ""aisle3"", ""reason"": ""not_confirmed"", ""snapshot"": {""aisle"": ""aisle3"", ""in_n"": 25, ""out_n"": 25, ""open"": [], ""visible"": 0, ""clear"": false, ""feed_ok"": true}, ""visible"": 0, ""open"": [], ""mode"": ""full"", ""t"": 89.46}"
89.56,clear_blocked_by_ledger,"{""aisle"": ""aisle1"", ""reason"": ""approach"", ""snapshot"": {""aisle"": ""aisle1"", ""in_n"": 42, ""out_n"": 42, ""open"": [], ""visible"": 0, ""clear"": true, ""feed_ok"": true, ""blocker"": ""c004"", ""why"": ""approaching""}, ""visible"": 0, ""open"": [], ""mode"": ""full"", ""t"": 89.56}"
89.66,aisle_crossing,"{""aisle"": ""aisle3"", ""id"": ""c005"", ""line"": ""out"", ""dir"": ""in"", ""t"": 89.66, ""mode"": ""full""}"
89.66,aisle_crossing,"{""aisle"": ""aisle3"", ""id"": ""c011"", ""line"": ""out"", ""dir"": ""in"", ""t"": 89.66, ""mode"": ""full""}"
89.66,clear_blocked_by_ledger,"{""aisle"": ""aisle3"", ""reason"": ""ledger_open"", ""snapshot"": {""aisle"": ""aisle3"", ""in_n"": 27, ""out_n"": 25, ""open"": [""c005"", ""c011""], ""visible"": 2, ""clear"": false, ""feed_ok"": true}, ""visible"": 2, ""open"": [""c005"", ""c011""], ""mode"": ""full"", ""t"": 89.66}"
89.76,aisle_crossing,"{""aisle"": ""aisle3"", ""id"": ""c005"", ""line"": ""out"", ""dir"": ""out"", ""t"": 89.76, ""mode"": ""full""}"
89.76,ledger_clear,"{""aisle"": ""aisle1"", ""snapshot"": {""aisle"": ""aisle1"", ""in_n"": 42, ""out_n"": 42, ""open"": [], ""visible"": 0, ""clear"": true, ""feed_ok"": true}, ""mode"": ""full"", ""t"": 89.76}"
89.87,aisle_crossing,"{""aisle"": ""aisle3"", ""id"": ""c011"", ""line"": ""out"", ""dir"": ""out"", ""t"": 89.87, ""mode"": ""full""}"
89.87,clear_blocked_by_ledger,"{""aisle"": ""aisle3"", ""reason"": ""not_confirmed"", ""snapshot"": {""aisle"": ""aisle3"", ""in_n"": 27, ""out_n"": 27, ""open"": [], ""visible"": 0, ""clear"": false, ""feed_ok"": true}, ""visible"": 0, ""open"": [], ""mode"": ""full"", ""t"": 89.87}"
89.97,aisle_crossing,"{""aisle"": ""aisle3"", ""id"": ""c005"", ""line"": ""out"", ""dir"": ""in"", ""t"": 89.97, ""mode"": ""full""}"
89.97,clear_blocked_by_ledger,"{""aisle"": ""aisle3"", ""reason"": ""ledger_open"", ""snapshot"": {""aisle"": ""aisle3"", ""in_n"": 28, ""out_n"": 27, ""open"": [""c005""], ""visible"": 1, ""clear"": false, ""feed_ok"": true}, ""visible"": 1, ""open"": [""c005""], ""mode"": ""full"", ""t"": 89.97}"
90.06,aisle_crossing,"{""aisle"": ""aisle3"", ""id"": ""c005"", ""line"": ""out"", ""dir"": ""out"", ""t"": 90.06, ""mode"": ""full""}"
90.06,clear_blocked_by_ledger,"{""aisle"": ""aisle3"", ""reason"": ""not_confirmed"", ""snapshot"": {""aisle"": ""aisle3"", ""in_n"": 28, ""out_n"": 28, ""open"": [], ""visible"": 0, ""clear"": false, ""feed_ok"": true}, ""visible"": 0, ""open"": [], ""mode"": ""full"", ""t"": 90.06}"
90.17,clear_blocked_by_ledger,"{""aisle"": ""aisle1"", ""reason"": ""approach"", ""snapshot"": {""aisle"": ""aisle1"", ""in_n"": 42, ""out_n"": 42, ""open"": [], ""visible"": 0, ""clear"": true, ""feed_ok"": true, ""blocker"": ""c004"", ""why"": ""approaching""}, ""visible"": 0, ""open"": [], ""mode"": ""full"", ""t"": 90.17}"
90.26,aisle_crossing,"{""aisle"": ""aisle3"", ""id"": ""c005"", ""line"": ""out"", ""dir"": ""in"", ""t"": 90.26, ""mode"": ""full""}"
90.26,ledger_clear,"{""aisle"": ""aisle1"", ""snapshot"": {""aisle"": ""aisle1"", ""in_n"": 42, ""out_n"": 42, ""open"": [], ""visible"": 0, ""clear"": true, ""feed_ok"": true}, ""mode"": ""full"", ""t"": 90.26}"
90.26,clear_blocked_by_ledger,"{""aisle"": ""aisle3"", ""reason"": ""ledger_open"", ""snapshot"": {""aisle"": ""aisle3"", ""in_n"": 29, ""out_n"": 28, ""open"": [""c005""], ""visible"": 1, ""clear"": false, ""feed_ok"": true}, ""visible"": 1, ""open"": [""c005""], ""mode"": ""full"", ""t"": 90.26}"
90.36,aisle_crossing,"{""aisle"": ""aisle3"", ""id"": ""c005"", ""line"": ""out"", ""dir"": ""out"", ""t"": 90.36, ""mode"": ""full""}"
90.36,clear_blocked_by_ledger,"{""aisle"": ""aisle3"", ""reason"": ""not_confirmed"", ""snapshot"": {""aisle"": ""aisle3"", ""in_n"": 29, ""out_n"": 29, ""open"": [], ""visible"": 0, ""clear"": false, ""feed_ok"": true}, ""visible"": 0, ""open"": [], ""mode"": ""full"", ""t"": 90.36}"
90.47,aisle_crossing,"{""aisle"": ""aisle3"", ""id"": ""c005"", ""line"": ""out"", ""dir"": ""in"", ""t"": 90.47, ""mode"": ""full""}"
90.47,clear_blocked_by_ledger,"{""aisle"": ""aisle3"", ""reason"": ""ledger_open"", ""snapshot"": {""aisle"": ""aisle3"", ""in_n"": 30, ""out_n"": 29, ""open"": [""c005""], ""visible"": 1, ""clear"": false, ""feed_ok"": true}, ""visible"": 1, ""open"": [""c005""], ""mode"": ""full"", ""t"": 90.47}"
90.66,ledger_snapshot,"{""t"": 90.66, ""aisles"": [{""aisle"": ""aisle1"", ""in_n"": 42, ""out_n"": 42, ""open"": [], ""visible"": 0, ""clear"": true, ""feed_ok"": true}, {""aisle"": ""aisle2"", ""in_n"": 31, ""out_n"": 29, ""open"": [""c001"", ""c006""], ""visible"": 0, ""clear"": false, ""feed_ok"": true}, {""aisle"": ""aisle3"", ""in_n"": 30, ""out_n"": 29, ""open"": [""c005""], ""visible"": 1, ""clear"": false, ""feed_ok"": true}]}"
91.66,aisle_crossing,"{""aisle"": ""aisle2"", ""id"": ""c004"", ""line"": ""out"", ""dir"": ""in"", ""t"": 91.66, ""mode"": ""full""}"
91.77,aisle_crossing,"{""aisle"": ""aisle2"", ""id"": ""c004"", ""line"": ""out"", ""dir"": ""out"", ""t"": 91.77, ""mode"": ""full""}"
92.17,aisle_crossing,"{""aisle"": ""aisle2"", ""id"": ""c004"", ""line"": ""out"", ""dir"": ""in"", ""t"": 92.17, ""mode"": ""full""}"
92.26,aisle_crossing,"{""aisle"": ""aisle2"", ""id"": ""c004"", ""line"": ""out"", ""dir"": ""out"", ""t"": 92.26, ""mode"": ""full""}"
92.36,aisle_crossing,"{""aisle"": ""aisle2"", ""id"": ""c004"", ""line"": ""out"", ""dir"": ""in"", ""t"": 92.36, ""mode"": ""full""}"
92.46,aisle_crossing,"{""aisle"": ""aisle2"", ""id"": ""c004"", ""line"": ""out"", ""dir"": ""out"", ""t"": 92.46, ""mode"": ""full""}"
92.66,aisle_crossing,"{""aisle"": ""aisle2"", ""id"": ""c004"", ""line"": ""out"", ""dir"": ""in"", ""t"": 92.66, ""mode"": ""full""}"
92.66,ledger_snapshot,"{""t"": 92.66, ""aisles"": [{""aisle"": ""aisle1"", ""in_n"": 42, ""out_n"": 42, ""open"": [], ""visible"": 0, ""clear"": true, ""feed_ok"": true}, {""aisle"": ""aisle2"", ""in_n"": 35, ""out_n"": 32, ""open"": [""c001"", ""c004"", ""c006""], ""visible"": 1, ""clear"": false, ""feed_ok"": true}, {""aisle"": ""aisle3"", ""in_n"": 30, ""out_n"": 29, ""open"": [""c005""], ""visible"": 0, ""clear"": false, ""feed_ok"": true}]}"
93.37,aisle_crossing,"{""aisle"": ""aisle2"", ""id"": ""c004"", ""line"": ""out"", ""dir"": ""out"", ""t"": 93.37, ""mode"": ""full""}"
93.37,clear_blocked_by_ledger,"{""aisle"": ""aisle2"", ""reason"": ""ledger_open"", ""snapshot"": {""aisle"": ""aisle2"", ""in_n"": 35, ""out_n"": 33, ""open"": [""c001"", ""c006""], ""visible"": 0, ""clear"": false, ""feed_ok"": true}, ""visible"": 0, ""open"": [""c001"", ""c006""], ""mode"": ""full"", ""t"": 93.37}"
93.46,aisle_crossing,"{""aisle"": ""aisle2"", ""id"": ""c004"", ""line"": ""out"", ""dir"": ""in"", ""t"": 93.46, ""mode"": ""full""}"
94.46,l6_resume_wait,"{""aisle"": ""aisle1"", ""end"": ""front"", ""t"": 94.46, ""mode"": ""full""}"
94.46,phase,"{""from"": ""retreat"", ""to"": ""wait_clear""}"
94.77,ledger_snapshot,"{""t"": 94.77, ""aisles"": [{""aisle"": ""aisle1"", ""in_n"": 42, ""out_n"": 42, ""open"": [], ""visible"": 0, ""clear"": true, ""feed_ok"": true}, {""aisle"": ""aisle2"", ""in_n"": 36, ""out_n"": 33, ""open"": [""c001"", ""c004"", ""c006""], ""visible"": 0, ""clear"": false, ""feed_ok"": true}, {""aisle"": ""aisle3"", ""in_n"": 30, ""out_n"": 29, ""open"": [""c005""], ""visible"": 0, ""clear"": false, ""feed_ok"": true}]}"
95.57,clear_blocked_by_ledger,"{""aisle"": ""aisle3"", ""reason"": ""ledger_open"", ""snapshot"": {""aisle"": ""aisle3"", ""in_n"": 30, ""out_n"": 29, ""open"": [""c005""], ""visible"": 0, ""clear"": false, ""feed_ok"": true}, ""visible"": 0, ""open"": [""c005""], ""mode"": ""full"", ""t"": 95.57}"
96.17,goal_done,"{""seq"": 3, ""status"": 4}"
96.57,phase,"{""from"": ""wait_clear"", ""to"": ""scanning""}"
96.57,aisle_enter,"{""aisle"": ""aisle1"", ""from"": ""front"", ""reason"": ""clear"", ""mode"": ""full"", ""t"": 96.57}"
96.57,goal,"{""x"": 20.0, ""y"": 2.8, ""yaw"": -1.565, ""seq"": 4}"
96.67,ledger_clear,"{""aisle"": ""aisle1"", ""snapshot"": {""aisle"": ""aisle1"", ""in_n"": 42, ""out_n"": 42, ""open"": [], ""visible"": 0, ""clear"": true, ""feed_ok"": true}, ""mode"": ""full"", ""t"": 96.67}"
96.86,ledger_snapshot,"{""t"": 96.86, ""aisles"": [{""aisle"": ""aisle1"", ""in_n"": 42, ""out_n"": 42, ""open"": [], ""visible"": 0, ""clear"": true, ""feed_ok"": true}, {""aisle"": ""aisle2"", ""in_n"": 36, ""out_n"": 33, ""open"": [""c001"", ""c004"", ""c006""], ""visible"": 0, ""clear"": false, ""feed_ok"": true}, {""aisle"": ""aisle3"", ""in_n"": 30, ""out_n"": 29, ""open"": [""c005""], ""visible"": 0, ""clear"": false, ""feed_ok"": true}]}"
98.46,clear_blocked_by_ledger,"{""aisle"": ""aisle2"", ""reason"": ""ledger_open"", ""snapshot"": {""aisle"": ""aisle2"", ""in_n"": 36, ""out_n"": 33, ""open"": [""c001"", ""c004"", ""c006""], ""visible"": 0, ""clear"": false, ""feed_ok"": true}, ""visible"": 0, ""open"": [""c001"", ""c004"", ""c006""], ""mode"": ""full"", ""t"": 98.46}"
98.86,ledger_snapshot,"{""t"": 98.86, ""aisles"": [{""aisle"": ""aisle1"", ""in_n"": 42, ""out_n"": 42, ""open"": [], ""visible"": 0, ""clear"": true, ""feed_ok"": true}, {""aisle"": ""aisle2"", ""in_n"": 36, ""out_n"": 33, ""open"": [""c001"", ""c004"", ""c006""], ""visible"": 0, ""clear"": false, ""feed_ok"": true}, {""aisle"": ""aisle3"", ""in_n"": 30, ""out_n"": 29, ""open"": [""c005""], ""visible"": 0, ""clear"": false, ""feed_ok"": true}]}"
100.66,clear_blocked_by_ledger,"{""aisle"": ""aisle3"", ""reason"": ""ledger_open"", ""snapshot"": {""aisle"": ""aisle3"", ""in_n"": 30, ""out_n"": 29, ""open"": [""c005""], ""visible"": 0, ""clear"": false, ""feed_ok"": true}, ""visible"": 0, ""open"": [""c005""], ""mode"": ""full"", ""t"": 100.66}"
100.86,ledger_snapshot,"{""t"": 100.86, ""aisles"": [{""aisle"": ""aisle1"", ""in_n"": 42, ""out_n"": 42, ""open"": [], ""visible"": 0, ""clear"": true, ""feed_ok"": true}, {""aisle"": ""aisle2"", ""in_n"": 36, ""out_n"": 33, ""open"": [""c001"", ""c004"", ""c006""], ""visible"": 0, ""clear"": false, ""feed_ok"": true}, {""aisle"": ""aisle3"", ""in_n"": 30, ""out_n"": 29, ""open"": [""c005""], ""visible"": 0, ""clear"": false, ""feed_ok"": true}]}"
102.96,ledger_snapshot,"{""t"": 102.96, ""aisles"": [{""aisle"": ""aisle1"", ""in_n"": 42, ""out_n"": 42, ""open"": [], ""visible"": 0, ""clear"": true, ""feed_ok"": true}, {""aisle"": ""aisle2"", ""in_n"": 36, ""out_n"": 33, ""open"": [""c001"", ""c004"", ""c006""], ""visible"": 0, ""clear"": false, ""feed_ok"": true}, {""aisle"": ""aisle3"", ""in_n"": 30, ""out_n"": 29, ""open"": [""c005""], ""visible"": 0, ""clear"": false, ""feed_ok"": true}]}"
103.57,clear_blocked_by_ledger,"{""aisle"": ""aisle2"", ""reason"": ""ledger_open"", ""snapshot"": {""aisle"": ""aisle2"", ""in_n"": 36, ""out_n"": 33, ""open"": [""c001"", ""c004"", ""c006""], ""visible"": 0, ""clear"": false, ""feed_ok"": true}, ""visible"": 0, ""open"": [""c001"", ""c004"", ""c006""], ""mode"": ""full"", ""t"": 103.57}"
104.96,ledger_snapshot,"{""t"": 104.96, ""aisles"": [{""aisle"": ""aisle1"", ""in_n"": 42, ""out_n"": 42, ""open"": [], ""visible"": 0, ""clear"": true, ""feed_ok"": true}, {""aisle"": ""aisle2"", ""in_n"": 36, ""out_n"": 33, ""open"": [""c001"", ""c004"", ""c006""], ""visible"": 0, ""clear"": false, ""feed_ok"": true}, {""aisle"": ""aisle3"", ""in_n"": 30, ""out_n"": 29, ""open"": [""c005""], ""visible"": 0, ""clear"": false, ""feed_ok"": true}]}"
105.66,clear_blocked_by_ledger,"{""aisle"": ""aisle3"", ""reason"": ""ledger_open"", ""snapshot"": {""aisle"": ""aisle3"", ""in_n"": 30, ""out_n"": 29, ""open"": [""c005""], ""visible"": 1, ""clear"": false, ""feed_ok"": true}, ""visible"": 1, ""open"": [""c005""], ""mode"": ""full"", ""t"": 105.66}"
107.06,ledger_snapshot,"{""t"": 107.06, ""aisles"": [{""aisle"": ""aisle1"", ""in_n"": 42, ""out_n"": 42, ""open"": [], ""visible"": 0, ""clear"": true, ""feed_ok"": true}, {""aisle"": ""aisle2"", ""in_n"": 36, ""out_n"": 33, ""open"": [""c001"", ""c004"", ""c006""], ""visible"": 0, ""clear"": false, ""feed_ok"": true}, {""aisle"": ""aisle3"", ""in_n"": 30, ""out_n"": 29, ""open"": [""c005""], ""visible"": 1, ""clear"": false, ""feed_ok"": true}]}"
107.16,aisle_crossing,"{""aisle"": ""aisle3"", ""id"": ""c005"", ""line"": ""out"", ""dir"": ""out"", ""t"": 107.16, ""mode"": ""full""}"
107.16,clear_blocked_by_ledger,"{""aisle"": ""aisle3"", ""reason"": ""not_confirmed"", ""snapshot"": {""aisle"": ""aisle3"", ""in_n"": 30, ""out_n"": 30, ""open"": [], ""visible"": 0, ""clear"": false, ""feed_ok"": true}, ""visible"": 0, ""open"": [], ""mode"": ""full"", ""t"": 107.16}"
107.26,aisle_crossing,"{""aisle"": ""aisle3"", ""id"": ""c005"", ""line"": ""out"", ""dir"": ""in"", ""t"": 107.26, ""mode"": ""full""}"
107.26,clear_blocked_by_ledger,"{""aisle"": ""aisle3"", ""reason"": ""ledger_open"", ""snapshot"": {""aisle"": ""aisle3"", ""in_n"": 31, ""out_n"": 30, ""open"": [""c005""], ""visible"": 1, ""clear"": false, ""feed_ok"": true}, ""visible"": 1, ""open"": [""c005""], ""mode"": ""full"", ""t"": 107.26}"
107.46,aisle_crossing,"{""aisle"": ""aisle3"", ""id"": ""c005"", ""line"": ""out"", ""dir"": ""out"", ""t"": 107.46, ""mode"": ""full""}"
107.46,clear_blocked_by_ledger,"{""aisle"": ""aisle3"", ""reason"": ""not_confirmed"", ""snapshot"": {""aisle"": ""aisle3"", ""in_n"": 31, ""out_n"": 31, ""open"": [], ""visible"": 0, ""clear"": false, ""feed_ok"": true}, ""visible"": 0, ""open"": [], ""mode"": ""full"", ""t"": 107.46}"
107.99,aisle_crossing,"{""aisle"": ""aisle3"", ""id"": ""c005"", ""line"": ""out"", ""dir"": ""in"", ""t"": 107.99, ""mode"": ""full""}"
107.99,clear_blocked_by_ledger,"{""aisle"": ""aisle3"", ""reason"": ""ledger_open"", ""snapshot"": {""aisle"": ""aisle3"", ""in_n"": 32, ""out_n"": 31, ""open"": [""c005""], ""visible"": 1, ""clear"": false, ""feed_ok"": true}, ""visible"": 1, ""open"": [""c005""], ""mode"": ""full"", ""t"": 107.99}"
108.06,aisle_crossing,"{""aisle"": ""aisle3"", ""id"": ""c005"", ""line"": ""out"", ""dir"": ""out"", ""t"": 108.06, ""mode"": ""full""}"
108.06,clear_blocked_by_ledger,"{""aisle"": ""aisle3"", ""reason"": ""not_confirmed"", ""snapshot"": {""aisle"": ""aisle3"", ""in_n"": 32, ""out_n"": 32, ""open"": [], ""visible"": 0, ""clear"": false, ""feed_ok"": true}, ""visible"": 0, ""open"": [], ""mode"": ""full"", ""t"": 108.06}"
108.17,aisle_crossing,"{""aisle"": ""aisle3"", ""id"": ""c005"", ""line"": ""out"", ""dir"": ""in"", ""t"": 108.17, ""mode"": ""full""}"
108.17,clear_blocked_by_ledger,"{""aisle"": ""aisle3"", ""reason"": ""ledger_open"", ""snapshot"": {""aisle"": ""aisle3"", ""in_n"": 33, ""out_n"": 32, ""open"": [""c005""], ""visible"": 1, ""clear"": false, ""feed_ok"": true}, ""visible"": 1, ""open"": [""c005""], ""mode"": ""full"", ""t"": 108.17}"
108.27,aisle_crossing,"{""aisle"": ""aisle3"", ""id"": ""c005"", ""line"": ""out"", ""dir"": ""out"", ""t"": 108.27, ""mode"": ""full""}"
108.27,clear_blocked_by_ledger,"{""aisle"": ""aisle3"", ""reason"": ""not_confirmed"", ""snapshot"": {""aisle"": ""aisle3"", ""in_n"": 33, ""out_n"": 33, ""open"": [], ""visible"": 0, ""clear"": false, ""feed_ok"": true}, ""visible"": 0, ""open"": [], ""mode"": ""full"", ""t"": 108.27}"
108.66,clear_blocked_by_ledger,"{""aisle"": ""aisle2"", ""reason"": ""ledger_open"", ""snapshot"": {""aisle"": ""aisle2"", ""in_n"": 36, ""out_n"": 33, ""open"": [""c001"", ""c004"", ""c006""], ""visible"": 0, ""clear"": false, ""feed_ok"": true}, ""visible"": 0, ""open"": [""c001"", ""c004"", ""c006""], ""mode"": ""full"", ""t"": 108.66}"
109.16,ledger_snapshot,"{""t"": 109.16, ""aisles"": [{""aisle"": ""aisle1"", ""in_n"": 42, ""out_n"": 42, ""open"": [], ""visible"": 0, ""clear"": true, ""feed_ok"": true}, {""aisle"": ""aisle2"", ""in_n"": 36, ""out_n"": 33, ""open"": [""c001"", ""c004"", ""c006""], ""visible"": 0, ""clear"": false, ""feed_ok"": true}, {""aisle"": ""aisle3"", ""in_n"": 33, ""out_n"": 33, ""open"": [], ""visible"": 0, ""clear"": false, ""feed_ok"": true}]}"
111.16,ledger_snapshot,"{""t"": 111.16, ""aisles"": [{""aisle"": ""aisle1"", ""in_n"": 42, ""out_n"": 42, ""open"": [], ""visible"": 0, ""clear"": true, ""feed_ok"": true}, {""aisle"": ""aisle2"", ""in_n"": 36, ""out_n"": 33, ""open"": [""c001"", ""c004"", ""c006""], ""visible"": 0, ""clear"": false, ""feed_ok"": true}, {""aisle"": ""aisle3"", ""in_n"": 33, ""out_n"": 33, ""open"": [], ""visible"": 0, ""clear"": false, ""feed_ok"": true}]}"
112.67,aisle_crossing,"{""aisle"": ""aisle3"", ""id"": ""c005"", ""line"": ""out"", ""dir"": ""in"", ""t"": 112.67, ""mode"": ""full""}"
112.67,clear_blocked_by_ledger,"{""aisle"": ""aisle3"", ""reason"": ""ledger_open"", ""snapshot"": {""aisle"": ""aisle3"", ""in_n"": 34, ""out_n"": 33, ""open"": [""c005""], ""visible"": 1, ""clear"": false, ""feed_ok"": true}, ""visible"": 1, ""open"": [""c005""], ""mode"": ""full"", ""t"": 112.67}"
112.77,aisle_crossing,"{""aisle"": ""aisle3"", ""id"": ""c005"", ""line"": ""out"", ""dir"": ""out"", ""t"": 112.77, ""mode"": ""full""}"
112.77,clear_blocked_by_ledger,"{""aisle"": ""aisle3"", ""reason"": ""not_confirmed"", ""snapshot"": {""aisle"": ""aisle3"", ""in_n"": 34, ""out_n"": 34, ""open"": [], ""visible"": 0, ""clear"": false, ""feed_ok"": true}, ""visible"": 0, ""open"": [], ""mode"": ""full"", ""t"": 112.77}"
113.17,ledger_snapshot,"{""t"": 113.17, ""aisles"": [{""aisle"": ""aisle1"", ""in_n"": 42, ""out_n"": 42, ""open"": [], ""visible"": 0, ""clear"": true, ""feed_ok"": true}, {""aisle"": ""aisle2"", ""in_n"": 36, ""out_n"": 33, ""open"": [""c001"", ""c004"", ""c006""], ""visible"": 0, ""clear"": false, ""feed_ok"": true}, {""aisle"": ""aisle3"", ""in_n"": 34, ""out_n"": 34, ""open"": [], ""visible"": 0, ""clear"": false, ""feed_ok"": true}]}"
113.77,clear_blocked_by_ledger,"{""aisle"": ""aisle2"", ""reason"": ""ledger_open"", ""snapshot"": {""aisle"": ""aisle2"", ""in_n"": 36, ""out_n"": 33, ""open"": [""c001"", ""c004"", ""c006""], ""visible"": 1, ""clear"": false, ""feed_ok"": true}, ""visible"": 1, ""open"": [""c001"", ""c004"", ""c006""], ""mode"": ""full"", ""t"": 113.77}"
114.87,aisle_crossing,"{""aisle"": ""aisle2"", ""id"": ""c004"", ""line"": ""out"", ""dir"": ""out"", ""t"": 114.87, ""mode"": ""full""}"
114.97,aisle_crossing,"{""aisle"": ""aisle2"", ""id"": ""c004"", ""line"": ""out"", ""dir"": ""in"", ""t"": 114.97, ""mode"": ""full""}"
115.06,aisle_crossing,"{""aisle"": ""aisle2"", ""id"": ""c004"", ""line"": ""out"", ""dir"": ""out"", ""t"": 115.06, ""mode"": ""full""}"
115.26,ledger_snapshot,"{""t"": 115.26, ""aisles"": [{""aisle"": ""aisle1"", ""in_n"": 42, ""out_n"": 42, ""open"": [], ""visible"": 0, ""clear"": true, ""feed_ok"": true}, {""aisle"": ""aisle2"", ""in_n"": 37, ""out_n"": 35, ""open"": [""c001"", ""c006""], ""visible"": 0, ""clear"": false, ""feed_ok"": true}, {""aisle"": ""aisle3"", ""in_n"": 34, ""out_n"": 34, ""open"": [], ""visible"": 0, ""clear"": false, ""feed_ok"": true}]}"
117.27,ledger_snapshot,"{""t"": 117.27, ""aisles"": [{""aisle"": ""aisle1"", ""in_n"": 42, ""out_n"": 42, ""open"": [], ""visible"": 0, ""clear"": true, ""feed_ok"": true}, {""aisle"": ""aisle2"", ""in_n"": 37, ""out_n"": 35, ""open"": [""c001"", ""c006""], ""visible"": 0, ""clear"": false, ""feed_ok"": true}, {""aisle"": ""aisle3"", ""in_n"": 34, ""out_n"": 34, ""open"": [], ""visible"": 0, ""clear"": false, ""feed_ok"": true}]}"
117.86,clear_blocked_by_ledger,"{""aisle"": ""aisle3"", ""reason"": ""approach"", ""snapshot"": {""aisle"": ""aisle3"", ""in_n"": 34, ""out_n"": 34, ""open"": [], ""visible"": 0, ""clear"": true, ""feed_ok"": true, ""blocker"": ""c004"", ""why"": ""approaching""}, ""visible"": 0, ""open"": [], ""mode"": ""full"", ""t"": 117.86}"
118.26,aisle_scanned,"{""aisle"": ""aisle1"", ""n"": 1, ""mode"": ""full"", ""t"": 118.26, ""dur"": 21.7}"
118.26,l5_reorder,"{""picked"": ""aisle3"", ""natural"": ""aisle2"", ""n"": 1, ""mode"": ""full"", ""t"": 118.26, ""ranking"": [{""aisle"": ""aisle3"", ""open"": 0, ""visible"": 0}, {""aisle"": ""aisle2"", ""open"": 2, ""visible"": 0}]}"
118.26,dispatch,"{""aisle"": ""aisle3"", ""first"": false, ""order"": [""aisle3"", ""aisle2""], ""mode"": ""full"", ""t"": 118.26}"
118.26,phase,"{""from"": ""scanning"", ""to"": ""to_standby""}"
118.26,goal,"{""x"": 38.0, ""y"": 2.8, ""yaw"": -0.04, ""seq"": 5}"
118.77,clear_blocked_by_ledger,"{""aisle"": ""aisle2"", ""reason"": ""ledger_open"", ""snapshot"": {""aisle"": ""aisle2"", ""in_n"": 37, ""out_n"": 35, ""open"": [""c001"", ""c006""], ""visible"": 0, ""clear"": false, ""feed_ok"": true}, ""visible"": 0, ""open"": [""c001"", ""c006""], ""mode"": ""full"", ""t"": 118.77}"
119.27,ledger_snapshot,"{""t"": 119.27, ""aisles"": [{""aisle"": ""aisle1"", ""in_n"": 42, ""out_n"": 42, ""open"": [], ""visible"": 0, ""clear"": true, ""feed_ok"": true}, {""aisle"": ""aisle2"", ""in_n"": 37, ""out_n"": 35, ""open"": [""c001"", ""c006""], ""visible"": 0, ""clear"": false, ""feed_ok"": true}, {""aisle"": ""aisle3"", ""in_n"": 34, ""out_n"": 34, ""open"": [], ""visible"": 0, ""clear"": true, ""feed_ok"": true}]}"
121.27,ledger_snapshot,"{""t"": 121.27, ""aisles"": [{""aisle"": ""aisle1"", ""in_n"": 42, ""out_n"": 42, ""open"": [], ""visible"": 0, ""clear"": true, ""feed_ok"": true}, {""aisle"": ""aisle2"", ""in_n"": 37, ""out_n"": 35, ""open"": [""c001"", ""c006""], ""visible"": 0, ""clear"": false, ""feed_ok"": true}, {""aisle"": ""aisle3"", ""in_n"": 34, ""out_n"": 34, ""open"": [], ""visible"": 0, ""clear"": true, ""feed_ok"": true}]}"
122.86,clear_blocked_by_ledger,"{""aisle"": ""aisle3"", ""reason"": ""approach"", ""snapshot"": {""aisle"": ""aisle3"", ""in_n"": 34, ""out_n"": 34, ""open"": [], ""visible"": 0, ""clear"": true, ""feed_ok"": true, ""blocker"": ""c004"", ""why"": ""approaching""}, ""visible"": 0, ""open"": [], ""mode"": ""full"", ""t"": 122.86}"
123.36,ledger_snapshot,"{""t"": 123.36, ""aisles"": [{""aisle"": ""aisle1"", ""in_n"": 42, ""out_n"": 42, ""open"": [], ""visible"": 0, ""clear"": true, ""feed_ok"": true}, {""aisle"": ""aisle2"", ""in_n"": 37, ""out_n"": 35, ""open"": [""c001"", ""c006""], ""visible"": 0, ""clear"": false, ""feed_ok"": true}, {""aisle"": ""aisle3"", ""in_n"": 34, ""out_n"": 34, ""open"": [], ""visible"": 0, ""clear"": true, ""feed_ok"": true}]}"
123.86,clear_blocked_by_ledger,"{""aisle"": ""aisle2"", ""reason"": ""ledger_open"", ""snapshot"": {""aisle"": ""aisle2"", ""in_n"": 37, ""out_n"": 35, ""open"": [""c001"", ""c006""], ""visible"": 0, ""clear"": false, ""feed_ok"": true}, ""visible"": 0, ""open"": [""c001"", ""c006""], ""mode"": ""full"", ""t"": 123.86}"
125.36,ledger_snapshot,"{""t"": 125.36, ""aisles"": [{""aisle"": ""aisle1"", ""in_n"": 42, ""out_n"": 42, ""open"": [], ""visible"": 0, ""clear"": true, ""feed_ok"": true}, {""aisle"": ""aisle2"", ""in_n"": 37, ""out_n"": 35, ""open"": [""c001"", ""c006""], ""visible"": 0, ""clear"": false, ""feed_ok"": true}, {""aisle"": ""aisle3"", ""in_n"": 34, ""out_n"": 34, ""open"": [], ""visible"": 0, ""clear"": true, ""feed_ok"": true}]}"
127.46,ledger_snapshot,"{""t"": 127.46, ""aisles"": [{""aisle"": ""aisle1"", ""in_n"": 42, ""out_n"": 42, ""open"": [], ""visible"": 0, ""clear"": true, ""feed_ok"": true}, {""aisle"": ""aisle2"", ""in_n"": 37, ""out_n"": 35, ""open"": [""c001"", ""c006""], ""visible"": 0, ""clear"": false, ""feed_ok"": true}, {""aisle"": ""aisle3"", ""in_n"": 34, ""out_n"": 34, ""open"": [], ""visible"": 0, ""clear"": true, ""feed_ok"": true}]}"
127.96,clear_blocked_by_ledger,"{""aisle"": ""aisle3"", ""reason"": ""approach"", ""snapshot"": {""aisle"": ""aisle3"", ""in_n"": 34, ""out_n"": 34, ""open"": [], ""visible"": 0, ""clear"": true, ""feed_ok"": true, ""blocker"": ""c004"", ""why"": ""at_mouth""}, ""visible"": 0, ""open"": [], ""mode"": ""full"", ""t"": 127.96}"
128.96,clear_blocked_by_ledger,"{""aisle"": ""aisle2"", ""reason"": ""ledger_open"", ""snapshot"": {""aisle"": ""aisle2"", ""in_n"": 37, ""out_n"": 35, ""open"": [""c001"", ""c006""], ""visible"": 0, ""clear"": false, ""feed_ok"": true}, ""visible"": 0, ""open"": [""c001"", ""c006""], ""mode"": ""full"", ""t"": 128.96}"
129.56,ledger_snapshot,"{""t"": 129.56, ""aisles"": [{""aisle"": ""aisle1"", ""in_n"": 42, ""out_n"": 42, ""open"": [], ""visible"": 0, ""clear"": true, ""feed_ok"": true}, {""aisle"": ""aisle2"", ""in_n"": 37, ""out_n"": 35, ""open"": [""c001"", ""c006""], ""visible"": 0, ""clear"": false, ""feed_ok"": true}, {""aisle"": ""aisle3"", ""in_n"": 34, ""out_n"": 34, ""open"": [], ""visible"": 0, ""clear"": true, ""feed_ok"": true}]}"
131.66,aisle_crossing,"{""aisle"": ""aisle3"", ""id"": ""c004"", ""line"": ""out"", ""dir"": ""in"", ""t"": 131.66, ""mode"": ""full""}"
131.66,ledger_snapshot,"{""t"": 131.66, ""aisles"": [{""aisle"": ""aisle1"", ""in_n"": 42, ""out_n"": 42, ""open"": [], ""visible"": 0, ""clear"": true, ""feed_ok"": true}, {""aisle"": ""aisle2"", ""in_n"": 37, ""out_n"": 35, ""open"": [""c001"", ""c006""], ""visible"": 0, ""clear"": false, ""feed_ok"": true}, {""aisle"": ""aisle3"", ""in_n"": 35, ""out_n"": 34, ""open"": [""c004""], ""visible"": 1, ""clear"": false, ""feed_ok"": true}]}"
131.66,clear_blocked_by_ledger,"{""aisle"": ""aisle3"", ""reason"": ""ledger_open"", ""snapshot"": {""aisle"": ""aisle3"", ""in_n"": 35, ""out_n"": 34, ""open"": [""c004""], ""visible"": 1, ""clear"": false, ""feed_ok"": true}, ""visible"": 1, ""open"": [""c004""], ""mode"": ""full"", ""t"": 131.66}"
131.76,aisle_crossing,"{""aisle"": ""aisle3"", ""id"": ""c004"", ""line"": ""out"", ""dir"": ""out"", ""t"": 131.76, ""mode"": ""full""}"
131.76,clear_blocked_by_ledger,"{""aisle"": ""aisle3"", ""reason"": ""not_confirmed"", ""snapshot"": {""aisle"": ""aisle3"", ""in_n"": 35, ""out_n"": 35, ""open"": [], ""visible"": 0, ""clear"": false, ""feed_ok"": true}, ""visible"": 0, ""open"": [], ""mode"": ""full"", ""t"": 131.76}"
133.66,ledger_snapshot,"{""t"": 133.66, ""aisles"": [{""aisle"": ""aisle1"", ""in_n"": 42, ""out_n"": 42, ""open"": [], ""visible"": 0, ""clear"": true, ""feed_ok"": true}, {""aisle"": ""aisle2"", ""in_n"": 37, ""out_n"": 35, ""open"": [""c001"", ""c006""], ""visible"": 0, ""clear"": false, ""feed_ok"": true}, {""aisle"": ""aisle3"", ""in_n"": 35, ""out_n"": 35, ""open"": [], ""visible"": 0, ""clear"": false, ""feed_ok"": true}]}"
134.06,clear_blocked_by_ledger,"{""aisle"": ""aisle2"", ""reason"": ""ledger_open"", ""snapshot"": {""aisle"": ""aisle2"", ""in_n"": 37, ""out_n"": 35, ""open"": [""c001"", ""c006""], ""visible"": 1, ""clear"": false, ""feed_ok"": true}, ""visible"": 1, ""open"": [""c001"", ""c006""], ""mode"": ""full"", ""t"": 134.06}"
134.16,aisle_crossing,"{""aisle"": ""aisle3"", ""id"": ""c004"", ""line"": ""out"", ""dir"": ""in"", ""t"": 134.16, ""mode"": ""full""}"
134.16,clear_blocked_by_ledger,"{""aisle"": ""aisle3"", ""reason"": ""ledger_open"", ""snapshot"": {""aisle"": ""aisle3"", ""in_n"": 36, ""out_n"": 35, ""open"": [""c004""], ""visible"": 1, ""clear"": false, ""feed_ok"": true}, ""visible"": 1, ""open"": [""c004""], ""mode"": ""full"", ""t"": 134.16}"
134.26,aisle_crossing,"{""aisle"": ""aisle3"", ""id"": ""c004"", ""line"": ""out"", ""dir"": ""out"", ""t"": 134.26, ""mode"": ""full""}"
134.26,clear_blocked_by_ledger,"{""aisle"": ""aisle3"", ""reason"": ""not_confirmed"", ""snapshot"": {""aisle"": ""aisle3"", ""in_n"": 36, ""out_n"": 36, ""open"": [], ""visible"": 0, ""clear"": false, ""feed_ok"": true}, ""visible"": 0, ""open"": [], ""mode"": ""full"", ""t"": 134.26}"
134.76,phase,"{""from"": ""to_standby"", ""to"": ""wait_clear""}"
134.76,at_standby,"{""aisle"": ""aisle3"", ""end"": ""back"", ""mode"": ""full"", ""t"": 134.76}"
135.56,aisle_crossing,"{""aisle"": ""aisle3"", ""id"": ""c004"", ""line"": ""out"", ""dir"": ""in"", ""t"": 135.56, ""mode"": ""full""}"
135.56,clear_blocked_by_ledger,"{""aisle"": ""aisle3"", ""reason"": ""ledger_open"", ""snapshot"": {""aisle"": ""aisle3"", ""in_n"": 37, ""out_n"": 36, ""open"": [""c004""], ""visible"": 1, ""clear"": false, ""feed_ok"": true}, ""visible"": 1, ""open"": [""c004""], ""mode"": ""full"", ""t"": 135.56}"
135.66,aisle_crossing,"{""aisle"": ""aisle3"", ""id"": ""c004"", ""line"": ""out"", ""dir"": ""out"", ""t"": 135.66, ""mode"": ""full""}"
135.66,clear_blocked_by_ledger,"{""aisle"": ""aisle3"", ""reason"": ""not_confirmed"", ""snapshot"": {""aisle"": ""aisle3"", ""in_n"": 37, ""out_n"": 37, ""open"": [], ""visible"": 0, ""clear"": false, ""feed_ok"": true}, ""visible"": 0, ""open"": [], ""mode"": ""full"", ""t"": 135.66}"
135.76,aisle_crossing,"{""aisle"": ""aisle2"", ""id"": ""c001"", ""line"": ""out"", ""dir"": ""out"", ""t"": 135.76, ""mode"": ""full""}"
135.76,ledger_snapshot,"{""t"": 135.76, ""aisles"": [{""aisle"": ""aisle1"", ""in_n"": 42, ""out_n"": 42, ""open"": [], ""visible"": 0, ""clear"": true, ""feed_ok"": true}, {""aisle"": ""aisle2"", ""in_n"": 37, ""out_n"": 36, ""open"": [""c006""], ""visible"": 0, ""clear"": false, ""feed_ok"": true}, {""aisle"": ""aisle3"", ""in_n"": 37, ""out_n"": 37, ""open"": [], ""visible"": 0, ""clear"": false, ""feed_ok"": true}]}"
135.86,aisle_crossing,"{""aisle"": ""aisle2"", ""id"": ""c001"", ""line"": ""out"", ""dir"": ""in"", ""t"": 135.86, ""mode"": ""full""}"
136.16,aisle_crossing,"{""aisle"": ""aisle3"", ""id"": ""c004"", ""line"": ""out"", ""dir"": ""in"", ""t"": 136.16, ""mode"": ""full""}"
136.16,clear_blocked_by_ledger,"{""aisle"": ""aisle3"", ""reason"": ""ledger_open"", ""snapshot"": {""aisle"": ""aisle3"", ""in_n"": 38, ""out_n"": 37, ""open"": [""c004""], ""visible"": 1, ""clear"": false, ""feed_ok"": true}, ""visible"": 1, ""open"": [""c004""], ""mode"": ""full"", ""t"": 136.16}"
136.26,aisle_crossing,"{""aisle"": ""aisle3"", ""id"": ""c004"", ""line"": ""out"", ""dir"": ""out"", ""t"": 136.26, ""mode"": ""full""}"
136.26,clear_blocked_by_ledger,"{""aisle"": ""aisle3"", ""reason"": ""not_confirmed"", ""snapshot"": {""aisle"": ""aisle3"", ""in_n"": 38, ""out_n"": 38, ""open"": [], ""visible"": 0, ""clear"": false, ""feed_ok"": true}, ""visible"": 0, ""open"": [], ""mode"": ""full"", ""t"": 136.26}"
136.36,aisle_crossing,"{""aisle"": ""aisle2"", ""id"": ""c001"", ""line"": ""out"", ""dir"": ""out"", ""t"": 136.36, ""mode"": ""full""}"
136.46,goal_done,"{""seq"": 5, ""status"": 4}"
136.56,aisle_crossing,"{""aisle"": ""aisle3"", ""id"": ""c004"", ""line"": ""out"", ""dir"": ""in"", ""t"": 136.56, ""mode"": ""full""}"
136.56,clear_blocked_by_ledger,"{""aisle"": ""aisle3"", ""reason"": ""ledger_open"", ""snapshot"": {""aisle"": ""aisle3"", ""in_n"": 39, ""out_n"": 38, ""open"": [""c004""], ""visible"": 1, ""clear"": false, ""feed_ok"": true}, ""visible"": 1, ""open"": [""c004""], ""mode"": ""full"", ""t"": 136.56}"
136.66,aisle_crossing,"{""aisle"": ""aisle2"", ""id"": ""c001"", ""line"": ""out"", ""dir"": ""in"", ""t"": 136.66, ""mode"": ""full""}"
136.66,aisle_crossing,"{""aisle"": ""aisle3"", ""id"": ""c004"", ""line"": ""out"", ""dir"": ""out"", ""t"": 136.66, ""mode"": ""full""}"
136.66,clear_blocked_by_ledger,"{""aisle"": ""aisle3"", ""reason"": ""not_confirmed"", ""snapshot"": {""aisle"": ""aisle3"", ""in_n"": 39, ""out_n"": 39, ""open"": [], ""visible"": 0, ""clear"": false, ""feed_ok"": true}, ""visible"": 0, ""open"": [], ""mode"": ""full"", ""t"": 136.66}"
136.76,aisle_crossing,"{""aisle"": ""aisle3"", ""id"": ""c004"", ""line"": ""out"", ""dir"": ""in"", ""t"": 136.76, ""mode"": ""full""}"
136.76,clear_blocked_by_ledger,"{""aisle"": ""aisle3"", ""reason"": ""ledger_open"", ""snapshot"": {""aisle"": ""aisle3"", ""in_n"": 40, ""out_n"": 39, ""open"": [""c004""], ""visible"": 1, ""clear"": false, ""feed_ok"": true}, ""visible"": 1, ""open"": [""c004""], ""mode"": ""full"", ""t"": 136.76}"
136.86,aisle_crossing,"{""aisle"": ""aisle3"", ""id"": ""c004"", ""line"": ""out"", ""dir"": ""out"", ""t"": 136.86, ""mode"": ""full""}"
136.86,clear_blocked_by_ledger,"{""aisle"": ""aisle3"", ""reason"": ""not_confirmed"", ""snapshot"": {""aisle"": ""aisle3"", ""in_n"": 40, ""out_n"": 40, ""open"": [], ""visible"": 0, ""clear"": false, ""feed_ok"": true}, ""visible"": 0, ""open"": [], ""mode"": ""full"", ""t"": 136.86}"
136.96,aisle_crossing,"{""aisle"": ""aisle2"", ""id"": ""c001"", ""line"": ""out"", ""dir"": ""out"", ""t"": 136.96, ""mode"": ""full""}"
137.17,aisle_crossing,"{""aisle"": ""aisle2"", ""id"": ""c001"", ""line"": ""out"", ""dir"": ""in"", ""t"": 137.17, ""mode"": ""full""}"
137.26,aisle_crossing,"{""aisle"": ""aisle3"", ""id"": ""c004"", ""line"": ""out"", ""dir"": ""in"", ""t"": 137.26, ""mode"": ""full""}"
137.26,clear_blocked_by_ledger,"{""aisle"": ""aisle3"", ""reason"": ""ledger_open"", ""snapshot"": {""aisle"": ""aisle3"", ""in_n"": 41, ""out_n"": 40, ""open"": [""c004""], ""visible"": 1, ""clear"": false, ""feed_ok"": true}, ""visible"": 1, ""open"": [""c004""], ""mode"": ""full"", ""t"": 137.26}"
137.36,aisle_crossing,"{""aisle"": ""aisle3"", ""id"": ""c004"", ""line"": ""out"", ""dir"": ""out"", ""t"": 137.36, ""mode"": ""full""}"
137.36,clear_blocked_by_ledger,"{""aisle"": ""aisle3"", ""reason"": ""not_confirmed"", ""snapshot"": {""aisle"": ""aisle3"", ""in_n"": 41, ""out_n"": 41, ""open"": [], ""visible"": 0, ""clear"": false, ""feed_ok"": true}, ""visible"": 0, ""open"": [], ""mode"": ""full"", ""t"": 137.36}"
137.46,aisle_crossing,"{""aisle"": ""aisle2"", ""id"": ""c001"", ""line"": ""out"", ""dir"": ""out"", ""t"": 137.46, ""mode"": ""full""}"
137.86,ledger_snapshot,"{""t"": 137.86, ""aisles"": [{""aisle"": ""aisle1"", ""in_n"": 42, ""out_n"": 42, ""open"": [], ""visible"": 0, ""clear"": true, ""feed_ok"": true}, {""aisle"": ""aisle2"", ""in_n"": 40, ""out_n"": 39, ""open"": [""c006""], ""visible"": 0, ""clear"": false, ""feed_ok"": true}, {""aisle"": ""aisle3"", ""in_n"": 41, ""out_n"": 41, ""open"": [], ""visible"": 0, ""clear"": false, ""feed_ok"": true}]}"
138.16,aisle_crossing,"{""aisle"": ""aisle2"", ""id"": ""c001"", ""line"": ""out"", ""dir"": ""in"", ""t"": 138.16, ""mode"": ""full""}"
138.26,aisle_crossing,"{""aisle"": ""aisle2"", ""id"": ""c001"", ""line"": ""out"", ""dir"": ""out"", ""t"": 138.26, ""mode"": ""full""}"
138.46,aisle_crossing,"{""aisle"": ""aisle2"", ""id"": ""c001"", ""line"": ""out"", ""dir"": ""in"", ""t"": 138.46, ""mode"": ""full""}"
138.56,aisle_crossing,"{""aisle"": ""aisle2"", ""id"": ""c001"", ""line"": ""out"", ""dir"": ""out"", ""t"": 138.56, ""mode"": ""full""}"
138.76,aisle_crossing,"{""aisle"": ""aisle3"", ""id"": ""c004"", ""line"": ""out"", ""dir"": ""in"", ""t"": 138.76, ""mode"": ""full""}"
138.76,clear_blocked_by_ledger,"{""aisle"": ""aisle3"", ""reason"": ""ledger_open"", ""snapshot"": {""aisle"": ""aisle3"", ""in_n"": 42, ""out_n"": 41, ""open"": [""c004""], ""visible"": 1, ""clear"": false, ""feed_ok"": true}, ""visible"": 1, ""open"": [""c004""], ""mode"": ""full"", ""t"": 138.76}"
138.86,aisle_crossing,"{""aisle"": ""aisle3"", ""id"": ""c004"", ""line"": ""out"", ""dir"": ""out"", ""t"": 138.86, ""mode"": ""full""}"
138.86,clear_blocked_by_ledger,"{""aisle"": ""aisle3"", ""reason"": ""not_confirmed"", ""snapshot"": {""aisle"": ""aisle3"", ""in_n"": 42, ""out_n"": 42, ""open"": [], ""visible"": 0, ""clear"": false, ""feed_ok"": true}, ""visible"": 0, ""open"": [], ""mode"": ""full"", ""t"": 138.86}"
139.16,clear_blocked_by_ledger,"{""aisle"": ""aisle2"", ""reason"": ""ledger_open"", ""snapshot"": {""aisle"": ""aisle2"", ""in_n"": 42, ""out_n"": 41, ""open"": [""c006""], ""visible"": 0, ""clear"": false, ""feed_ok"": true}, ""visible"": 0, ""open"": [""c006""], ""mode"": ""full"", ""t"": 139.16}"
139.36,aisle_crossing,"{""aisle"": ""aisle2"", ""id"": ""c001"", ""line"": ""out"", ""dir"": ""in"", ""t"": 139.36, ""mode"": ""full""}"
139.46,aisle_crossing,"{""aisle"": ""aisle2"", ""id"": ""c001"", ""line"": ""out"", ""dir"": ""out"", ""t"": 139.46, ""mode"": ""full""}"
139.96,ledger_snapshot,"{""t"": 139.96, ""aisles"": [{""aisle"": ""aisle1"", ""in_n"": 42, ""out_n"": 42, ""open"": [], ""visible"": 0, ""clear"": true, ""feed_ok"": true}, {""aisle"": ""aisle2"", ""in_n"": 43, ""out_n"": 42, ""open"": [""c006""], ""visible"": 0, ""clear"": false, ""feed_ok"": true}, {""aisle"": ""aisle3"", ""in_n"": 42, ""out_n"": 42, ""open"": [], ""visible"": 0, ""clear"": false, ""feed_ok"": true}]}"
142.06,ledger_snapshot,"{""t"": 142.06, ""aisles"": [{""aisle"": ""aisle1"", ""in_n"": 42, ""out_n"": 42, ""open"": [], ""visible"": 0, ""clear"": true, ""feed_ok"": true}, {""aisle"": ""aisle2"", ""in_n"": 43, ""out_n"": 42, ""open"": [""c006""], ""visible"": 0, ""clear"": false, ""feed_ok"": true}, {""aisle"": ""aisle3"", ""in_n"": 42, ""out_n"": 42, ""open"": [], ""visible"": 0, ""clear"": false, ""feed_ok"": true}]}"
143.86,ledger_clear,"{""aisle"": ""aisle3"", ""snapshot"": {""aisle"": ""aisle3"", ""in_n"": 42, ""out_n"": 42, ""open"": [], ""visible"": 0, ""clear"": true, ""feed_ok"": true}, ""mode"": ""full"", ""t"": 143.86}"
144.06,ledger_snapshot,"{""t"": 144.06, ""aisles"": [{""aisle"": ""aisle1"", ""in_n"": 42, ""out_n"": 42, ""open"": [], ""visible"": 0, ""clear"": true, ""feed_ok"": true}, {""aisle"": ""aisle2"", ""in_n"": 43, ""out_n"": 42, ""open"": [""c006""], ""visible"": 0, ""clear"": false, ""feed_ok"": true}, {""aisle"": ""aisle3"", ""in_n"": 42, ""out_n"": 42, ""open"": [], ""visible"": 0, ""clear"": true, ""feed_ok"": true}]}"
144.16,clear_blocked_by_ledger,"{""aisle"": ""aisle3"", ""reason"": ""approach"", ""snapshot"": {""aisle"": ""aisle3"", ""in_n"": 42, ""out_n"": 42, ""open"": [], ""visible"": 0, ""clear"": true, ""feed_ok"": true, ""blocker"": ""c001"", ""why"": ""at_mouth""}, ""visible"": 0, ""open"": [], ""mode"": ""full"", ""t"": 144.16}"
144.26,clear_blocked_by_ledger,"{""aisle"": ""aisle2"", ""reason"": ""ledger_open"", ""snapshot"": {""aisle"": ""aisle2"", ""in_n"": 43, ""out_n"": 42, ""open"": [""c006""], ""visible"": 0, ""clear"": false, ""feed_ok"": true}, ""visible"": 0, ""open"": [""c006""], ""mode"": ""full"", ""t"": 144.26}"
144.26,ledger_clear,"{""aisle"": ""aisle3"", ""snapshot"": {""aisle"": ""aisle3"", ""in_n"": 42, ""out_n"": 42, ""open"": [], ""visible"": 0, ""clear"": true, ""feed_ok"": true}, ""mode"": ""full"", ""t"": 144.26}"
144.36,clear_blocked_by_ledger,"{""aisle"": ""aisle3"", ""reason"": ""approach"", ""snapshot"": {""aisle"": ""aisle3"", ""in_n"": 42, ""out_n"": 42, ""open"": [], ""visible"": 0, ""clear"": true, ""feed_ok"": true, ""blocker"": ""c001"", ""why"": ""at_mouth""}, ""visible"": 0, ""open"": [], ""mode"": ""full"", ""t"": 144.36}"
144.56,ledger_clear,"{""aisle"": ""aisle3"", ""snapshot"": {""aisle"": ""aisle3"", ""in_n"": 42, ""out_n"": 42, ""open"": [], ""visible"": 0, ""clear"": true, ""feed_ok"": true}, ""mode"": ""full"", ""t"": 144.56}"
144.76,clear_blocked_by_ledger,"{""aisle"": ""aisle3"", ""reason"": ""approach"", ""snapshot"": {""aisle"": ""aisle3"", ""in_n"": 42, ""out_n"": 42, ""open"": [], ""visible"": 0, ""clear"": true, ""feed_ok"": true, ""blocker"": ""c001"", ""why"": ""at_mouth""}, ""visible"": 0, ""open"": [], ""mode"": ""full"", ""t"": 144.76}"
144.86,ledger_clear,"{""aisle"": ""aisle3"", ""snapshot"": {""aisle"": ""aisle3"", ""in_n"": 42, ""out_n"": 42, ""open"": [], ""visible"": 0, ""clear"": true, ""feed_ok"": true}, ""mode"": ""full"", ""t"": 144.86}"
144.96,clear_blocked_by_ledger,"{""aisle"": ""aisle3"", ""reason"": ""approach"", ""snapshot"": {""aisle"": ""aisle3"", ""in_n"": 42, ""out_n"": 42, ""open"": [], ""visible"": 0, ""clear"": true, ""feed_ok"": true, ""blocker"": ""c001"", ""why"": ""at_mouth""}, ""visible"": 0, ""open"": [], ""mode"": ""full"", ""t"": 144.96}"
145.46,ledger_clear,"{""aisle"": ""aisle3"", ""snapshot"": {""aisle"": ""aisle3"", ""in_n"": 42, ""out_n"": 42, ""open"": [], ""visible"": 0, ""clear"": true, ""feed_ok"": true}, ""mode"": ""full"", ""t"": 145.46}"
145.66,clear_blocked_by_ledger,"{""aisle"": ""aisle3"", ""reason"": ""approach"", ""snapshot"": {""aisle"": ""aisle3"", ""in_n"": 42, ""out_n"": 42, ""open"": [], ""visible"": 0, ""clear"": true, ""feed_ok"": true, ""blocker"": ""c001"", ""why"": ""at_mouth""}, ""visible"": 0, ""open"": [], ""mode"": ""full"", ""t"": 145.66}"
145.76,ledger_clear,"{""aisle"": ""aisle3"", ""snapshot"": {""aisle"": ""aisle3"", ""in_n"": 42, ""out_n"": 42, ""open"": [], ""visible"": 0, ""clear"": true, ""feed_ok"": true}, ""mode"": ""full"", ""t"": 145.76}"
145.86,clear_blocked_by_ledger,"{""aisle"": ""aisle3"", ""reason"": ""approach"", ""snapshot"": {""aisle"": ""aisle3"", ""in_n"": 42, ""out_n"": 42, ""open"": [], ""visible"": 0, ""clear"": true, ""feed_ok"": true, ""blocker"": ""c001"", ""why"": ""at_mouth""}, ""visible"": 0, ""open"": [], ""mode"": ""full"", ""t"": 145.86}"
145.97,ledger_clear,"{""aisle"": ""aisle3"", ""snapshot"": {""aisle"": ""aisle3"", ""in_n"": 42, ""out_n"": 42, ""open"": [], ""visible"": 0, ""clear"": true, ""feed_ok"": true}, ""mode"": ""full"", ""t"": 145.97}"
146.16,ledger_snapshot,"{""t"": 146.16, ""aisles"": [{""aisle"": ""aisle1"", ""in_n"": 42, ""out_n"": 42, ""open"": [], ""visible"": 0, ""clear"": true, ""feed_ok"": true}, {""aisle"": ""aisle2"", ""in_n"": 43, ""out_n"": 42, ""open"": [""c006""], ""visible"": 0, ""clear"": false, ""feed_ok"": true}, {""aisle"": ""aisle3"", ""in_n"": 42, ""out_n"": 42, ""open"": [], ""visible"": 0, ""clear"": true, ""feed_ok"": true}]}"
146.16,clear_blocked_by_ledger,"{""aisle"": ""aisle3"", ""reason"": ""approach"", ""snapshot"": {""aisle"": ""aisle3"", ""in_n"": 42, ""out_n"": 42, ""open"": [], ""visible"": 0, ""clear"": true, ""feed_ok"": true, ""blocker"": ""c001"", ""why"": ""at_mouth""}, ""visible"": 0, ""open"": [], ""mode"": ""full"", ""t"": 146.16}"
146.96,ledger_clear,"{""aisle"": ""aisle3"", ""snapshot"": {""aisle"": ""aisle3"", ""in_n"": 42, ""out_n"": 42, ""open"": [], ""visible"": 0, ""clear"": true, ""feed_ok"": true}, ""mode"": ""full"", ""t"": 146.96}"
147.16,clear_blocked_by_ledger,"{""aisle"": ""aisle3"", ""reason"": ""approach"", ""snapshot"": {""aisle"": ""aisle3"", ""in_n"": 42, ""out_n"": 42, ""open"": [], ""visible"": 0, ""clear"": true, ""feed_ok"": true, ""blocker"": ""c001"", ""why"": ""at_mouth""}, ""visible"": 0, ""open"": [], ""mode"": ""full"", ""t"": 147.16}"
148.16,ledger_clear,"{""aisle"": ""aisle3"", ""snapshot"": {""aisle"": ""aisle3"", ""in_n"": 42, ""out_n"": 42, ""open"": [], ""visible"": 0, ""clear"": true, ""feed_ok"": true}, ""mode"": ""full"", ""t"": 148.16}"
148.26,ledger_snapshot,"{""t"": 148.26, ""aisles"": [{""aisle"": ""aisle1"", ""in_n"": 42, ""out_n"": 42, ""open"": [], ""visible"": 0, ""clear"": true, ""feed_ok"": true}, {""aisle"": ""aisle2"", ""in_n"": 43, ""out_n"": 42, ""open"": [""c006""], ""visible"": 1, ""clear"": false, ""feed_ok"": true}, {""aisle"": ""aisle3"", ""in_n"": 42, ""out_n"": 42, ""open"": [], ""visible"": 0, ""clear"": true, ""feed_ok"": true}]}"
148.26,clear_blocked_by_ledger,"{""aisle"": ""aisle3"", ""reason"": ""approach"", ""snapshot"": {""aisle"": ""aisle3"", ""in_n"": 42, ""out_n"": 42, ""open"": [], ""visible"": 0, ""clear"": true, ""feed_ok"": true, ""blocker"": ""c001"", ""why"": ""at_mouth""}, ""visible"": 0, ""open"": [], ""mode"": ""full"", ""t"": 148.26}"
148.86,ledger_clear,"{""aisle"": ""aisle3"", ""snapshot"": {""aisle"": ""aisle3"", ""in_n"": 42, ""out_n"": 42, ""open"": [], ""visible"": 0, ""clear"": true, ""feed_ok"": true}, ""mode"": ""full"", ""t"": 148.86}"
148.96,clear_blocked_by_ledger,"{""aisle"": ""aisle3"", ""reason"": ""approach"", ""snapshot"": {""aisle"": ""aisle3"", ""in_n"": 42, ""out_n"": 42, ""open"": [], ""visible"": 0, ""clear"": true, ""feed_ok"": true, ""blocker"": ""c001"", ""why"": ""at_mouth""}, ""visible"": 0, ""open"": [], ""mode"": ""full"", ""t"": 148.96}"
149.06,aisle_crossing,"{""aisle"": ""aisle2"", ""id"": ""c006"", ""line"": ""out"", ""dir"": ""out"", ""t"": 149.06, ""mode"": ""full""}"
149.06,clear_blocked_by_ledger,"{""aisle"": ""aisle2"", ""reason"": ""not_confirmed"", ""snapshot"": {""aisle"": ""aisle2"", ""in_n"": 43, ""out_n"": 43, ""open"": [], ""visible"": 0, ""clear"": false, ""feed_ok"": true}, ""visible"": 0, ""open"": [], ""mode"": ""full"", ""t"": 149.06}"
149.16,aisle_crossing,"{""aisle"": ""aisle2"", ""id"": ""c006"", ""line"": ""out"", ""dir"": ""in"", ""t"": 149.16, ""mode"": ""full""}"
149.16,clear_blocked_by_ledger,"{""aisle"": ""aisle2"", ""reason"": ""ledger_open"", ""snapshot"": {""aisle"": ""aisle2"", ""in_n"": 44, ""out_n"": 43, ""open"": [""c006""], ""visible"": 1, ""clear"": false, ""feed_ok"": true}, ""visible"": 1, ""open"": [""c006""], ""mode"": ""full"", ""t"": 149.16}"
149.76,aisle_crossing,"{""aisle"": ""aisle2"", ""id"": ""c006"", ""line"": ""out"", ""dir"": ""out"", ""t"": 149.76, ""mode"": ""full""}"
149.76,clear_blocked_by_ledger,"{""aisle"": ""aisle2"", ""reason"": ""not_confirmed"", ""snapshot"": {""aisle"": ""aisle2"", ""in_n"": 44, ""out_n"": 44, ""open"": [], ""visible"": 0, ""clear"": false, ""feed_ok"": true}, ""visible"": 0, ""open"": [], ""mode"": ""full"", ""t"": 149.76}"
150.36,ledger_snapshot,"{""t"": 150.36, ""aisles"": [{""aisle"": ""aisle1"", ""in_n"": 42, ""out_n"": 42, ""open"": [], ""visible"": 0, ""clear"": true, ""feed_ok"": true}, {""aisle"": ""aisle2"", ""in_n"": 44, ""out_n"": 44, ""open"": [], ""visible"": 0, ""clear"": false, ""feed_ok"": true}, {""aisle"": ""aisle3"", ""in_n"": 42, ""out_n"": 42, ""open"": [], ""visible"": 0, ""clear"": true, ""feed_ok"": true}]}"
152.36,ledger_snapshot,"{""t"": 152.36, ""aisles"": [{""aisle"": ""aisle1"", ""in_n"": 42, ""out_n"": 42, ""open"": [], ""visible"": 0, ""clear"": true, ""feed_ok"": true}, {""aisle"": ""aisle2"", ""in_n"": 44, ""out_n"": 44, ""open"": [], ""visible"": 0, ""clear"": false, ""feed_ok"": true}, {""aisle"": ""aisle3"", ""in_n"": 42, ""out_n"": 42, ""open"": [], ""visible"": 0, ""clear"": true, ""feed_ok"": true}]}"
153.96,clear_blocked_by_ledger,"{""aisle"": ""aisle3"", ""reason"": ""approach"", ""snapshot"": {""aisle"": ""aisle3"", ""in_n"": 42, ""out_n"": 42, ""open"": [], ""visible"": 0, ""clear"": true, ""feed_ok"": true, ""blocker"": ""c001"", ""why"": ""at_mouth""}, ""visible"": 0, ""open"": [], ""mode"": ""full"", ""t"": 153.96}"
154.46,ledger_snapshot,"{""t"": 154.46, ""aisles"": [{""aisle"": ""aisle1"", ""in_n"": 42, ""out_n"": 42, ""open"": [], ""visible"": 0, ""clear"": true, ""feed_ok"": true}, {""aisle"": ""aisle2"", ""in_n"": 44, ""out_n"": 44, ""open"": [], ""visible"": 0, ""clear"": false, ""feed_ok"": true}, {""aisle"": ""aisle3"", ""in_n"": 42, ""out_n"": 42, ""open"": [], ""visible"": 0, ""clear"": true, ""feed_ok"": true}]}"
154.76,clear_blocked_by_ledger,"{""aisle"": ""aisle2"", ""reason"": ""approach"", ""snapshot"": {""aisle"": ""aisle2"", ""in_n"": 44, ""out_n"": 44, ""open"": [], ""visible"": 0, ""clear"": true, ""feed_ok"": true, ""blocker"": ""c006"", ""why"": ""at_mouth""}, ""visible"": 0, ""open"": [], ""mode"": ""full"", ""t"": 154.76}"
154.86,aisle_crossing,"{""aisle"": ""aisle3"", ""id"": ""c001"", ""line"": ""out"", ""dir"": ""in"", ""t"": 154.86, ""mode"": ""full""}"
154.86,clear_blocked_by_ledger,"{""aisle"": ""aisle3"", ""reason"": ""ledger_open"", ""snapshot"": {""aisle"": ""aisle3"", ""in_n"": 43, ""out_n"": 42, ""open"": [""c001""], ""visible"": 1, ""clear"": false, ""feed_ok"": true}, ""visible"": 1, ""open"": [""c001""], ""mode"": ""full"", ""t"": 154.86}"
154.96,aisle_crossing,"{""aisle"": ""aisle3"", ""id"": ""c001"", ""line"": ""out"", ""dir"": ""out"", ""t"": 154.96, ""mode"": ""full""}"
154.96,clear_blocked_by_ledger,"{""aisle"": ""aisle3"", ""reason"": ""not_confirmed"", ""snapshot"": {""aisle"": ""aisle3"", ""in_n"": 43, ""out_n"": 43, ""open"": [], ""visible"": 0, ""clear"": false, ""feed_ok"": true}, ""visible"": 0, ""open"": [], ""mode"": ""full"", ""t"": 154.96}"
155.96,ledger_clear,"{""aisle"": ""aisle2"", ""snapshot"": {""aisle"": ""aisle2"", ""in_n"": 44, ""out_n"": 44, ""open"": [], ""visible"": 0, ""clear"": true, ""feed_ok"": true}, ""mode"": ""full"", ""t"": 155.96}"
156.06,clear_blocked_by_ledger,"{""aisle"": ""aisle2"", ""reason"": ""approach"", ""snapshot"": {""aisle"": ""aisle2"", ""in_n"": 44, ""out_n"": 44, ""open"": [], ""visible"": 0, ""clear"": true, ""feed_ok"": true, ""blocker"": ""c006"", ""why"": ""at_mouth""}, ""visible"": 0, ""open"": [], ""mode"": ""full"", ""t"": 156.06}"
156.46,ledger_snapshot,"{""t"": 156.46, ""aisles"": [{""aisle"": ""aisle1"", ""in_n"": 42, ""out_n"": 42, ""open"": [], ""visible"": 0, ""clear"": true, ""feed_ok"": true}, {""aisle"": ""aisle2"", ""in_n"": 44, ""out_n"": 44, ""open"": [], ""visible"": 0, ""clear"": true, ""feed_ok"": true}, {""aisle"": ""aisle3"", ""in_n"": 43, ""out_n"": 43, ""open"": [], ""visible"": 0, ""clear"": false, ""feed_ok"": true}]}"
156.66,ledger_clear,"{""aisle"": ""aisle2"", ""snapshot"": {""aisle"": ""aisle2"", ""in_n"": 44, ""out_n"": 44, ""open"": [], ""visible"": 0, ""clear"": true, ""feed_ok"": true}, ""mode"": ""full"", ""t"": 156.66}"
156.86,clear_blocked_by_ledger,"{""aisle"": ""aisle2"", ""reason"": ""approach"", ""snapshot"": {""aisle"": ""aisle2"", ""in_n"": 44, ""out_n"": 44, ""open"": [], ""visible"": 0, ""clear"": true, ""feed_ok"": true, ""blocker"": ""c006"", ""why"": ""at_mouth""}, ""visible"": 0, ""open"": [], ""mode"": ""full"", ""t"": 156.86}"
156.96,aisle_crossing,"{""aisle"": ""aisle3"", ""id"": ""c001"", ""line"": ""out"", ""dir"": ""in"", ""t"": 156.96, ""mode"": ""full""}"
156.96,ledger_clear,"{""aisle"": ""aisle2"", ""snapshot"": {""aisle"": ""aisle2"", ""in_n"": 44, ""out_n"": 44, ""open"": [], ""visible"": 0, ""clear"": true, ""feed_ok"": true}, ""mode"": ""full"", ""t"": 156.96}"
156.96,clear_blocked_by_ledger,"{""aisle"": ""aisle3"", ""reason"": ""ledger_open"", ""snapshot"": {""aisle"": ""aisle3"", ""in_n"": 44, ""out_n"": 43, ""open"": [""c001""], ""visible"": 1, ""clear"": false, ""feed_ok"": true}, ""visible"": 1, ""open"": [""c001""], ""mode"": ""full"", ""t"": 156.96}"
157.16,aisle_crossing,"{""aisle"": ""aisle3"", ""id"": ""c001"", ""line"": ""out"", ""dir"": ""out"", ""t"": 157.16, ""mode"": ""full""}"
157.16,clear_blocked_by_ledger,"{""aisle"": ""aisle3"", ""reason"": ""not_confirmed"", ""snapshot"": {""aisle"": ""aisle3"", ""in_n"": 44, ""out_n"": 44, ""open"": [], ""visible"": 0, ""clear"": false, ""feed_ok"": true}, ""visible"": 0, ""open"": [], ""mode"": ""full"", ""t"": 157.16}"
157.36,clear_blocked_by_ledger,"{""aisle"": ""aisle2"", ""reason"": ""approach"", ""snapshot"": {""aisle"": ""aisle2"", ""in_n"": 44, ""out_n"": 44, ""open"": [], ""visible"": 0, ""clear"": true, ""feed_ok"": true, ""blocker"": ""c006"", ""why"": ""at_mouth""}, ""visible"": 0, ""open"": [], ""mode"": ""full"", ""t"": 157.36}"
157.46,ledger_clear,"{""aisle"": ""aisle2"", ""snapshot"": {""aisle"": ""aisle2"", ""in_n"": 44, ""out_n"": 44, ""open"": [], ""visible"": 0, ""clear"": true, ""feed_ok"": true}, ""mode"": ""full"", ""t"": 157.46}"
157.66,aisle_crossing,"{""aisle"": ""aisle3"", ""id"": ""c001"", ""line"": ""out"", ""dir"": ""in"", ""t"": 157.66, ""mode"": ""full""}"
157.66,clear_blocked_by_ledger,"{""aisle"": ""aisle3"", ""reason"": ""ledger_open"", ""snapshot"": {""aisle"": ""aisle3"", ""in_n"": 45, ""out_n"": 44, ""open"": [""c001""], ""visible"": 1, ""clear"": false, ""feed_ok"": true}, ""visible"": 1, ""open"": [""c001""], ""mode"": ""full"", ""t"": 157.66}"
157.76,aisle_crossing,"{""aisle"": ""aisle3"", ""id"": ""c001"", ""line"": ""out"", ""dir"": ""out"", ""t"": 157.76, ""mode"": ""full""}"
157.76,clear_blocked_by_ledger,"{""aisle"": ""aisle3"", ""reason"": ""not_confirmed"", ""snapshot"": {""aisle"": ""aisle3"", ""in_n"": 45, ""out_n"": 45, ""open"": [], ""visible"": 0, ""clear"": false, ""feed_ok"": true}, ""visible"": 0, ""open"": [], ""mode"": ""full"", ""t"": 157.76}"
157.96,clear_blocked_by_ledger,"{""aisle"": ""aisle2"", ""reason"": ""approach"", ""snapshot"": {""aisle"": ""aisle2"", ""in_n"": 44, ""out_n"": 44, ""open"": [], ""visible"": 0, ""clear"": true, ""feed_ok"": true, ""blocker"": ""c006"", ""why"": ""at_mouth""}, ""visible"": 0, ""open"": [], ""mode"": ""full"", ""t"": 157.96}"
158.06,ledger_clear,"{""aisle"": ""aisle2"", ""snapshot"": {""aisle"": ""aisle2"", ""in_n"": 44, ""out_n"": 44, ""open"": [], ""visible"": 0, ""clear"": true, ""feed_ok"": true}, ""mode"": ""full"", ""t"": 158.06}"
158.56,ledger_snapshot,"{""t"": 158.56, ""aisles"": [{""aisle"": ""aisle1"", ""in_n"": 42, ""out_n"": 42, ""open"": [], ""visible"": 0, ""clear"": true, ""feed_ok"": true}, {""aisle"": ""aisle2"", ""in_n"": 44, ""out_n"": 44, ""open"": [], ""visible"": 0, ""clear"": true, ""feed_ok"": true}, {""aisle"": ""aisle3"", ""in_n"": 45, ""out_n"": 45, ""open"": [], ""visible"": 0, ""clear"": false, ""feed_ok"": true}]}"
158.76,aisle_crossing,"{""aisle"": ""aisle3"", ""id"": ""c001"", ""line"": ""out"", ""dir"": ""in"", ""t"": 158.76, ""mode"": ""full""}"
158.76,clear_blocked_by_ledger,"{""aisle"": ""aisle3"", ""reason"": ""ledger_open"", ""snapshot"": {""aisle"": ""aisle3"", ""in_n"": 46, ""out_n"": 45, ""open"": [""c001""], ""visible"": 1, ""clear"": false, ""feed_ok"": true}, ""visible"": 1, ""open"": [""c001""], ""mode"": ""full"", ""t"": 158.76}"
158.86,aisle_crossing,"{""aisle"": ""aisle3"", ""id"": ""c001"", ""line"": ""out"", ""dir"": ""out"", ""t"": 158.86, ""mode"": ""full""}"
158.86,clear_blocked_by_ledger,"{""aisle"": ""aisle3"", ""reason"": ""not_confirmed"", ""snapshot"": {""aisle"": ""aisle3"", ""in_n"": 46, ""out_n"": 46, ""open"": [], ""visible"": 0, ""clear"": false, ""feed_ok"": true}, ""visible"": 0, ""open"": [], ""mode"": ""full"", ""t"": 158.86}"
158.96,aisle_crossing,"{""aisle"": ""aisle3"", ""id"": ""c001"", ""line"": ""out"", ""dir"": ""in"", ""t"": 158.96, ""mode"": ""full""}"
158.96,clear_blocked_by_ledger,"{""aisle"": ""aisle3"", ""reason"": ""ledger_open"", ""snapshot"": {""aisle"": ""aisle3"", ""in_n"": 47, ""out_n"": 46, ""open"": [""c001""], ""visible"": 1, ""clear"": false, ""feed_ok"": true}, ""visible"": 1, ""open"": [""c001""], ""mode"": ""full"", ""t"": 158.96}"
159.16,aisle_crossing,"{""aisle"": ""aisle3"", ""id"": ""c001"", ""line"": ""out"", ""dir"": ""out"", ""t"": 159.16, ""mode"": ""full""}"
159.16,clear_blocked_by_ledger,"{""aisle"": ""aisle3"", ""reason"": ""not_confirmed"", ""snapshot"": {""aisle"": ""aisle3"", ""in_n"": 47, ""out_n"": 47, ""open"": [], ""visible"": 0, ""clear"": false, ""feed_ok"": true}, ""visible"": 0, ""open"": [], ""mode"": ""full"", ""t"": 159.16}"
159.26,aisle_crossing,"{""aisle"": ""aisle3"", ""id"": ""c001"", ""line"": ""out"", ""dir"": ""in"", ""t"": 159.26, ""mode"": ""full""}"
159.26,clear_blocked_by_ledger,"{""aisle"": ""aisle3"", ""reason"": ""ledger_open"", ""snapshot"": {""aisle"": ""aisle3"", ""in_n"": 48, ""out_n"": 47, ""open"": [""c001""], ""visible"": 1, ""clear"": false, ""feed_ok"": true}, ""visible"": 1, ""open"": [""c001""], ""mode"": ""full"", ""t"": 159.26}"
159.36,aisle_crossing,"{""aisle"": ""aisle3"", ""id"": ""c001"", ""line"": ""out"", ""dir"": ""out"", ""t"": 159.36, ""mode"": ""full""}"
159.36,clear_blocked_by_ledger,"{""aisle"": ""aisle3"", ""reason"": ""not_confirmed"", ""snapshot"": {""aisle"": ""aisle3"", ""in_n"": 48, ""out_n"": 48, ""open"": [], ""visible"": 0, ""clear"": false, ""feed_ok"": true}, ""visible"": 0, ""open"": [], ""mode"": ""full"", ""t"": 159.36}"
159.56,aisle_crossing,"{""aisle"": ""aisle3"", ""id"": ""c001"", ""line"": ""out"", ""dir"": ""in"", ""t"": 159.56, ""mode"": ""full""}"
159.56,clear_blocked_by_ledger,"{""aisle"": ""aisle3"", ""reason"": ""ledger_open"", ""snapshot"": {""aisle"": ""aisle3"", ""in_n"": 49, ""out_n"": 48, ""open"": [""c001""], ""visible"": 1, ""clear"": false, ""feed_ok"": true}, ""visible"": 1, ""open"": [""c001""], ""mode"": ""full"", ""t"": 159.56}"
159.66,aisle_crossing,"{""aisle"": ""aisle3"", ""id"": ""c001"", ""line"": ""out"", ""dir"": ""out"", ""t"": 159.66, ""mode"": ""full""}"
159.66,clear_blocked_by_ledger,"{""aisle"": ""aisle3"", ""reason"": ""not_confirmed"", ""snapshot"": {""aisle"": ""aisle3"", ""in_n"": 49, ""out_n"": 49, ""open"": [], ""visible"": 0, ""clear"": false, ""feed_ok"": true}, ""visible"": 0, ""open"": [], ""mode"": ""full"", ""t"": 159.66}"
159.96,aisle_crossing,"{""aisle"": ""aisle3"", ""id"": ""c001"", ""line"": ""out"", ""dir"": ""in"", ""t"": 159.96, ""mode"": ""full""}"
159.96,clear_blocked_by_ledger,"{""aisle"": ""aisle3"", ""reason"": ""ledger_open"", ""snapshot"": {""aisle"": ""aisle3"", ""in_n"": 50, ""out_n"": 49, ""open"": [""c001""], ""visible"": 1, ""clear"": false, ""feed_ok"": true}, ""visible"": 1, ""open"": [""c001""], ""mode"": ""full"", ""t"": 159.96}"
160.06,aisle_crossing,"{""aisle"": ""aisle3"", ""id"": ""c001"", ""line"": ""out"", ""dir"": ""out"", ""t"": 160.06, ""mode"": ""full""}"
160.06,clear_blocked_by_ledger,"{""aisle"": ""aisle3"", ""reason"": ""not_confirmed"", ""snapshot"": {""aisle"": ""aisle3"", ""in_n"": 50, ""out_n"": 50, ""open"": [], ""visible"": 0, ""clear"": false, ""feed_ok"": true}, ""visible"": 0, ""open"": [], ""mode"": ""full"", ""t"": 160.06}"
160.36,aisle_crossing,"{""aisle"": ""aisle3"", ""id"": ""c001"", ""line"": ""out"", ""dir"": ""in"", ""t"": 160.36, ""mode"": ""full""}"
160.36,clear_blocked_by_ledger,"{""aisle"": ""aisle3"", ""reason"": ""ledger_open"", ""snapshot"": {""aisle"": ""aisle3"", ""in_n"": 51, ""out_n"": 50, ""open"": [""c001""], ""visible"": 1, ""clear"": false, ""feed_ok"": true}, ""visible"": 1, ""open"": [""c001""], ""mode"": ""full"", ""t"": 160.36}"
160.46,aisle_crossing,"{""aisle"": ""aisle3"", ""id"": ""c001"", ""line"": ""out"", ""dir"": ""out"", ""t"": 160.46, ""mode"": ""full""}"
160.46,clear_blocked_by_ledger,"{""aisle"": ""aisle3"", ""reason"": ""not_confirmed"", ""snapshot"": {""aisle"": ""aisle3"", ""in_n"": 51, ""out_n"": 51, ""open"": [], ""visible"": 0, ""clear"": false, ""feed_ok"": true}, ""visible"": 0, ""open"": [], ""mode"": ""full"", ""t"": 160.46}"
160.56,aisle_crossing,"{""aisle"": ""aisle3"", ""id"": ""c001"", ""line"": ""out"", ""dir"": ""in"", ""t"": 160.56, ""mode"": ""full""}"
160.56,ledger_snapshot,"{""t"": 160.56, ""aisles"": [{""aisle"": ""aisle1"", ""in_n"": 42, ""out_n"": 42, ""open"": [], ""visible"": 0, ""clear"": true, ""feed_ok"": true}, {""aisle"": ""aisle2"", ""in_n"": 44, ""out_n"": 44, ""open"": [], ""visible"": 0, ""clear"": true, ""feed_ok"": true}, {""aisle"": ""aisle3"", ""in_n"": 52, ""out_n"": 51, ""open"": [""c001""], ""visible"": 1, ""clear"": false, ""feed_ok"": true}]}"
160.56,clear_blocked_by_ledger,"{""aisle"": ""aisle3"", ""reason"": ""ledger_open"", ""snapshot"": {""aisle"": ""aisle3"", ""in_n"": 52, ""out_n"": 51, ""open"": [""c001""], ""visible"": 1, ""clear"": false, ""feed_ok"": true}, ""visible"": 1, ""open"": [""c001""], ""mode"": ""full"", ""t"": 160.56}"
160.66,aisle_crossing,"{""aisle"": ""aisle3"", ""id"": ""c001"", ""line"": ""out"", ""dir"": ""out"", ""t"": 160.66, ""mode"": ""full""}"
160.66,clear_blocked_by_ledger,"{""aisle"": ""aisle3"", ""reason"": ""not_confirmed"", ""snapshot"": {""aisle"": ""aisle3"", ""in_n"": 52, ""out_n"": 52, ""open"": [], ""visible"": 0, ""clear"": false, ""feed_ok"": true}, ""visible"": 0, ""open"": [], ""mode"": ""full"", ""t"": 160.66}"
160.86,aisle_crossing,"{""aisle"": ""aisle3"", ""id"": ""c001"", ""line"": ""out"", ""dir"": ""in"", ""t"": 160.86, ""mode"": ""full""}"
160.86,clear_blocked_by_ledger,"{""aisle"": ""aisle3"", ""reason"": ""ledger_open"", ""snapshot"": {""aisle"": ""aisle3"", ""in_n"": 53, ""out_n"": 52, ""open"": [""c001""], ""visible"": 1, ""clear"": false, ""feed_ok"": true}, ""visible"": 1, ""open"": [""c001""], ""mode"": ""full"", ""t"": 160.86}"
161.06,aisle_crossing,"{""aisle"": ""aisle3"", ""id"": ""c001"", ""line"": ""out"", ""dir"": ""out"", ""t"": 161.06, ""mode"": ""full""}"
161.06,clear_blocked_by_ledger,"{""aisle"": ""aisle3"", ""reason"": ""not_confirmed"", ""snapshot"": {""aisle"": ""aisle3"", ""in_n"": 53, ""out_n"": 53, ""open"": [], ""visible"": 0, ""clear"": false, ""feed_ok"": true}, ""visible"": 0, ""open"": [], ""mode"": ""full"", ""t"": 161.06}"
161.46,clear_blocked_by_ledger,"{""aisle"": ""aisle2"", ""reason"": ""approach"", ""snapshot"": {""aisle"": ""aisle2"", ""in_n"": 44, ""out_n"": 44, ""open"": [], ""visible"": 0, ""clear"": true, ""feed_ok"": true, ""blocker"": ""c006"", ""why"": ""at_mouth""}, ""visible"": 0, ""open"": [], ""mode"": ""full"", ""t"": 161.46}"
161.56,ledger_clear,"{""aisle"": ""aisle2"", ""snapshot"": {""aisle"": ""aisle2"", ""in_n"": 44, ""out_n"": 44, ""open"": [], ""visible"": 0, ""clear"": true, ""feed_ok"": true}, ""mode"": ""full"", ""t"": 161.56}"
161.76,aisle_crossing,"{""aisle"": ""aisle3"", ""id"": ""c001"", ""line"": ""out"", ""dir"": ""in"", ""t"": 161.76, ""mode"": ""full""}"
161.76,clear_blocked_by_ledger,"{""aisle"": ""aisle3"", ""reason"": ""ledger_open"", ""snapshot"": {""aisle"": ""aisle3"", ""in_n"": 54, ""out_n"": 53, ""open"": [""c001""], ""visible"": 1, ""clear"": false, ""feed_ok"": true}, ""visible"": 1, ""open"": [""c001""], ""mode"": ""full"", ""t"": 161.76}"
161.86,aisle_crossing,"{""aisle"": ""aisle3"", ""id"": ""c001"", ""line"": ""out"", ""dir"": ""out"", ""t"": 161.86, ""mode"": ""full""}"
161.86,clear_blocked_by_ledger,"{""aisle"": ""aisle3"", ""reason"": ""not_confirmed"", ""snapshot"": {""aisle"": ""aisle3"", ""in_n"": 54, ""out_n"": 54, ""open"": [], ""visible"": 0, ""clear"": false, ""feed_ok"": true}, ""visible"": 0, ""open"": [], ""mode"": ""full"", ""t"": 161.86}"
161.96,aisle_crossing,"{""aisle"": ""aisle3"", ""id"": ""c001"", ""line"": ""out"", ""dir"": ""in"", ""t"": 161.96, ""mode"": ""full""}"
161.96,clear_blocked_by_ledger,"{""aisle"": ""aisle3"", ""reason"": ""ledger_open"", ""snapshot"": {""aisle"": ""aisle3"", ""in_n"": 55, ""out_n"": 54, ""open"": [""c001""], ""visible"": 1, ""clear"": false, ""feed_ok"": true}, ""visible"": 1, ""open"": [""c001""], ""mode"": ""full"", ""t"": 161.96}"
162.16,aisle_crossing,"{""aisle"": ""aisle3"", ""id"": ""c001"", ""line"": ""out"", ""dir"": ""out"", ""t"": 162.16, ""mode"": ""full""}"
162.16,clear_blocked_by_ledger,"{""aisle"": ""aisle3"", ""reason"": ""not_confirmed"", ""snapshot"": {""aisle"": ""aisle3"", ""in_n"": 55, ""out_n"": 55, ""open"": [], ""visible"": 0, ""clear"": false, ""feed_ok"": true}, ""visible"": 0, ""open"": [], ""mode"": ""full"", ""t"": 162.16}"
162.66,ledger_snapshot,"{""t"": 162.66, ""aisles"": [{""aisle"": ""aisle1"", ""in_n"": 42, ""out_n"": 42, ""open"": [], ""visible"": 0, ""clear"": true, ""feed_ok"": true}, {""aisle"": ""aisle2"", ""in_n"": 44, ""out_n"": 44, ""open"": [], ""visible"": 0, ""clear"": true, ""feed_ok"": true}, {""aisle"": ""aisle3"", ""in_n"": 55, ""out_n"": 55, ""open"": [], ""visible"": 0, ""clear"": false, ""feed_ok"": true}]}"
163.36,aisle_crossing,"{""aisle"": ""aisle3"", ""id"": ""c001"", ""line"": ""out"", ""dir"": ""in"", ""t"": 163.36, ""mode"": ""full""}"
163.36,clear_blocked_by_ledger,"{""aisle"": ""aisle3"", ""reason"": ""ledger_open"", ""snapshot"": {""aisle"": ""aisle3"", ""in_n"": 56, ""out_n"": 55, ""open"": [""c001""], ""visible"": 1, ""clear"": false, ""feed_ok"": true}, ""visible"": 1, ""open"": [""c001""], ""mode"": ""full"", ""t"": 163.36}"
163.46,aisle_crossing,"{""aisle"": ""aisle3"", ""id"": ""c001"", ""line"": ""out"", ""dir"": ""out"", ""t"": 163.46, ""mode"": ""full""}"
163.46,clear_blocked_by_ledger,"{""aisle"": ""aisle3"", ""reason"": ""not_confirmed"", ""snapshot"": {""aisle"": ""aisle3"", ""in_n"": 56, ""out_n"": 56, ""open"": [], ""visible"": 0, ""clear"": false, ""feed_ok"": true}, ""visible"": 0, ""open"": [], ""mode"": ""full"", ""t"": 163.46}"
164.76,ledger_snapshot,"{""t"": 164.76, ""aisles"": [{""aisle"": ""aisle1"", ""in_n"": 42, ""out_n"": 42, ""open"": [], ""visible"": 0, ""clear"": true, ""feed_ok"": true}, {""aisle"": ""aisle2"", ""in_n"": 44, ""out_n"": 44, ""open"": [], ""visible"": 0, ""clear"": true, ""feed_ok"": true}, {""aisle"": ""aisle3"", ""in_n"": 56, ""out_n"": 56, ""open"": [], ""visible"": 0, ""clear"": false, ""feed_ok"": true}]}"
164.76,clear_blocked_by_ledger,"{""aisle"": ""aisle2"", ""reason"": ""approach"", ""snapshot"": {""aisle"": ""aisle2"", ""in_n"": 44, ""out_n"": 44, ""open"": [], ""visible"": 0, ""clear"": true, ""feed_ok"": true, ""blocker"": ""c006"", ""why"": ""at_mouth""}, ""visible"": 0, ""open"": [], ""mode"": ""full"", ""t"": 164.76}"
164.86,ledger_clear,"{""aisle"": ""aisle2"", ""snapshot"": {""aisle"": ""aisle2"", ""in_n"": 44, ""out_n"": 44, ""open"": [], ""visible"": 0, ""clear"": true, ""feed_ok"": true}, ""mode"": ""full"", ""t"": 164.86}"
166.76,ledger_snapshot,"{""t"": 166.76, ""aisles"": [{""aisle"": ""aisle1"", ""in_n"": 42, ""out_n"": 42, ""open"": [], ""visible"": 0, ""clear"": true, ""feed_ok"": true}, {""aisle"": ""aisle2"", ""in_n"": 44, ""out_n"": 44, ""open"": [], ""visible"": 0, ""clear"": true, ""feed_ok"": true}, {""aisle"": ""aisle3"", ""in_n"": 56, ""out_n"": 56, ""open"": [], ""visible"": 0, ""clear"": false, ""feed_ok"": true}]}"
168.56,clear_blocked_by_ledger,"{""aisle"": ""aisle3"", ""reason"": ""approach"", ""snapshot"": {""aisle"": ""aisle3"", ""in_n"": 56, ""out_n"": 56, ""open"": [], ""visible"": 0, ""clear"": true, ""feed_ok"": true, ""blocker"": ""c006"", ""why"": ""at_mouth""}, ""visible"": 0, ""open"": [], ""mode"": ""full"", ""t"": 168.56}"
168.76,aisle_crossing,"{""aisle"": ""aisle3"", ""id"": ""c006"", ""line"": ""out"", ""dir"": ""in"", ""t"": 168.76, ""mode"": ""full""}"
168.76,clear_blocked_by_ledger,"{""aisle"": ""aisle3"", ""reason"": ""ledger_open"", ""snapshot"": {""aisle"": ""aisle3"", ""in_n"": 57, ""out_n"": 56, ""open"": [""c006""], ""visible"": 1, ""clear"": false, ""feed_ok"": true}, ""visible"": 1, ""open"": [""c006""], ""mode"": ""full"", ""t"": 168.76}"
168.86,aisle_crossing,"{""aisle"": ""aisle3"", ""id"": ""c006"", ""line"": ""out"", ""dir"": ""out"", ""t"": 168.86, ""mode"": ""full""}"
168.86,ledger_snapshot,"{""t"": 168.86, ""aisles"": [{""aisle"": ""aisle1"", ""in_n"": 42, ""out_n"": 42, ""open"": [], ""visible"": 0, ""clear"": true, ""feed_ok"": true}, {""aisle"": ""aisle2"", ""in_n"": 44, ""out_n"": 44, ""open"": [], ""visible"": 0, ""clear"": true, ""feed_ok"": true}, {""aisle"": ""aisle3"", ""in_n"": 57, ""out_n"": 57, ""open"": [], ""visible"": 0, ""clear"": false, ""feed_ok"": true}]}"
168.86,clear_blocked_by_ledger,"{""aisle"": ""aisle3"", ""reason"": ""not_confirmed"", ""snapshot"": {""aisle"": ""aisle3"", ""in_n"": 57, ""out_n"": 57, ""open"": [], ""visible"": 0, ""clear"": false, ""feed_ok"": true}, ""visible"": 0, ""open"": [], ""mode"": ""full"", ""t"": 168.86}"
169.96,aisle_crossing,"{""aisle"": ""aisle3"", ""id"": ""c006"", ""line"": ""out"", ""dir"": ""in"", ""t"": 169.96, ""mode"": ""full""}"
169.96,clear_blocked_by_ledger,"{""aisle"": ""aisle3"", ""reason"": ""ledger_open"", ""snapshot"": {""aisle"": ""aisle3"", ""in_n"": 58, ""out_n"": 57, ""open"": [""c006""], ""visible"": 1, ""clear"": false, ""feed_ok"": true}, ""visible"": 1, ""open"": [""c006""], ""mode"": ""full"", ""t"": 169.96}"
170.06,aisle_crossing,"{""aisle"": ""aisle3"", ""id"": ""c006"", ""line"": ""out"", ""dir"": ""out"", ""t"": 170.06, ""mode"": ""full""}"
170.06,clear_blocked_by_ledger,"{""aisle"": ""aisle3"", ""reason"": ""not_confirmed"", ""snapshot"": {""aisle"": ""aisle3"", ""in_n"": 58, ""out_n"": 58, ""open"": [], ""visible"": 0, ""clear"": false, ""feed_ok"": true}, ""visible"": 0, ""open"": [], ""mode"": ""full"", ""t"": 170.06}"
170.86,ledger_snapshot,"{""t"": 170.86, ""aisles"": [{""aisle"": ""aisle1"", ""in_n"": 42, ""out_n"": 42, ""open"": [], ""visible"": 0, ""clear"": true, ""feed_ok"": true}, {""aisle"": ""aisle2"", ""in_n"": 44, ""out_n"": 44, ""open"": [], ""visible"": 0, ""clear"": true, ""feed_ok"": true}, {""aisle"": ""aisle3"", ""in_n"": 58, ""out_n"": 58, ""open"": [], ""visible"": 0, ""clear"": false, ""feed_ok"": true}]}"
171.06,aisle_crossing,"{""aisle"": ""aisle3"", ""id"": ""c006"", ""line"": ""out"", ""dir"": ""in"", ""t"": 171.06, ""mode"": ""full""}"
171.06,clear_blocked_by_ledger,"{""aisle"": ""aisle3"", ""reason"": ""ledger_open"", ""snapshot"": {""aisle"": ""aisle3"", ""in_n"": 59, ""out_n"": 58, ""open"": [""c006""], ""visible"": 1, ""clear"": false, ""feed_ok"": true}, ""visible"": 1, ""open"": [""c006""], ""mode"": ""full"", ""t"": 171.06}"
171.16,aisle_crossing,"{""aisle"": ""aisle3"", ""id"": ""c006"", ""line"": ""out"", ""dir"": ""out"", ""t"": 171.16, ""mode"": ""full""}"
171.16,clear_blocked_by_ledger,"{""aisle"": ""aisle3"", ""reason"": ""not_confirmed"", ""snapshot"": {""aisle"": ""aisle3"", ""in_n"": 59, ""out_n"": 59, ""open"": [], ""visible"": 0, ""clear"": false, ""feed_ok"": true}, ""visible"": 0, ""open"": [], ""mode"": ""full"", ""t"": 171.16}"
171.36,aisle_crossing,"{""aisle"": ""aisle3"", ""id"": ""c006"", ""line"": ""out"", ""dir"": ""in"", ""t"": 171.36, ""mode"": ""full""}"
171.36,clear_blocked_by_ledger,"{""aisle"": ""aisle3"", ""reason"": ""ledger_open"", ""snapshot"": {""aisle"": ""aisle3"", ""in_n"": 60, ""out_n"": 59, ""open"": [""c006""], ""visible"": 1, ""clear"": false, ""feed_ok"": true}, ""visible"": 1, ""open"": [""c006""], ""mode"": ""full"", ""t"": 171.36}"
171.46,aisle_crossing,"{""aisle"": ""aisle3"", ""id"": ""c006"", ""line"": ""out"", ""dir"": ""out"", ""t"": 171.46, ""mode"": ""full""}"
171.46,clear_blocked_by_ledger,"{""aisle"": ""aisle3"", ""reason"": ""not_confirmed"", ""snapshot"": {""aisle"": ""aisle3"", ""in_n"": 60, ""out_n"": 60, ""open"": [], ""visible"": 0, ""clear"": false, ""feed_ok"": true}, ""visible"": 0, ""open"": [], ""mode"": ""full"", ""t"": 171.46}"
171.96,aisle_crossing,"{""aisle"": ""aisle3"", ""id"": ""c006"", ""line"": ""out"", ""dir"": ""in"", ""t"": 171.96, ""mode"": ""full""}"
171.96,clear_blocked_by_ledger,"{""aisle"": ""aisle3"", ""reason"": ""ledger_open"", ""snapshot"": {""aisle"": ""aisle3"", ""in_n"": 61, ""out_n"": 60, ""open"": [""c006""], ""visible"": 1, ""clear"": false, ""feed_ok"": true}, ""visible"": 1, ""open"": [""c006""], ""mode"": ""full"", ""t"": 171.96}"
172.06,aisle_crossing,"{""aisle"": ""aisle3"", ""id"": ""c006"", ""line"": ""out"", ""dir"": ""out"", ""t"": 172.06, ""mode"": ""full""}"
172.06,clear_blocked_by_ledger,"{""aisle"": ""aisle3"", ""reason"": ""not_confirmed"", ""snapshot"": {""aisle"": ""aisle3"", ""in_n"": 61, ""out_n"": 61, ""open"": [], ""visible"": 0, ""clear"": false, ""feed_ok"": true}, ""visible"": 0, ""open"": [], ""mode"": ""full"", ""t"": 172.06}"
172.96,ledger_snapshot,"{""t"": 172.96, ""aisles"": [{""aisle"": ""aisle1"", ""in_n"": 42, ""out_n"": 42, ""open"": [], ""visible"": 0, ""clear"": true, ""feed_ok"": true}, {""aisle"": ""aisle2"", ""in_n"": 44, ""out_n"": 44, ""open"": [], ""visible"": 0, ""clear"": true, ""feed_ok"": true}, {""aisle"": ""aisle3"", ""in_n"": 61, ""out_n"": 61, ""open"": [], ""visible"": 0, ""clear"": false, ""feed_ok"": true}]}"
175.06,ledger_snapshot,"{""t"": 175.06, ""aisles"": [{""aisle"": ""aisle1"", ""in_n"": 42, ""out_n"": 42, ""open"": [], ""visible"": 0, ""clear"": true, ""feed_ok"": true}, {""aisle"": ""aisle2"", ""in_n"": 44, ""out_n"": 44, ""open"": [], ""visible"": 0, ""clear"": true, ""feed_ok"": true}, {""aisle"": ""aisle3"", ""in_n"": 61, ""out_n"": 61, ""open"": [], ""visible"": 0, ""clear"": false, ""feed_ok"": true}]}"
177.06,ledger_snapshot,"{""t"": 177.06, ""aisles"": [{""aisle"": ""aisle1"", ""in_n"": 42, ""out_n"": 42, ""open"": [], ""visible"": 0, ""clear"": true, ""feed_ok"": true}, {""aisle"": ""aisle2"", ""in_n"": 44, ""out_n"": 44, ""open"": [], ""visible"": 0, ""clear"": true, ""feed_ok"": true}, {""aisle"": ""aisle3"", ""in_n"": 61, ""out_n"": 61, ""open"": [], ""visible"": 0, ""clear"": false, ""feed_ok"": true}]}"
177.16,ledger_clear,"{""aisle"": ""aisle3"", ""snapshot"": {""aisle"": ""aisle3"", ""in_n"": 61, ""out_n"": 61, ""open"": [], ""visible"": 0, ""clear"": true, ""feed_ok"": true}, ""mode"": ""full"", ""t"": 177.16}"
179.06,ledger_snapshot,"{""t"": 179.06, ""aisles"": [{""aisle"": ""aisle1"", ""in_n"": 42, ""out_n"": 42, ""open"": [], ""visible"": 0, ""clear"": true, ""feed_ok"": true}, {""aisle"": ""aisle2"", ""in_n"": 44, ""out_n"": 44, ""open"": [], ""visible"": 0, ""clear"": true, ""feed_ok"": true}, {""aisle"": ""aisle3"", ""in_n"": 61, ""out_n"": 61, ""open"": [], ""visible"": 0, ""clear"": true, ""feed_ok"": true}]}"
179.26,phase,"{""from"": ""wait_clear"", ""to"": ""scanning""}"
179.26,aisle_enter,"{""aisle"": ""aisle3"", ""from"": ""back"", ""reason"": ""clear"", ""mode"": ""full"", ""t"": 179.26}"
179.26,goal,"{""x"": 38.0, ""y"": 26.0, ""yaw"": 1.562, ""seq"": 6}"
179.36,ledger_clear,"{""aisle"": ""aisle3"", ""snapshot"": {""aisle"": ""aisle3"", ""in_n"": 61, ""out_n"": 61, ""open"": [], ""visible"": 0, ""clear"": true, ""feed_ok"": true}, ""mode"": ""full"", ""t"": 179.36}"
181.06,ledger_snapshot,"{""t"": 181.06, ""aisles"": [{""aisle"": ""aisle1"", ""in_n"": 42, ""out_n"": 42, ""open"": [], ""visible"": 0, ""clear"": true, ""feed_ok"": true}, {""aisle"": ""aisle2"", ""in_n"": 44, ""out_n"": 44, ""open"": [], ""visible"": 0, ""clear"": true, ""feed_ok"": true}, {""aisle"": ""aisle3"", ""in_n"": 61, ""out_n"": 61, ""open"": [], ""visible"": 0, ""clear"": true, ""feed_ok"": true}]}"
183.16,ledger_snapshot,"{""t"": 183.16, ""aisles"": [{""aisle"": ""aisle1"", ""in_n"": 42, ""out_n"": 42, ""open"": [], ""visible"": 0, ""clear"": true, ""feed_ok"": true}, {""aisle"": ""aisle2"", ""in_n"": 44, ""out_n"": 44, ""open"": [], ""visible"": 0, ""clear"": true, ""feed_ok"": true}, {""aisle"": ""aisle3"", ""in_n"": 61, ""out_n"": 61, ""open"": [], ""visible"": 0, ""clear"": true, ""feed_ok"": true}]}"
185.26,ledger_snapshot,"{""t"": 185.26, ""aisles"": [{""aisle"": ""aisle1"", ""in_n"": 42, ""out_n"": 42, ""open"": [], ""visible"": 0, ""clear"": true, ""feed_ok"": true}, {""aisle"": ""aisle2"", ""in_n"": 44, ""out_n"": 44, ""open"": [], ""visible"": 0, ""clear"": true, ""feed_ok"": true}, {""aisle"": ""aisle3"", ""in_n"": 61, ""out_n"": 61, ""open"": [], ""visible"": 0, ""clear"": true, ""feed_ok"": true}]}"
187.36,ledger_snapshot,"{""t"": 187.36, ""aisles"": [{""aisle"": ""aisle1"", ""in_n"": 42, ""out_n"": 42, ""open"": [], ""visible"": 0, ""clear"": true, ""feed_ok"": true}, {""aisle"": ""aisle2"", ""in_n"": 44, ""out_n"": 44, ""open"": [], ""visible"": 0, ""clear"": true, ""feed_ok"": true}, {""aisle"": ""aisle3"", ""in_n"": 61, ""out_n"": 61, ""open"": [], ""visible"": 0, ""clear"": true, ""feed_ok"": true}]}"
189.46,ledger_snapshot,"{""t"": 189.46, ""aisles"": [{""aisle"": ""aisle1"", ""in_n"": 42, ""out_n"": 42, ""open"": [], ""visible"": 0, ""clear"": true, ""feed_ok"": true}, {""aisle"": ""aisle2"", ""in_n"": 44, ""out_n"": 44, ""open"": [], ""visible"": 0, ""clear"": true, ""feed_ok"": true}, {""aisle"": ""aisle3"", ""in_n"": 61, ""out_n"": 61, ""open"": [], ""visible"": 0, ""clear"": true, ""feed_ok"": true}]}"
191.46,ledger_snapshot,"{""t"": 191.46, ""aisles"": [{""aisle"": ""aisle1"", ""in_n"": 42, ""out_n"": 42, ""open"": [], ""visible"": 0, ""clear"": true, ""feed_ok"": true}, {""aisle"": ""aisle2"", ""in_n"": 44, ""out_n"": 44, ""open"": [], ""visible"": 0, ""clear"": true, ""feed_ok"": true}, {""aisle"": ""aisle3"", ""in_n"": 61, ""out_n"": 61, ""open"": [], ""visible"": 0, ""clear"": true, ""feed_ok"": true}]}"
193.56,ledger_snapshot,"{""t"": 193.56, ""aisles"": [{""aisle"": ""aisle1"", ""in_n"": 42, ""out_n"": 42, ""open"": [], ""visible"": 0, ""clear"": true, ""feed_ok"": true}, {""aisle"": ""aisle2"", ""in_n"": 44, ""out_n"": 44, ""open"": [], ""visible"": 0, ""clear"": true, ""feed_ok"": true}, {""aisle"": ""aisle3"", ""in_n"": 61, ""out_n"": 61, ""open"": [], ""visible"": 0, ""clear"": true, ""feed_ok"": true}]}"
195.66,ledger_snapshot,"{""t"": 195.66, ""aisles"": [{""aisle"": ""aisle1"", ""in_n"": 42, ""out_n"": 42, ""open"": [], ""visible"": 0, ""clear"": true, ""feed_ok"": true}, {""aisle"": ""aisle2"", ""in_n"": 44, ""out_n"": 44, ""open"": [], ""visible"": 0, ""clear"": true, ""feed_ok"": true}, {""aisle"": ""aisle3"", ""in_n"": 61, ""out_n"": 61, ""open"": [], ""visible"": 0, ""clear"": true, ""feed_ok"": true}]}"
197.76,ledger_snapshot,"{""t"": 197.76, ""aisles"": [{""aisle"": ""aisle1"", ""in_n"": 42, ""out_n"": 42, ""open"": [], ""visible"": 0, ""clear"": true, ""feed_ok"": true}, {""aisle"": ""aisle2"", ""in_n"": 44, ""out_n"": 44, ""open"": [], ""visible"": 0, ""clear"": true, ""feed_ok"": true}, {""aisle"": ""aisle3"", ""in_n"": 61, ""out_n"": 61, ""open"": [], ""visible"": 0, ""clear"": true, ""feed_ok"": true}]}"
199.76,ledger_snapshot,"{""t"": 199.76, ""aisles"": [{""aisle"": ""aisle1"", ""in_n"": 42, ""out_n"": 42, ""open"": [], ""visible"": 0, ""clear"": true, ""feed_ok"": true}, {""aisle"": ""aisle2"", ""in_n"": 44, ""out_n"": 44, ""open"": [], ""visible"": 0, ""clear"": true, ""feed_ok"": true}, {""aisle"": ""aisle3"", ""in_n"": 61, ""out_n"": 61, ""open"": [], ""visible"": 0, ""clear"": true, ""feed_ok"": true}]}"
199.76,aisle_scanned,"{""aisle"": ""aisle3"", ""n"": 2, ""mode"": ""full"", ""t"": 199.76, ""dur"": 20.5}"
199.76,dispatch,"{""aisle"": ""aisle2"", ""first"": false, ""order"": [""aisle2""], ""mode"": ""full"", ""t"": 199.76}"
199.76,phase,"{""from"": ""scanning"", ""to"": ""to_standby""}"
199.76,goal,"{""x"": 29.0, ""y"": 26.0, ""yaw"": 3.053, ""seq"": 7}"
201.86,ledger_snapshot,"{""t"": 201.86, ""aisles"": [{""aisle"": ""aisle1"", ""in_n"": 42, ""out_n"": 42, ""open"": [], ""visible"": 0, ""clear"": true, ""feed_ok"": true}, {""aisle"": ""aisle2"", ""in_n"": 44, ""out_n"": 44, ""open"": [], ""visible"": 0, ""clear"": true, ""feed_ok"": true}, {""aisle"": ""aisle3"", ""in_n"": 61, ""out_n"": 61, ""open"": [], ""visible"": 0, ""clear"": true, ""feed_ok"": true}]}"
203.96,ledger_snapshot,"{""t"": 203.96, ""aisles"": [{""aisle"": ""aisle1"", ""in_n"": 42, ""out_n"": 42, ""open"": [], ""visible"": 0, ""clear"": true, ""feed_ok"": true}, {""aisle"": ""aisle2"", ""in_n"": 44, ""out_n"": 44, ""open"": [], ""visible"": 0, ""clear"": true, ""feed_ok"": true}, {""aisle"": ""aisle3"", ""in_n"": 61, ""out_n"": 61, ""open"": [], ""visible"": 0, ""clear"": true, ""feed_ok"": true}]}"
205.96,ledger_snapshot,"{""t"": 205.96, ""aisles"": [{""aisle"": ""aisle1"", ""in_n"": 42, ""out_n"": 42, ""open"": [], ""visible"": 0, ""clear"": true, ""feed_ok"": true}, {""aisle"": ""aisle2"", ""in_n"": 44, ""out_n"": 44, ""open"": [], ""visible"": 0, ""clear"": true, ""feed_ok"": true}, {""aisle"": ""aisle3"", ""in_n"": 61, ""out_n"": 61, ""open"": [], ""visible"": 0, ""clear"": true, ""feed_ok"": true}]}"
207.96,ledger_snapshot,"{""t"": 207.96, ""aisles"": [{""aisle"": ""aisle1"", ""in_n"": 42, ""out_n"": 42, ""open"": [], ""visible"": 0, ""clear"": true, ""feed_ok"": true}, {""aisle"": ""aisle2"", ""in_n"": 44, ""out_n"": 44, ""open"": [], ""visible"": 0, ""clear"": true, ""feed_ok"": true}, {""aisle"": ""aisle3"", ""in_n"": 61, ""out_n"": 61, ""open"": [], ""visible"": 0, ""clear"": true, ""feed_ok"": true}]}"
208.26,phase,"{""from"": ""to_standby"", ""to"": ""wait_clear""}"
208.26,at_standby,"{""aisle"": ""aisle2"", ""end"": ""front"", ""mode"": ""full"", ""t"": 208.26}"
209.96,ledger_snapshot,"{""t"": 209.96, ""aisles"": [{""aisle"": ""aisle1"", ""in_n"": 42, ""out_n"": 42, ""open"": [], ""visible"": 0, ""clear"": true, ""feed_ok"": true}, {""aisle"": ""aisle2"", ""in_n"": 44, ""out_n"": 44, ""open"": [], ""visible"": 0, ""clear"": true, ""feed_ok"": true}, {""aisle"": ""aisle3"", ""in_n"": 61, ""out_n"": 61, ""open"": [], ""visible"": 0, ""clear"": true, ""feed_ok"": true}]}"
209.96,goal_done,"{""seq"": 7, ""status"": 4}"
210.36,phase,"{""from"": ""wait_clear"", ""to"": ""scanning""}"
210.36,aisle_enter,"{""aisle"": ""aisle2"", ""from"": ""front"", ""reason"": ""clear"", ""mode"": ""full"", ""t"": 210.36}"
210.36,goal,"{""x"": 29.0, ""y"": 2.8, ""yaw"": -1.579, ""seq"": 8}"
210.46,ledger_clear,"{""aisle"": ""aisle2"", ""snapshot"": {""aisle"": ""aisle2"", ""in_n"": 44, ""out_n"": 44, ""open"": [], ""visible"": 0, ""clear"": true, ""feed_ok"": true}, ""mode"": ""full"", ""t"": 210.46}"
212.06,ledger_snapshot,"{""t"": 212.06, ""aisles"": [{""aisle"": ""aisle1"", ""in_n"": 42, ""out_n"": 42, ""open"": [], ""visible"": 0, ""clear"": true, ""feed_ok"": true}, {""aisle"": ""aisle2"", ""in_n"": 44, ""out_n"": 44, ""open"": [], ""visible"": 0, ""clear"": true, ""feed_ok"": true}, {""aisle"": ""aisle3"", ""in_n"": 61, ""out_n"": 61, ""open"": [], ""visible"": 0, ""clear"": true, ""feed_ok"": true}]}"
214.06,ledger_snapshot,"{""t"": 214.06, ""aisles"": [{""aisle"": ""aisle1"", ""in_n"": 42, ""out_n"": 42, ""open"": [], ""visible"": 0, ""clear"": true, ""feed_ok"": true}, {""aisle"": ""aisle2"", ""in_n"": 44, ""out_n"": 44, ""open"": [], ""visible"": 0, ""clear"": true, ""feed_ok"": true}, {""aisle"": ""aisle3"", ""in_n"": 61, ""out_n"": 61, ""open"": [], ""visible"": 0, ""clear"": true, ""feed_ok"": true}]}"
216.06,ledger_snapshot,"{""t"": 216.06, ""aisles"": [{""aisle"": ""aisle1"", ""in_n"": 42, ""out_n"": 42, ""open"": [], ""visible"": 0, ""clear"": true, ""feed_ok"": true}, {""aisle"": ""aisle2"", ""in_n"": 44, ""out_n"": 44, ""open"": [], ""visible"": 0, ""clear"": true, ""feed_ok"": true}, {""aisle"": ""aisle3"", ""in_n"": 61, ""out_n"": 61, ""open"": [], ""visible"": 0, ""clear"": true, ""feed_ok"": true}]}"
218.16,ledger_snapshot,"{""t"": 218.16, ""aisles"": [{""aisle"": ""aisle1"", ""in_n"": 42, ""out_n"": 42, ""open"": [], ""visible"": 0, ""clear"": true, ""feed_ok"": true}, {""aisle"": ""aisle2"", ""in_n"": 44, ""out_n"": 44, ""open"": [], ""visible"": 0, ""clear"": true, ""feed_ok"": true}, {""aisle"": ""aisle3"", ""in_n"": 61, ""out_n"": 61, ""open"": [], ""visible"": 0, ""clear"": true, ""feed_ok"": true}]}"
220.26,ledger_snapshot,"{""t"": 220.26, ""aisles"": [{""aisle"": ""aisle1"", ""in_n"": 42, ""out_n"": 42, ""open"": [], ""visible"": 0, ""clear"": true, ""feed_ok"": true}, {""aisle"": ""aisle2"", ""in_n"": 44, ""out_n"": 44, ""open"": [], ""visible"": 0, ""clear"": true, ""feed_ok"": true}, {""aisle"": ""aisle3"", ""in_n"": 61, ""out_n"": 61, ""open"": [], ""visible"": 0, ""clear"": true, ""feed_ok"": true}]}"
222.26,ledger_snapshot,"{""t"": 222.26, ""aisles"": [{""aisle"": ""aisle1"", ""in_n"": 42, ""out_n"": 42, ""open"": [], ""visible"": 0, ""clear"": true, ""feed_ok"": true}, {""aisle"": ""aisle2"", ""in_n"": 44, ""out_n"": 44, ""open"": [], ""visible"": 0, ""clear"": true, ""feed_ok"": true}, {""aisle"": ""aisle3"", ""in_n"": 61, ""out_n"": 61, ""open"": [], ""visible"": 0, ""clear"": true, ""feed_ok"": true}]}"
224.26,ledger_snapshot,"{""t"": 224.26, ""aisles"": [{""aisle"": ""aisle1"", ""in_n"": 42, ""out_n"": 42, ""open"": [], ""visible"": 0, ""clear"": true, ""feed_ok"": true}, {""aisle"": ""aisle2"", ""in_n"": 44, ""out_n"": 44, ""open"": [], ""visible"": 0, ""clear"": true, ""feed_ok"": true}, {""aisle"": ""aisle3"", ""in_n"": 61, ""out_n"": 61, ""open"": [], ""visible"": 0, ""clear"": true, ""feed_ok"": true}]}"
226.36,ledger_snapshot,"{""t"": 226.36, ""aisles"": [{""aisle"": ""aisle1"", ""in_n"": 42, ""out_n"": 42, ""open"": [], ""visible"": 0, ""clear"": true, ""feed_ok"": true}, {""aisle"": ""aisle2"", ""in_n"": 44, ""out_n"": 44, ""open"": [], ""visible"": 0, ""clear"": true, ""feed_ok"": true}, {""aisle"": ""aisle3"", ""in_n"": 61, ""out_n"": 61, ""open"": [], ""visible"": 0, ""clear"": true, ""feed_ok"": true}]}"
228.36,ledger_snapshot,"{""t"": 228.36, ""aisles"": [{""aisle"": ""aisle1"", ""in_n"": 42, ""out_n"": 42, ""open"": [], ""visible"": 0, ""clear"": true, ""feed_ok"": true}, {""aisle"": ""aisle2"", ""in_n"": 44, ""out_n"": 44, ""open"": [], ""visible"": 0, ""clear"": true, ""feed_ok"": true}, {""aisle"": ""aisle3"", ""in_n"": 61, ""out_n"": 61, ""open"": [], ""visible"": 0, ""clear"": true, ""feed_ok"": true}]}"
230.46,ledger_snapshot,"{""t"": 230.46, ""aisles"": [{""aisle"": ""aisle1"", ""in_n"": 42, ""out_n"": 42, ""open"": [], ""visible"": 0, ""clear"": true, ""feed_ok"": true}, {""aisle"": ""aisle2"", ""in_n"": 44, ""out_n"": 44, ""open"": [], ""visible"": 0, ""clear"": true, ""feed_ok"": true}, {""aisle"": ""aisle3"", ""in_n"": 61, ""out_n"": 61, ""open"": [], ""visible"": 0, ""clear"": true, ""feed_ok"": true}]}"
230.66,aisle_scanned,"{""aisle"": ""aisle2"", ""n"": 3, ""mode"": ""full"", ""t"": 230.66, ""dur"": 20.3}"
230.66,phase,"{""from"": ""scanning"", ""to"": ""homing""}"
230.66,all_scanned,"{""n"": 3, ""order"": [""aisle1"", ""aisle3"", ""aisle2""], ""mode"": ""full"", ""t"": 230.66}"
230.66,goal,"{""x"": 4.5, ""y"": 26.5, ""yaw"": 2.392, ""seq"": 9}"
232.56,ledger_snapshot,"{""t"": 232.56, ""aisles"": [{""aisle"": ""aisle1"", ""in_n"": 42, ""out_n"": 42, ""open"": [], ""visible"": 0, ""clear"": true, ""feed_ok"": true}, {""aisle"": ""aisle2"", ""in_n"": 44, ""out_n"": 44, ""open"": [], ""visible"": 0, ""clear"": true, ""feed_ok"": true}, {""aisle"": ""aisle3"", ""in_n"": 61, ""out_n"": 61, ""open"": [], ""visible"": 0, ""clear"": true, ""feed_ok"": true}]}"
234.56,ledger_snapshot,"{""t"": 234.56, ""aisles"": [{""aisle"": ""aisle1"", ""in_n"": 42, ""out_n"": 42, ""open"": [], ""visible"": 0, ""clear"": true, ""feed_ok"": true}, {""aisle"": ""aisle2"", ""in_n"": 44, ""out_n"": 44, ""open"": [], ""visible"": 0, ""clear"": true, ""feed_ok"": true}, {""aisle"": ""aisle3"", ""in_n"": 61, ""out_n"": 61, ""open"": [], ""visible"": 0, ""clear"": true, ""feed_ok"": true}]}"
236.56,ledger_snapshot,"{""t"": 236.56, ""aisles"": [{""aisle"": ""aisle1"", ""in_n"": 42, ""out_n"": 42, ""open"": [], ""visible"": 0, ""clear"": true, ""feed_ok"": true}, {""aisle"": ""aisle2"", ""in_n"": 44, ""out_n"": 44, ""open"": [], ""visible"": 0, ""clear"": true, ""feed_ok"": true}, {""aisle"": ""aisle3"", ""in_n"": 61, ""out_n"": 61, ""open"": [], ""visible"": 0, ""clear"": true, ""feed_ok"": true}]}"
238.66,ledger_snapshot,"{""t"": 238.66, ""aisles"": [{""aisle"": ""aisle1"", ""in_n"": 42, ""out_n"": 42, ""open"": [], ""visible"": 0, ""clear"": true, ""feed_ok"": true}, {""aisle"": ""aisle2"", ""in_n"": 44, ""out_n"": 44, ""open"": [], ""visible"": 0, ""clear"": true, ""feed_ok"": true}, {""aisle"": ""aisle3"", ""in_n"": 61, ""out_n"": 61, ""open"": [], ""visible"": 0, ""clear"": true, ""feed_ok"": true}]}"
240.66,ledger_snapshot,"{""t"": 240.66, ""aisles"": [{""aisle"": ""aisle1"", ""in_n"": 42, ""out_n"": 42, ""open"": [], ""visible"": 0, ""clear"": true, ""feed_ok"": true}, {""aisle"": ""aisle2"", ""in_n"": 44, ""out_n"": 44, ""open"": [], ""visible"": 0, ""clear"": true, ""feed_ok"": true}, {""aisle"": ""aisle3"", ""in_n"": 61, ""out_n"": 61, ""open"": [], ""visible"": 0, ""clear"": true, ""feed_ok"": true}]}"
242.76,ledger_snapshot,"{""t"": 242.76, ""aisles"": [{""aisle"": ""aisle1"", ""in_n"": 42, ""out_n"": 42, ""open"": [], ""visible"": 0, ""clear"": true, ""feed_ok"": true}, {""aisle"": ""aisle2"", ""in_n"": 44, ""out_n"": 44, ""open"": [], ""visible"": 0, ""clear"": true, ""feed_ok"": true}, {""aisle"": ""aisle3"", ""in_n"": 61, ""out_n"": 61, ""open"": [], ""visible"": 0, ""clear"": true, ""feed_ok"": true}]}"
244.86,ledger_snapshot,"{""t"": 244.86, ""aisles"": [{""aisle"": ""aisle1"", ""in_n"": 42, ""out_n"": 42, ""open"": [], ""visible"": 0, ""clear"": true, ""feed_ok"": true}, {""aisle"": ""aisle2"", ""in_n"": 44, ""out_n"": 44, ""open"": [], ""visible"": 0, ""clear"": true, ""feed_ok"": true}, {""aisle"": ""aisle3"", ""in_n"": 61, ""out_n"": 61, ""open"": [], ""visible"": 0, ""clear"": true, ""feed_ok"": true}]}"
246.96,ledger_snapshot,"{""t"": 246.96, ""aisles"": [{""aisle"": ""aisle1"", ""in_n"": 42, ""out_n"": 42, ""open"": [], ""visible"": 0, ""clear"": true, ""feed_ok"": true}, {""aisle"": ""aisle2"", ""in_n"": 44, ""out_n"": 44, ""open"": [], ""visible"": 0, ""clear"": true, ""feed_ok"": true}, {""aisle"": ""aisle3"", ""in_n"": 61, ""out_n"": 61, ""open"": [], ""visible"": 0, ""clear"": true, ""feed_ok"": true}]}"
248.96,ledger_snapshot,"{""t"": 248.96, ""aisles"": [{""aisle"": ""aisle1"", ""in_n"": 42, ""out_n"": 42, ""open"": [], ""visible"": 0, ""clear"": true, ""feed_ok"": true}, {""aisle"": ""aisle2"", ""in_n"": 44, ""out_n"": 44, ""open"": [], ""visible"": 0, ""clear"": true, ""feed_ok"": true}, {""aisle"": ""aisle3"", ""in_n"": 61, ""out_n"": 61, ""open"": [], ""visible"": 0, ""clear"": true, ""feed_ok"": true}]}"
251.06,ledger_snapshot,"{""t"": 251.06, ""aisles"": [{""aisle"": ""aisle1"", ""in_n"": 42, ""out_n"": 42, ""open"": [], ""visible"": 0, ""clear"": true, ""feed_ok"": true}, {""aisle"": ""aisle2"", ""in_n"": 44, ""out_n"": 44, ""open"": [], ""visible"": 0, ""clear"": true, ""feed_ok"": true}, {""aisle"": ""aisle3"", ""in_n"": 61, ""out_n"": 61, ""open"": [], ""visible"": 0, ""clear"": true, ""feed_ok"": true}]}"
253.06,ledger_snapshot,"{""t"": 253.06, ""aisles"": [{""aisle"": ""aisle1"", ""in_n"": 42, ""out_n"": 42, ""open"": [], ""visible"": 0, ""clear"": true, ""feed_ok"": true}, {""aisle"": ""aisle2"", ""in_n"": 44, ""out_n"": 44, ""open"": [], ""visible"": 0, ""clear"": true, ""feed_ok"": true}, {""aisle"": ""aisle3"", ""in_n"": 61, ""out_n"": 61, ""open"": [], ""visible"": 0, ""clear"": true, ""feed_ok"": true}]}"
255.16,ledger_snapshot,"{""t"": 255.16, ""aisles"": [{""aisle"": ""aisle1"", ""in_n"": 42, ""out_n"": 42, ""open"": [], ""visible"": 0, ""clear"": true, ""feed_ok"": true}, {""aisle"": ""aisle2"", ""in_n"": 44, ""out_n"": 44, ""open"": [], ""visible"": 0, ""clear"": true, ""feed_ok"": true}, {""aisle"": ""aisle3"", ""in_n"": 61, ""out_n"": 61, ""open"": [], ""visible"": 0, ""clear"": true, ""feed_ok"": true}]}"
257.16,ledger_snapshot,"{""t"": 257.16, ""aisles"": [{""aisle"": ""aisle1"", ""in_n"": 42, ""out_n"": 42, ""open"": [], ""visible"": 0, ""clear"": true, ""feed_ok"": true}, {""aisle"": ""aisle2"", ""in_n"": 44, ""out_n"": 44, ""open"": [], ""visible"": 0, ""clear"": true, ""feed_ok"": true}, {""aisle"": ""aisle3"", ""in_n"": 61, ""out_n"": 61, ""open"": [], ""visible"": 0, ""clear"": true, ""feed_ok"": true}]}"
259.16,ledger_snapshot,"{""t"": 259.16, ""aisles"": [{""aisle"": ""aisle1"", ""in_n"": 42, ""out_n"": 42, ""open"": [], ""visible"": 0, ""clear"": true, ""feed_ok"": true}, {""aisle"": ""aisle2"", ""in_n"": 44, ""out_n"": 44, ""open"": [], ""visible"": 0, ""clear"": true, ""feed_ok"": true}, {""aisle"": ""aisle3"", ""in_n"": 61, ""out_n"": 61, ""open"": [], ""visible"": 0, ""clear"": true, ""feed_ok"": true}]}"
261.16,ledger_snapshot,"{""t"": 261.16, ""aisles"": [{""aisle"": ""aisle1"", ""in_n"": 42, ""out_n"": 42, ""open"": [], ""visible"": 0, ""clear"": true, ""feed_ok"": true}, {""aisle"": ""aisle2"", ""in_n"": 44, ""out_n"": 44, ""open"": [], ""visible"": 0, ""clear"": true, ""feed_ok"": true}, {""aisle"": ""aisle3"", ""in_n"": 61, ""out_n"": 61, ""open"": [], ""visible"": 0, ""clear"": true, ""feed_ok"": true}]}"
263.26,ledger_snapshot,"{""t"": 263.26, ""aisles"": [{""aisle"": ""aisle1"", ""in_n"": 42, ""out_n"": 42, ""open"": [], ""visible"": 0, ""clear"": true, ""feed_ok"": true}, {""aisle"": ""aisle2"", ""in_n"": 44, ""out_n"": 44, ""open"": [], ""visible"": 0, ""clear"": true, ""feed_ok"": true}, {""aisle"": ""aisle3"", ""in_n"": 61, ""out_n"": 61, ""open"": [], ""visible"": 0, ""clear"": true, ""feed_ok"": true}]}"
264.36,phase,"{""from"": ""homing"", ""to"": ""done""}"
264.36,task_done,"{""scanned"": 3, ""order"": [""aisle1"", ""aisle3"", ""aisle2""], ""co_aisle_s"": 0.0, ""disturb"": 0, ""mode"": ""full"", ""t"": 264.36}"
265.26,ledger_snapshot,"{""t"": 265.26, ""aisles"": [{""aisle"": ""aisle1"", ""in_n"": 42, ""out_n"": 42, ""open"": [], ""visible"": 0, ""clear"": true, ""feed_ok"": true}, {""aisle"": ""aisle2"", ""in_n"": 44, ""out_n"": 44, ""open"": [], ""visible"": 0, ""clear"": true, ""feed_ok"": true}, {""aisle"": ""aisle3"", ""in_n"": 61, ""out_n"": 61, ""open"": [], ""visible"": 0, ""clear"": true, ""feed_ok"": true}]}"
265.96,goal_done,"{""seq"": 9, ""status"": 4}"
267.26,ledger_snapshot,"{""t"": 267.26, ""aisles"": [{""aisle"": ""aisle1"", ""in_n"": 42, ""out_n"": 42, ""open"": [], ""visible"": 0, ""clear"": true, ""feed_ok"": true}, {""aisle"": ""aisle2"", ""in_n"": 44, ""out_n"": 44, ""open"": [], ""visible"": 0, ""clear"": true, ""feed_ok"": true}, {""aisle"": ""aisle3"", ""in_n"": 61, ""out_n"": 61, ""open"": [], ""visible"": 0, ""clear"": true, ""feed_ok"": true}]}"
269.36,ledger_snapshot,"{""t"": 269.36, ""aisles"": [{""aisle"": ""aisle1"", ""in_n"": 42, ""out_n"": 42, ""open"": [], ""visible"": 0, ""clear"": true, ""feed_ok"": true}, {""aisle"": ""aisle2"", ""in_n"": 44, ""out_n"": 44, ""open"": [], ""visible"": 0, ""clear"": true, ""feed_ok"": true}, {""aisle"": ""aisle3"", ""in_n"": 61, ""out_n"": 61, ""open"": [], ""visible"": 0, ""clear"": true, ""feed_ok"": true}]}"
271.36,ledger_snapshot,"{""t"": 271.36, ""aisles"": [{""aisle"": ""aisle1"", ""in_n"": 42, ""out_n"": 42, ""open"": [], ""visible"": 0, ""clear"": true, ""feed_ok"": true}, {""aisle"": ""aisle2"", ""in_n"": 44, ""out_n"": 44, ""open"": [], ""visible"": 0, ""clear"": true, ""feed_ok"": true}, {""aisle"": ""aisle3"", ""in_n"": 61, ""out_n"": 61, ""open"": [], ""visible"": 0, ""clear"": true, ""feed_ok"": true}]}"
273.46,ledger_snapshot,"{""t"": 273.46, ""aisles"": [{""aisle"": ""aisle1"", ""in_n"": 42, ""out_n"": 42, ""open"": [], ""visible"": 0, ""clear"": true, ""feed_ok"": true}, {""aisle"": ""aisle2"", ""in_n"": 44, ""out_n"": 44, ""open"": [], ""visible"": 0, ""clear"": true, ""feed_ok"": true}, {""aisle"": ""aisle3"", ""in_n"": 61, ""out_n"": 61, ""open"": [], ""visible"": 0, ""clear"": true, ""feed_ok"": true}]}"
275.46,ledger_snapshot,"{""t"": 275.46, ""aisles"": [{""aisle"": ""aisle1"", ""in_n"": 42, ""out_n"": 42, ""open"": [], ""visible"": 0, ""clear"": true, ""feed_ok"": true}, {""aisle"": ""aisle2"", ""in_n"": 44, ""out_n"": 44, ""open"": [], ""visible"": 0, ""clear"": true, ""feed_ok"": true}, {""aisle"": ""aisle3"", ""in_n"": 61, ""out_n"": 61, ""open"": [], ""visible"": 0, ""clear"": true, ""feed_ok"": true}]}"
277.46,ledger_snapshot,"{""t"": 277.46, ""aisles"": [{""aisle"": ""aisle1"", ""in_n"": 42, ""out_n"": 42, ""open"": [], ""visible"": 0, ""clear"": true, ""feed_ok"": true}, {""aisle"": ""aisle2"", ""in_n"": 44, ""out_n"": 44, ""open"": [], ""visible"": 0, ""clear"": true, ""feed_ok"": true}, {""aisle"": ""aisle3"", ""in_n"": 61, ""out_n"": 61, ""open"": [], ""visible"": 0, ""clear"": true, ""feed_ok"": true}]}"
279.46,ledger_snapshot,"{""t"": 279.46, ""aisles"": [{""aisle"": ""aisle1"", ""in_n"": 42, ""out_n"": 42, ""open"": [], ""visible"": 0, ""clear"": true, ""feed_ok"": true}, {""aisle"": ""aisle2"", ""in_n"": 44, ""out_n"": 44, ""open"": [], ""visible"": 0, ""clear"": true, ""feed_ok"": true}, {""aisle"": ""aisle3"", ""in_n"": 61, ""out_n"": 61, ""open"": [], ""visible"": 0, ""clear"": true, ""feed_ok"": true}]}"
281.56,ledger_snapshot,"{""t"": 281.56, ""aisles"": [{""aisle"": ""aisle1"", ""in_n"": 42, ""out_n"": 42, ""open"": [], ""visible"": 0, ""clear"": true, ""feed_ok"": true}, {""aisle"": ""aisle2"", ""in_n"": 44, ""out_n"": 44, ""open"": [], ""visible"": 0, ""clear"": true, ""feed_ok"": true}, {""aisle"": ""aisle3"", ""in_n"": 61, ""out_n"": 61, ""open"": [], ""visible"": 0, ""clear"": true, ""feed_ok"": true}]}"
283.66,ledger_snapshot,"{""t"": 283.66, ""aisles"": [{""aisle"": ""aisle1"", ""in_n"": 42, ""out_n"": 42, ""open"": [], ""visible"": 0, ""clear"": true, ""feed_ok"": true}, {""aisle"": ""aisle2"", ""in_n"": 44, ""out_n"": 44, ""open"": [], ""visible"": 0, ""clear"": true, ""feed_ok"": true}, {""aisle"": ""aisle3"", ""in_n"": 61, ""out_n"": 61, ""open"": [], ""visible"": 0, ""clear"": true, ""feed_ok"": true}]}"
285.66,ledger_snapshot,"{""t"": 285.66, ""aisles"": [{""aisle"": ""aisle1"", ""in_n"": 42, ""out_n"": 42, ""open"": [], ""visible"": 0, ""clear"": true, ""feed_ok"": true}, {""aisle"": ""aisle2"", ""in_n"": 44, ""out_n"": 44, ""open"": [], ""visible"": 0, ""clear"": true, ""feed_ok"": true}, {""aisle"": ""aisle3"", ""in_n"": 61, ""out_n"": 61, ""open"": [], ""visible"": 0, ""clear"": true, ""feed_ok"": true}]}"
287.66,ledger_snapshot,"{""t"": 287.66, ""aisles"": [{""aisle"": ""aisle1"", ""in_n"": 42, ""out_n"": 42, ""open"": [], ""visible"": 0, ""clear"": true, ""feed_ok"": true}, {""aisle"": ""aisle2"", ""in_n"": 44, ""out_n"": 44, ""open"": [], ""visible"": 0, ""clear"": true, ""feed_ok"": true}, {""aisle"": ""aisle3"", ""in_n"": 61, ""out_n"": 61, ""open"": [], ""visible"": 0, ""clear"": true, ""feed_ok"": true}]}"
289.76,ledger_snapshot,"{""t"": 289.76, ""aisles"": [{""aisle"": ""aisle1"", ""in_n"": 42, ""out_n"": 42, ""open"": [], ""visible"": 0, ""clear"": true, ""feed_ok"": true}, {""aisle"": ""aisle2"", ""in_n"": 44, ""out_n"": 44, ""open"": [], ""visible"": 0, ""clear"": true, ""feed_ok"": true}, {""aisle"": ""aisle3"", ""in_n"": 61, ""out_n"": 61, ""open"": [], ""visible"": 0, ""clear"": true, ""feed_ok"": true}]}"
291.86,ledger_snapshot,"{""t"": 291.86, ""aisles"": [{""aisle"": ""aisle1"", ""in_n"": 42, ""out_n"": 42, ""open"": [], ""visible"": 0, ""clear"": true, ""feed_ok"": true}, {""aisle"": ""aisle2"", ""in_n"": 44, ""out_n"": 44, ""open"": [], ""visible"": 0, ""clear"": true, ""feed_ok"": true}, {""aisle"": ""aisle3"", ""in_n"": 61, ""out_n"": 61, ""open"": [], ""visible"": 0, ""clear"": true, ""feed_ok"": true}]}"
293.96,ledger_snapshot,"{""t"": 293.96, ""aisles"": [{""aisle"": ""aisle1"", ""in_n"": 42, ""out_n"": 42, ""open"": [], ""visible"": 0, ""clear"": true, ""feed_ok"": true}, {""aisle"": ""aisle2"", ""in_n"": 44, ""out_n"": 44, ""open"": [], ""visible"": 0, ""clear"": true, ""feed_ok"": true}, {""aisle"": ""aisle3"", ""in_n"": 61, ""out_n"": 61, ""open"": [], ""visible"": 0, ""clear"": true, ""feed_ok"": true}]}"
296.06,ledger_snapshot,"{""t"": 296.06, ""aisles"": [{""aisle"": ""aisle1"", ""in_n"": 42, ""out_n"": 42, ""open"": [], ""visible"": 0, ""clear"": true, ""feed_ok"": true}, {""aisle"": ""aisle2"", ""in_n"": 44, ""out_n"": 44, ""open"": [], ""visible"": 0, ""clear"": true, ""feed_ok"": true}, {""aisle"": ""aisle3"", ""in_n"": 61, ""out_n"": 61, ""open"": [], ""visible"": 0, ""clear"": true, ""feed_ok"": true}]}"
298.06,ledger_snapshot,"{""t"": 298.06, ""aisles"": [{""aisle"": ""aisle1"", ""in_n"": 42, ""out_n"": 42, ""open"": [], ""visible"": 0, ""clear"": true, ""feed_ok"": true}, {""aisle"": ""aisle2"", ""in_n"": 44, ""out_n"": 44, ""open"": [], ""visible"": 0, ""clear"": true, ""feed_ok"": true}, {""aisle"": ""aisle3"", ""in_n"": 61, ""out_n"": 61, ""open"": [], ""visible"": 0, ""clear"": true, ""feed_ok"": true}]}"
300.16,ledger_snapshot,"{""t"": 300.16, ""aisles"": [{""aisle"": ""aisle1"", ""in_n"": 42, ""out_n"": 42, ""open"": [], ""visible"": 0, ""clear"": true, ""feed_ok"": true}, {""aisle"": ""aisle2"", ""in_n"": 44, ""out_n"": 44, ""open"": [], ""visible"": 0, ""clear"": true, ""feed_ok"": true}, {""aisle"": ""aisle3"", ""in_n"": 61, ""out_n"": 61, ""open"": [], ""visible"": 0, ""clear"": true, ""feed_ok"": true}]}"
302.26,ledger_snapshot,"{""t"": 302.26, ""aisles"": [{""aisle"": ""aisle1"", ""in_n"": 42, ""out_n"": 42, ""open"": [], ""visible"": 0, ""clear"": true, ""feed_ok"": true}, {""aisle"": ""aisle2"", ""in_n"": 44, ""out_n"": 44, ""open"": [], ""visible"": 0, ""clear"": true, ""feed_ok"": true}, {""aisle"": ""aisle3"", ""in_n"": 61, ""out_n"": 61, ""open"": [], ""visible"": 0, ""clear"": true, ""feed_ok"": true}]}"
304.26,ledger_snapshot,"{""t"": 304.26, ""aisles"": [{""aisle"": ""aisle1"", ""in_n"": 42, ""out_n"": 42, ""open"": [], ""visible"": 0, ""clear"": true, ""feed_ok"": true}, {""aisle"": ""aisle2"", ""in_n"": 44, ""out_n"": 44, ""open"": [], ""visible"": 0, ""clear"": true, ""feed_ok"": true}, {""aisle"": ""aisle3"", ""in_n"": 61, ""out_n"": 61, ""open"": [], ""visible"": 0, ""clear"": true, ""feed_ok"": true}]}"
306.36,ledger_snapshot,"{""t"": 306.36, ""aisles"": [{""aisle"": ""aisle1"", ""in_n"": 42, ""out_n"": 42, ""open"": [], ""visible"": 0, ""clear"": true, ""feed_ok"": true}, {""aisle"": ""aisle2"", ""in_n"": 44, ""out_n"": 44, ""open"": [], ""visible"": 0, ""clear"": true, ""feed_ok"": true}, {""aisle"": ""aisle3"", ""in_n"": 61, ""out_n"": 61, ""open"": [], ""visible"": 0, ""clear"": true, ""feed_ok"": true}]}"
308.46,ledger_snapshot,"{""t"": 308.46, ""aisles"": [{""aisle"": ""aisle1"", ""in_n"": 42, ""out_n"": 42, ""open"": [], ""visible"": 0, ""clear"": true, ""feed_ok"": true}, {""aisle"": ""aisle2"", ""in_n"": 44, ""out_n"": 44, ""open"": [], ""visible"": 0, ""clear"": true, ""feed_ok"": true}, {""aisle"": ""aisle3"", ""in_n"": 61, ""out_n"": 61, ""open"": [], ""visible"": 0, ""clear"": true, ""feed_ok"": true}]}"
310.56,ledger_snapshot,"{""t"": 310.56, ""aisles"": [{""aisle"": ""aisle1"", ""in_n"": 42, ""out_n"": 42, ""open"": [], ""visible"": 0, ""clear"": true, ""feed_ok"": true}, {""aisle"": ""aisle2"", ""in_n"": 44, ""out_n"": 44, ""open"": [], ""visible"": 0, ""clear"": true, ""feed_ok"": true}, {""aisle"": ""aisle3"", ""in_n"": 61, ""out_n"": 61, ""open"": [], ""visible"": 0, ""clear"": true, ""feed_ok"": true}]}"
312.56,ledger_snapshot,"{""t"": 312.56, ""aisles"": [{""aisle"": ""aisle1"", ""in_n"": 42, ""out_n"": 42, ""open"": [], ""visible"": 0, ""clear"": true, ""feed_ok"": true}, {""aisle"": ""aisle2"", ""in_n"": 44, ""out_n"": 44, ""open"": [], ""visible"": 0, ""clear"": true, ""feed_ok"": true}, {""aisle"": ""aisle3"", ""in_n"": 61, ""out_n"": 61, ""open"": [], ""visible"": 0, ""clear"": true, ""feed_ok"": true}]}"
314.66,ledger_snapshot,"{""t"": 314.66, ""aisles"": [{""aisle"": ""aisle1"", ""in_n"": 42, ""out_n"": 42, ""open"": [], ""visible"": 0, ""clear"": true, ""feed_ok"": true}, {""aisle"": ""aisle2"", ""in_n"": 44, ""out_n"": 44, ""open"": [], ""visible"": 0, ""clear"": true, ""feed_ok"": true}, {""aisle"": ""aisle3"", ""in_n"": 61, ""out_n"": 61, ""open"": [], ""visible"": 0, ""clear"": true, ""feed_ok"": true}]}"
316.66,ledger_snapshot,"{""t"": 316.66, ""aisles"": [{""aisle"": ""aisle1"", ""in_n"": 42, ""out_n"": 42, ""open"": [], ""visible"": 0, ""clear"": true, ""feed_ok"": true}, {""aisle"": ""aisle2"", ""in_n"": 44, ""out_n"": 44, ""open"": [], ""visible"": 0, ""clear"": true, ""feed_ok"": true}, {""aisle"": ""aisle3"", ""in_n"": 61, ""out_n"": 61, ""open"": [], ""visible"": 0, ""clear"": true, ""feed_ok"": true}]}"
318.66,ledger_snapshot,"{""t"": 318.66, ""aisles"": [{""aisle"": ""aisle1"", ""in_n"": 42, ""out_n"": 42, ""open"": [], ""visible"": 0, ""clear"": true, ""feed_ok"": true}, {""aisle"": ""aisle2"", ""in_n"": 44, ""out_n"": 44, ""open"": [], ""visible"": 0, ""clear"": true, ""feed_ok"": true}, {""aisle"": ""aisle3"", ""in_n"": 61, ""out_n"": 61, ""open"": [], ""visible"": 0, ""clear"": true, ""feed_ok"": true}]}"
320.66,ledger_snapshot,"{""t"": 320.66, ""aisles"": [{""aisle"": ""aisle1"", ""in_n"": 42, ""out_n"": 42, ""open"": [], ""visible"": 0, ""clear"": true, ""feed_ok"": true}, {""aisle"": ""aisle2"", ""in_n"": 44, ""out_n"": 44, ""open"": [], ""visible"": 0, ""clear"": true, ""feed_ok"": true}, {""aisle"": ""aisle3"", ""in_n"": 61, ""out_n"": 61, ""open"": [], ""visible"": 0, ""clear"": true, ""feed_ok"": true}]}"
322.76,ledger_snapshot,"{""t"": 322.76, ""aisles"": [{""aisle"": ""aisle1"", ""in_n"": 42, ""out_n"": 42, ""open"": [], ""visible"": 0, ""clear"": true, ""feed_ok"": true}, {""aisle"": ""aisle2"", ""in_n"": 44, ""out_n"": 44, ""open"": [], ""visible"": 0, ""clear"": true, ""feed_ok"": true}, {""aisle"": ""aisle3"", ""in_n"": 61, ""out_n"": 61, ""open"": [], ""visible"": 0, ""clear"": true, ""feed_ok"": true}]}"
324.76,ledger_snapshot,"{""t"": 324.76, ""aisles"": [{""aisle"": ""aisle1"", ""in_n"": 42, ""out_n"": 42, ""open"": [], ""visible"": 0, ""clear"": true, ""feed_ok"": true}, {""aisle"": ""aisle2"", ""in_n"": 44, ""out_n"": 44, ""open"": [], ""visible"": 0, ""clear"": true, ""feed_ok"": true}, {""aisle"": ""aisle3"", ""in_n"": 61, ""out_n"": 61, ""open"": [], ""visible"": 0, ""clear"": true, ""feed_ok"": true}]}"
326.76,ledger_snapshot,"{""t"": 326.76, ""aisles"": [{""aisle"": ""aisle1"", ""in_n"": 42, ""out_n"": 42, ""open"": [], ""visible"": 0, ""clear"": true, ""feed_ok"": true}, {""aisle"": ""aisle2"", ""in_n"": 44, ""out_n"": 44, ""open"": [], ""visible"": 0, ""clear"": true, ""feed_ok"": true}, {""aisle"": ""aisle3"", ""in_n"": 61, ""out_n"": 61, ""open"": [], ""visible"": 0, ""clear"": true, ""feed_ok"": true}]}"
328.76,ledger_snapshot,"{""t"": 328.76, ""aisles"": [{""aisle"": ""aisle1"", ""in_n"": 42, ""out_n"": 42, ""open"": [], ""visible"": 0, ""clear"": true, ""feed_ok"": true}, {""aisle"": ""aisle2"", ""in_n"": 44, ""out_n"": 44, ""open"": [], ""visible"": 0, ""clear"": true, ""feed_ok"": true}, {""aisle"": ""aisle3"", ""in_n"": 61, ""out_n"": 61, ""open"": [], ""visible"": 0, ""clear"": true, ""feed_ok"": true}]}"
330.86,ledger_snapshot,"{""t"": 330.86, ""aisles"": [{""aisle"": ""aisle1"", ""in_n"": 42, ""out_n"": 42, ""open"": [], ""visible"": 0, ""clear"": true, ""feed_ok"": true}, {""aisle"": ""aisle2"", ""in_n"": 44, ""out_n"": 44, ""open"": [], ""visible"": 0, ""clear"": true, ""feed_ok"": true}, {""aisle"": ""aisle3"", ""in_n"": 61, ""out_n"": 61, ""open"": [], ""visible"": 0, ""clear"": true, ""feed_ok"": true}]}"
332.96,ledger_snapshot,"{""t"": 332.96, ""aisles"": [{""aisle"": ""aisle1"", ""in_n"": 42, ""out_n"": 42, ""open"": [], ""visible"": 0, ""clear"": true, ""feed_ok"": true}, {""aisle"": ""aisle2"", ""in_n"": 44, ""out_n"": 44, ""open"": [], ""visible"": 0, ""clear"": true, ""feed_ok"": true}, {""aisle"": ""aisle3"", ""in_n"": 61, ""out_n"": 61, ""open"": [], ""visible"": 0, ""clear"": true, ""feed_ok"": true}]}"
335.06,ledger_snapshot,"{""t"": 335.06, ""aisles"": [{""aisle"": ""aisle1"", ""in_n"": 42, ""out_n"": 42, ""open"": [], ""visible"": 0, ""clear"": true, ""feed_ok"": true}, {""aisle"": ""aisle2"", ""in_n"": 44, ""out_n"": 44, ""open"": [], ""visible"": 0, ""clear"": true, ""feed_ok"": true}, {""aisle"": ""aisle3"", ""in_n"": 61, ""out_n"": 61, ""open"": [], ""visible"": 0, ""clear"": true, ""feed_ok"": true}]}"
337.16,ledger_snapshot,"{""t"": 337.16, ""aisles"": [{""aisle"": ""aisle1"", ""in_n"": 42, ""out_n"": 42, ""open"": [], ""visible"": 0, ""clear"": true, ""feed_ok"": true}, {""aisle"": ""aisle2"", ""in_n"": 44, ""out_n"": 44, ""open"": [], ""visible"": 0, ""clear"": true, ""feed_ok"": true}, {""aisle"": ""aisle3"", ""in_n"": 61, ""out_n"": 61, ""open"": [], ""visible"": 0, ""clear"": true, ""feed_ok"": true}]}"
339.26,ledger_snapshot,"{""t"": 339.26, ""aisles"": [{""aisle"": ""aisle1"", ""in_n"": 42, ""out_n"": 42, ""open"": [], ""visible"": 0, ""clear"": true, ""feed_ok"": true}, {""aisle"": ""aisle2"", ""in_n"": 44, ""out_n"": 44, ""open"": [], ""visible"": 0, ""clear"": true, ""feed_ok"": true}, {""aisle"": ""aisle3"", ""in_n"": 61, ""out_n"": 61, ""open"": [], ""visible"": 0, ""clear"": true, ""feed_ok"": true}]}"
341.36,ledger_snapshot,"{""t"": 341.36, ""aisles"": [{""aisle"": ""aisle1"", ""in_n"": 42, ""out_n"": 42, ""open"": [], ""visible"": 0, ""clear"": true, ""feed_ok"": true}, {""aisle"": ""aisle2"", ""in_n"": 44, ""out_n"": 44, ""open"": [], ""visible"": 0, ""clear"": true, ""feed_ok"": true}, {""aisle"": ""aisle3"", ""in_n"": 61, ""out_n"": 61, ""open"": [], ""visible"": 0, ""clear"": true, ""feed_ok"": true}]}"
343.36,ledger_snapshot,"{""t"": 343.36, ""aisles"": [{""aisle"": ""aisle1"", ""in_n"": 42, ""out_n"": 42, ""open"": [], ""visible"": 0, ""clear"": true, ""feed_ok"": true}, {""aisle"": ""aisle2"", ""in_n"": 44, ""out_n"": 44, ""open"": [], ""visible"": 0, ""clear"": true, ""feed_ok"": true}, {""aisle"": ""aisle3"", ""in_n"": 61, ""out_n"": 61, ""open"": [], ""visible"": 0, ""clear"": true, ""feed_ok"": true}]}"
345.46,ledger_snapshot,"{""t"": 345.46, ""aisles"": [{""aisle"": ""aisle1"", ""in_n"": 42, ""out_n"": 42, ""open"": [], ""visible"": 0, ""clear"": true, ""feed_ok"": true}, {""aisle"": ""aisle2"", ""in_n"": 44, ""out_n"": 44, ""open"": [], ""visible"": 0, ""clear"": true, ""feed_ok"": true}, {""aisle"": ""aisle3"", ""in_n"": 61, ""out_n"": 61, ""open"": [], ""visible"": 0, ""clear"": true, ""feed_ok"": true}]}"
347.46,ledger_snapshot,"{""t"": 347.46, ""aisles"": [{""aisle"": ""aisle1"", ""in_n"": 42, ""out_n"": 42, ""open"": [], ""visible"": 0, ""clear"": true, ""feed_ok"": true}, {""aisle"": ""aisle2"", ""in_n"": 44, ""out_n"": 44, ""open"": [], ""visible"": 0, ""clear"": true, ""feed_ok"": true}, {""aisle"": ""aisle3"", ""in_n"": 61, ""out_n"": 61, ""open"": [], ""visible"": 0, ""clear"": true, ""feed_ok"": true}]}"
349.56,ledger_snapshot,"{""t"": 349.56, ""aisles"": [{""aisle"": ""aisle1"", ""in_n"": 42, ""out_n"": 42, ""open"": [], ""visible"": 0, ""clear"": true, ""feed_ok"": true}, {""aisle"": ""aisle2"", ""in_n"": 44, ""out_n"": 44, ""open"": [], ""visible"": 0, ""clear"": true, ""feed_ok"": true}, {""aisle"": ""aisle3"", ""in_n"": 61, ""out_n"": 61, ""open"": [], ""visible"": 0, ""clear"": true, ""feed_ok"": true}]}"
351.66,ledger_snapshot,"{""t"": 351.66, ""aisles"": [{""aisle"": ""aisle1"", ""in_n"": 42, ""out_n"": 42, ""open"": [], ""visible"": 0, ""clear"": true, ""feed_ok"": true}, {""aisle"": ""aisle2"", ""in_n"": 44, ""out_n"": 44, ""open"": [], ""visible"": 0, ""clear"": true, ""feed_ok"": true}, {""aisle"": ""aisle3"", ""in_n"": 61, ""out_n"": 61, ""open"": [], ""visible"": 0, ""clear"": true, ""feed_ok"": true}]}"
353.66,ledger_snapshot,"{""t"": 353.66, ""aisles"": [{""aisle"": ""aisle1"", ""in_n"": 42, ""out_n"": 42, ""open"": [], ""visible"": 0, ""clear"": true, ""feed_ok"": true}, {""aisle"": ""aisle2"", ""in_n"": 44, ""out_n"": 44, ""open"": [], ""visible"": 0, ""clear"": true, ""feed_ok"": true}, {""aisle"": ""aisle3"", ""in_n"": 61, ""out_n"": 61, ""open"": [], ""visible"": 0, ""clear"": true, ""feed_ok"": true}]}"
355.76,ledger_snapshot,"{""t"": 355.76, ""aisles"": [{""aisle"": ""aisle1"", ""in_n"": 42, ""out_n"": 42, ""open"": [], ""visible"": 0, ""clear"": true, ""feed_ok"": true}, {""aisle"": ""aisle2"", ""in_n"": 44, ""out_n"": 44, ""open"": [], ""visible"": 0, ""clear"": true, ""feed_ok"": true}, {""aisle"": ""aisle3"", ""in_n"": 61, ""out_n"": 61, ""open"": [], ""visible"": 0, ""clear"": true, ""feed_ok"": true}]}"
357.76,ledger_snapshot,"{""t"": 357.76, ""aisles"": [{""aisle"": ""aisle1"", ""in_n"": 42, ""out_n"": 42, ""open"": [], ""visible"": 0, ""clear"": true, ""feed_ok"": true}, {""aisle"": ""aisle2"", ""in_n"": 44, ""out_n"": 44, ""open"": [], ""visible"": 0, ""clear"": true, ""feed_ok"": true}, {""aisle"": ""aisle3"", ""in_n"": 61, ""out_n"": 61, ""open"": [], ""visible"": 0, ""clear"": true, ""feed_ok"": true}]}"
359.86,ledger_snapshot,"{""t"": 359.86, ""aisles"": [{""aisle"": ""aisle1"", ""in_n"": 42, ""out_n"": 42, ""open"": [], ""visible"": 0, ""clear"": true, ""feed_ok"": true}, {""aisle"": ""aisle2"", ""in_n"": 44, ""out_n"": 44, ""open"": [], ""visible"": 0, ""clear"": true, ""feed_ok"": true}, {""aisle"": ""aisle3"", ""in_n"": 61, ""out_n"": 61, ""open"": [], ""visible"": 0, ""clear"": true, ""feed_ok"": true}]}"
361.96,ledger_snapshot,"{""t"": 361.96, ""aisles"": [{""aisle"": ""aisle1"", ""in_n"": 42, ""out_n"": 42, ""open"": [], ""visible"": 0, ""clear"": true, ""feed_ok"": true}, {""aisle"": ""aisle2"", ""in_n"": 44, ""out_n"": 44, ""open"": [], ""visible"": 0, ""clear"": true, ""feed_ok"": true}, {""aisle"": ""aisle3"", ""in_n"": 61, ""out_n"": 61, ""open"": [], ""visible"": 0, ""clear"": true, ""feed_ok"": true}]}"
364.06,ledger_snapshot,"{""t"": 364.06, ""aisles"": [{""aisle"": ""aisle1"", ""in_n"": 42, ""out_n"": 42, ""open"": [], ""visible"": 0, ""clear"": true, ""feed_ok"": true}, {""aisle"": ""aisle2"", ""in_n"": 44, ""out_n"": 44, ""open"": [], ""visible"": 0, ""clear"": true, ""feed_ok"": true}, {""aisle"": ""aisle3"", ""in_n"": 61, ""out_n"": 61, ""open"": [], ""visible"": 0, ""clear"": true, ""feed_ok"": true}]}"
366.16,ledger_snapshot,"{""t"": 366.16, ""aisles"": [{""aisle"": ""aisle1"", ""in_n"": 42, ""out_n"": 42, ""open"": [], ""visible"": 0, ""clear"": true, ""feed_ok"": true}, {""aisle"": ""aisle2"", ""in_n"": 44, ""out_n"": 44, ""open"": [], ""visible"": 0, ""clear"": true, ""feed_ok"": true}, {""aisle"": ""aisle3"", ""in_n"": 61, ""out_n"": 61, ""open"": [], ""visible"": 0, ""clear"": true, ""feed_ok"": true}]}"
368.16,ledger_snapshot,"{""t"": 368.16, ""aisles"": [{""aisle"": ""aisle1"", ""in_n"": 42, ""out_n"": 42, ""open"": [], ""visible"": 0, ""clear"": true, ""feed_ok"": true}, {""aisle"": ""aisle2"", ""in_n"": 44, ""out_n"": 44, ""open"": [], ""visible"": 0, ""clear"": true, ""feed_ok"": true}, {""aisle"": ""aisle3"", ""in_n"": 61, ""out_n"": 61, ""open"": [], ""visible"": 0, ""clear"": true, ""feed_ok"": true}]}"
370.26,ledger_snapshot,"{""t"": 370.26, ""aisles"": [{""aisle"": ""aisle1"", ""in_n"": 42, ""out_n"": 42, ""open"": [], ""visible"": 0, ""clear"": true, ""feed_ok"": true}, {""aisle"": ""aisle2"", ""in_n"": 44, ""out_n"": 44, ""open"": [], ""visible"": 0, ""clear"": true, ""feed_ok"": true}, {""aisle"": ""aisle3"", ""in_n"": 61, ""out_n"": 61, ""open"": [], ""visible"": 0, ""clear"": true, ""feed_ok"": true}]}"
