t,event,data
,start,"{""demo"": ""d08"", ""mode"": ""full"", ""autoplay"": true, ""warmup_s"": 65.0}"
0.00,play,"{""source"": ""nav_ready"", ""t"": 0.0}"
0.00,task_start,"{""mode"": ""full"", ""n_aisles"": 3}"
0.00,dispatch,"{""aisle"": ""aisle1"", ""first"": true, ""order"": [""aisle1"", ""aisle2"", ""aisle3""], ""mode"": ""full"", ""t"": 0.0}"
0.00,phase,"{""from"": ""idle"", ""to"": ""to_standby""}"
0.00,goal,"{""x"": 20.0, ""y"": 26.0, ""yaw"": -0.032, ""seq"": 1}"
0.00,clear_blocked_by_ledger,"{""aisle"": ""aisle1"", ""reason"": ""no_cctv"", ""snapshot"": {""aisle"": ""aisle1"", ""in_n"": 0, ""out_n"": 0, ""open"": [], ""visible"": 0, ""clear"": false, ""feed_ok"": false}, ""visible"": 0, ""open"": [], ""mode"": ""full"", ""t"": 0.0}"
0.00,clear_blocked_by_ledger,"{""aisle"": ""aisle2"", ""reason"": ""no_cctv"", ""snapshot"": {""aisle"": ""aisle2"", ""in_n"": 0, ""out_n"": 0, ""open"": [], ""visible"": 0, ""clear"": false, ""feed_ok"": false}, ""visible"": 0, ""open"": [], ""mode"": ""full"", ""t"": 0.0}"
0.00,clear_blocked_by_ledger,"{""aisle"": ""aisle3"", ""reason"": ""no_cctv"", ""snapshot"": {""aisle"": ""aisle3"", ""in_n"": 0, ""out_n"": 0, ""open"": [], ""visible"": 0, ""clear"": false, ""feed_ok"": false}, ""visible"": 0, ""open"": [], ""mode"": ""full"", ""t"": 0.0}"
0.56,ledger_snapshot,"{""t"": 0.56, ""aisles"": [{""aisle"": ""aisle1"", ""in_n"": 0, ""out_n"": 0, ""open"": [], ""visible"": 0, ""clear"": false, ""feed_ok"": true}, {""aisle"": ""aisle2"", ""in_n"": 0, ""out_n"": 0, ""open"": [], ""visible"": 0, ""clear"": false, ""feed_ok"": true}, {""aisle"": ""aisle3"", ""in_n"": 0, ""out_n"": 0, ""open"": [], ""visible"": 0, ""clear"": false, ""feed_ok"": true}]}"
0.56,clear_blocked_by_ledger,"{""aisle"": ""aisle1"", ""reason"": ""not_confirmed"", ""snapshot"": {""aisle"": ""aisle1"", ""in_n"": 0, ""out_n"": 0, ""open"": [], ""visible"": 0, ""clear"": false, ""feed_ok"": true}, ""visible"": 0, ""open"": [], ""mode"": ""full"", ""t"": 0.56}"
0.56,clear_blocked_by_ledger,"{""aisle"": ""aisle2"", ""reason"": ""not_confirmed"", ""snapshot"": {""aisle"": ""aisle2"", ""in_n"": 0, ""out_n"": 0, ""open"": [], ""visible"": 0, ""clear"": false, ""feed_ok"": true}, ""visible"": 0, ""open"": [], ""mode"": ""full"", ""t"": 0.56}"
0.56,clear_blocked_by_ledger,"{""aisle"": ""aisle3"", ""reason"": ""not_confirmed"", ""snapshot"": {""aisle"": ""aisle3"", ""in_n"": 0, ""out_n"": 0, ""open"": [], ""visible"": 0, ""clear"": false, ""feed_ok"": true}, ""visible"": 0, ""open"": [], ""mode"": ""full"", ""t"": 0.56}"
2.25,aisle_crossing,"{""aisle"": ""aisle2"", ""id"": ""c006"", ""line"": ""in"", ""dir"": ""in"", ""t"": 2.25, ""mode"": ""full""}"
2.25,clear_blocked_by_ledger,"{""aisle"": ""aisle2"", ""reason"": ""ledger_open"", ""snapshot"": {""aisle"": ""aisle2"", ""in_n"": 1, ""out_n"": 0, ""open"": [""c006""], ""visible"": 1, ""clear"": false, ""feed_ok"": true}, ""visible"": 1, ""open"": [""c006""], ""mode"": ""full"", ""t"": 2.25}"
2.35,aisle_crossing,"{""aisle"": ""aisle3"", ""id"": ""c009"", ""line"": ""in"", ""dir"": ""in"", ""t"": 2.35, ""mode"": ""full""}"
2.35,clear_blocked_by_ledger,"{""aisle"": ""aisle3"", ""reason"": ""ledger_open"", ""snapshot"": {""aisle"": ""aisle3"", ""in_n"": 1, ""out_n"": 0, ""open"": [""c009""], ""visible"": 1, ""clear"": false, ""feed_ok"": true}, ""visible"": 1, ""open"": [""c009""], ""mode"": ""full"", ""t"": 2.35}"
2.55,aisle_crossing,"{""aisle"": ""aisle3"", ""id"": ""c011"", ""line"": ""in"", ""dir"": ""in"", ""t"": 2.55, ""mode"": ""full""}"
2.65,aisle_crossing,"{""aisle"": ""aisle2"", ""id"": ""c005"", ""line"": ""in"", ""dir"": ""in"", ""t"": 2.65, ""mode"": ""full""}"
2.65,ledger_snapshot,"{""t"": 2.65, ""aisles"": [{""aisle"": ""aisle1"", ""in_n"": 0, ""out_n"": 0, ""open"": [], ""visible"": 0, ""clear"": false, ""feed_ok"": true}, {""aisle"": ""aisle2"", ""in_n"": 2, ""out_n"": 0, ""open"": [""c005"", ""c006""], ""visible"": 2, ""clear"": false, ""feed_ok"": true}, {""aisle"": ""aisle3"", ""in_n"": 2, ""out_n"": 0, ""open"": [""c009"", ""c011""], ""visible"": 2, ""clear"": false, ""feed_ok"": true}]}"
2.74,aisle_crossing,"{""aisle"": ""aisle3"", ""id"": ""c012"", ""line"": ""in"", ""dir"": ""in"", ""t"": 2.74, ""mode"": ""full""}"
2.85,aisle_crossing,"{""aisle"": ""aisle1"", ""id"": ""c001"", ""line"": ""in"", ""dir"": ""in"", ""t"": 2.85, ""mode"": ""full""}"
2.85,clear_blocked_by_ledger,"{""aisle"": ""aisle1"", ""reason"": ""ledger_open"", ""snapshot"": {""aisle"": ""aisle1"", ""in_n"": 1, ""out_n"": 0, ""open"": [""c001""], ""visible"": 1, ""clear"": false, ""feed_ok"": true}, ""visible"": 1, ""open"": [""c001""], ""mode"": ""full"", ""t"": 2.85}"
2.94,aisle_crossing,"{""aisle"": ""aisle1"", ""id"": ""c002"", ""line"": ""in"", ""dir"": ""in"", ""t"": 2.94, ""mode"": ""full""}"
3.95,aisle_crossing,"{""aisle"": ""aisle1"", ""id"": ""c004"", ""line"": ""in"", ""dir"": ""in"", ""t"": 3.95, ""mode"": ""full""}"
4.75,ledger_snapshot,"{""t"": 4.75, ""aisles"": [{""aisle"": ""aisle1"", ""in_n"": 3, ""out_n"": 0, ""open"": [""c001"", ""c002"", ""c004""], ""visible"": 3, ""clear"": false, ""feed_ok"": true}, {""aisle"": ""aisle2"", ""in_n"": 2, ""out_n"": 0, ""open"": [""c005"", ""c006""], ""visible"": 1, ""clear"": false, ""feed_ok"": true}, {""aisle"": ""aisle3"", ""in_n"": 3, ""out_n"": 0, ""open"": [""c009"", ""c011"", ""c012""], ""visible"": 2, ""clear"": false, ""feed_ok"": true}]}"
6.24,aisle_crossing,"{""aisle"": ""aisle3"", ""id"": ""c010"", ""line"": ""in"", ""dir"": ""in"", ""t"": 6.24, ""mode"": ""full""}"
6.34,aisle_crossing,"{""aisle"": ""aisle2"", ""id"": ""c008"", ""line"": ""in"", ""dir"": ""in"", ""t"": 6.34, ""mode"": ""full""}"
6.84,ledger_snapshot,"{""t"": 6.84, ""aisles"": [{""aisle"": ""aisle1"", ""in_n"": 3, ""out_n"": 0, ""open"": [""c001"", ""c002"", ""c004""], ""visible"": 1, ""clear"": false, ""feed_ok"": true}, {""aisle"": ""aisle2"", ""in_n"": 3, ""out_n"": 0, ""open"": [""c005"", ""c006"", ""c008""], ""visible"": 2, ""clear"": false, ""feed_ok"": true}, {""aisle"": ""aisle3"", ""in_n"": 4, ""out_n"": 0, ""open"": [""c009"", ""c010"", ""c011"", ""c012""], ""visible"": 1, ""clear"": false, ""feed_ok"": true}]}"
7.25,clear_blocked_by_ledger,"{""aisle"": ""aisle2"", ""reason"": ""ledger_open"", ""snapshot"": {""aisle"": ""aisle2"", ""in_n"": 3, ""out_n"": 0, ""open"": [""c005"", ""c006"", ""c008""], ""visible"": 1, ""clear"": false, ""feed_ok"": true}, ""visible"": 1, ""open"": [""c005"", ""c006"", ""c008""], ""mode"": ""full"", ""t"": 7.25}"
7.35,clear_blocked_by_ledger,"{""aisle"": ""aisle3"", ""reason"": ""ledger_open"", ""snapshot"": {""aisle"": ""aisle3"", ""in_n"": 4, ""out_n"": 0, ""open"": [""c009"", ""c010"", ""c011"", ""c012""], ""visible"": 1, ""clear"": false, ""feed_ok"": true}, ""visible"": 1, ""open"": [""c009"", ""c010"", ""c011"", ""c012""], ""mode"": ""full"", ""t"": 7.35}"
7.95,clear_blocked_by_ledger,"{""aisle"": ""aisle1"", ""reason"": ""ledger_open"", ""snapshot"": {""aisle"": ""aisle1"", ""in_n"": 3, ""out_n"": 0, ""open"": [""c001"", ""c002"", ""c004""], ""visible"": 1, ""clear"": false, ""feed_ok"": true}, ""visible"": 1, ""open"": [""c001"", ""c002"", ""c004""], ""mode"": ""full"", ""t"": 7.95}"
8.05,aisle_crossing,"{""aisle"": ""aisle2"", ""id"": ""c007"", ""line"": ""in"", ""dir"": ""in"", ""t"": 8.05, ""mode"": ""full""}"
8.85,ledger_snapshot,"{""t"": 8.85, ""aisles"": [{""aisle"": ""aisle1"", ""in_n"": 3, ""out_n"": 0, ""open"": [""c001"", ""c002"", ""c004""], ""visible"": 1, ""clear"": false, ""feed_ok"": true}, {""aisle"": ""aisle2"", ""in_n"": 4, ""out_n"": 0, ""open"": [""c005"", ""c006"", ""c007"", ""c008""], ""visible"": 2, ""clear"": false, ""feed_ok"": true}, {""aisle"": ""aisle3"", ""in_n"": 4, ""out_n"": 0, ""open"": [""c009"", ""c010"", ""c011"", ""c012""], ""visible"": 1, ""clear"": false, ""feed_ok"": true}]}"
9.64,aisle_crossing,"{""aisle"": ""aisle1"", ""id"": ""c003"", ""line"": ""in"", ""dir"": ""in"", ""t"": 9.64, ""mode"": ""full""}"
10.95,ledger_snapshot,"{""t"": 10.95, ""aisles"": [{""aisle"": ""aisle1"", ""in_n"": 4, ""out_n"": 0, ""open"": [""c001"", ""c002"", ""c003"", ""c004""], ""visible"": 1, ""clear"": false, ""feed_ok"": true}, {""aisle"": ""aisle2"", ""in_n"": 4, ""out_n"": 0, ""open"": [""c005"", ""c006"", ""c007"", ""c008""], ""visible"": 2, ""clear"": false, ""feed_ok"": true}, {""aisle"": ""aisle3"", ""in_n"": 4, ""out_n"": 0, ""open"": [""c009"", ""c010"", ""c011"", ""c012""], ""visible"": 0, ""clear"": false, ""feed_ok"": true}]}"
12.34,clear_blocked_by_ledger,"{""aisle"": ""aisle2"", ""reason"": ""ledger_open"", ""snapshot"": {""aisle"": ""aisle2"", ""in_n"": 4, ""out_n"": 0, ""open"": [""c005"", ""c006"", ""c007"", ""c008""], ""visible"": 1, ""clear"": false, ""feed_ok"": true}, ""visible"": 1, ""open"": [""c005"", ""c006"", ""c007"", ""c008""], ""mode"": ""full"", ""t"": 12.34}"
12.45,clear_blocked_by_ledger,"{""aisle"": ""aisle3"", ""reason"": ""ledger_open"", ""snapshot"": {""aisle"": ""aisle3"", ""in_n"": 4, ""out_n"": 0, ""open"": [""c009"", ""c010"", ""c011"", ""c012""], ""visible"": 0, ""clear"": false, ""feed_ok"": true}, ""visible"": 0, ""open"": [""c009"", ""c010"", ""c011"", ""c012""], ""mode"": ""full"", ""t"": 12.45}"
13.04,ledger_snapshot,"{""t"": 13.04, ""aisles"": [{""aisle"": ""aisle1"", ""in_n"": 4, ""out_n"": 0, ""open"": [""c001"", ""c002"", ""c003"", ""c004""], ""visible"": 1, ""clear"": false, ""feed_ok"": true}, {""aisle"": ""aisle2"", ""in_n"": 4, ""out_n"": 0, ""open"": [""c005"", ""c006"", ""c007"", ""c008""], ""visible"": 1, ""clear"": false, ""feed_ok"": true}, {""aisle"": ""aisle3"", ""in_n"": 4, ""out_n"": 0, ""open"": [""c009"", ""c010"", ""c011"", ""c012""], ""visible"": 0, ""clear"": false, ""feed_ok"": true}]}"
13.04,clear_blocked_by_ledger,"{""aisle"": ""aisle1"", ""reason"": ""ledger_open"", ""snapshot"": {""aisle"": ""aisle1"", ""in_n"": 4, ""out_n"": 0, ""open"": [""c001"", ""c002"", ""c003"", ""c004""], ""visible"": 1, ""clear"": false, ""feed_ok"": true}, ""visible"": 1, ""open"": [""c001"", ""c002"", ""c003"", ""c004""], ""mode"": ""full"", ""t"": 13.04}"
14.24,phase,"{""from"": ""to_standby"", ""to"": ""wait_clear""}"
14.24,at_standby,"{""aisle"": ""aisle1"", ""end"": ""front"", ""mode"": ""full"", ""t"": 14.24}"
15.15,ledger_snapshot,"{""t"": 15.15, ""aisles"": [{""aisle"": ""aisle1"", ""in_n"": 4, ""out_n"": 0, ""open"": [""c001"", ""c002"", ""c003"", ""c004""], ""visible"": 0, ""clear"": false, ""feed_ok"": true}, {""aisle"": ""aisle2"", ""in_n"": 4, ""out_n"": 0, ""open"": [""c005"", ""c006"", ""c007"", ""c008""], ""visible"": 0, ""clear"": false, ""feed_ok"": true}, {""aisle"": ""aisle3"", ""in_n"": 4, ""out_n"": 0, ""open"": [""c009"", ""c010"", ""c011"", ""c012""], ""visible"": 0, ""clear"": false, ""feed_ok"": true}]}"
15.94,goal_done,"{""seq"": 1, ""status"": 4}"
17.15,ledger_snapshot,"{""t"": 17.15, ""aisles"": [{""aisle"": ""aisle1"", ""in_n"": 4, ""out_n"": 0, ""open"": [""c001"", ""c002"", ""c003"", ""c004""], ""visible"": 0, ""clear"": false, ""feed_ok"": true}, {""aisle"": ""aisle2"", ""in_n"": 4, ""out_n"": 0, ""open"": [""c005"", ""c006"", ""c007"", ""c008""], ""visible"": 0, ""clear"": false, ""feed_ok"": true}, {""aisle"": ""aisle3"", ""in_n"": 4, ""out_n"": 0, ""open"": [""c009"", ""c010"", ""c011"", ""c012""], ""visible"": 0, ""clear"": false, ""feed_ok"": true}]}"
17.35,clear_blocked_by_ledger,"{""aisle"": ""aisle2"", ""reason"": ""ledger_open"", ""snapshot"": {""aisle"": ""aisle2"", ""in_n"": 4, ""out_n"": 0, ""open"": [""c005"", ""c006"", ""c007"", ""c008""], ""visible"": 0, ""clear"": false, ""feed_ok"": true}, ""visible"": 0, ""open"": [""c005"", ""c006"", ""c007"", ""c008""], ""mode"": ""full"", ""t"": 17.35}"
17.54,clear_blocked_by_ledger,"{""aisle"": ""aisle3"", ""reason"": ""ledger_open"", ""snapshot"": {""aisle"": ""aisle3"", ""in_n"": 4, ""out_n"": 0, ""open"": [""c009"", ""c010"", ""c011"", ""c012""], ""visible"": 0, ""clear"": false, ""feed_ok"": true}, ""visible"": 0, ""open"": [""c009"", ""c010"", ""c011"", ""c012""], ""mode"": ""full"", ""t"": 17.54}"
18.05,clear_blocked_by_ledger,"{""aisle"": ""aisle1"", ""reason"": ""ledger_open"", ""snapshot"": {""aisle"": ""aisle1"", ""in_n"": 4, ""out_n"": 0, ""open"": [""c001"", ""c002"", ""c003"", ""c004""], ""visible"": 0, ""clear"": false, ""feed_ok"": true}, ""visible"": 0, ""open"": [""c001"", ""c002"", ""c003"", ""c004""], ""mode"": ""full"", ""t"": 18.05}"
19.24,ledger_snapshot,"{""t"": 19.24, ""aisles"": [{""aisle"": ""aisle1"", ""in_n"": 4, ""out_n"": 0, ""open"": [""c001"", ""c002"", ""c003"", ""c004""], ""visible"": 0, ""clear"": false, ""feed_ok"": true}, {""aisle"": ""aisle2"", ""in_n"": 4, ""out_n"": 0, ""open"": [""c005"", ""c006"", ""c007"", ""c008""], ""visible"": 0, ""clear"": false, ""feed_ok"": true}, {""aisle"": ""aisle3"", ""in_n"": 4, ""out_n"": 0, ""open"": [""c009"", ""c010"", ""c011"", ""c012""], ""visible"": 0, ""clear"": false, ""feed_ok"": true}]}"
21.25,ledger_snapshot,"{""t"": 21.25, ""aisles"": [{""aisle"": ""aisle1"", ""in_n"": 4, ""out_n"": 0, ""open"": [""c001"", ""c002"", ""c003"", ""c004""], ""visible"": 0, ""clear"": false, ""feed_ok"": true}, {""aisle"": ""aisle2"", ""in_n"": 4, ""out_n"": 0, ""open"": [""c005"", ""c006"", ""c007"", ""c008""], ""visible"": 0, ""clear"": false, ""feed_ok"": true}, {""aisle"": ""aisle3"", ""in_n"": 4, ""out_n"": 0, ""open"": [""c009"", ""c010"", ""c011"", ""c012""], ""visible"": 0, ""clear"": false, ""feed_ok"": true}]}"
22.44,clear_blocked_by_ledger,"{""aisle"": ""aisle2"", ""reason"": ""ledger_open"", ""snapshot"": {""aisle"": ""aisle2"", ""in_n"": 4, ""out_n"": 0, ""open"": [""c005"", ""c006"", ""c007"", ""c008""], ""visible"": 0, ""clear"": false, ""feed_ok"": true}, ""visible"": 0, ""open"": [""c005"", ""c006"", ""c007"", ""c008""], ""mode"": ""full"", ""t"": 22.44}"
22.55,clear_blocked_by_ledger,"{""aisle"": ""aisle3"", ""reason"": ""ledger_open"", ""snapshot"": {""aisle"": ""aisle3"", ""in_n"": 4, ""out_n"": 0, ""open"": [""c009"", ""c010"", ""c011"", ""c012""], ""visible"": 0, ""clear"": false, ""feed_ok"": true}, ""visible"": 0, ""open"": [""c009"", ""c010"", ""c011"", ""c012""], ""mode"": ""full"", ""t"": 22.55}"
23.06,clear_blocked_by_ledger,"{""aisle"": ""aisle1"", ""reason"": ""ledger_open"", ""snapshot"": {""aisle"": ""aisle1"", ""in_n"": 4, ""out_n"": 0, ""open"": [""c001"", ""c002"", ""c003"", ""c004""], ""visible"": 0, ""clear"": false, ""feed_ok"": true}, ""visible"": 0, ""open"": [""c001"", ""c002"", ""c003"", ""c004""], ""mode"": ""full"", ""t"": 23.06}"
23.35,ledger_snapshot,"{""t"": 23.35, ""aisles"": [{""aisle"": ""aisle1"", ""in_n"": 4, ""out_n"": 0, ""open"": [""c001"", ""c002"", ""c003"", ""c004""], ""visible"": 0, ""clear"": false, ""feed_ok"": true}, {""aisle"": ""aisle2"", ""in_n"": 4, ""out_n"": 0, ""open"": [""c005"", ""c006"", ""c007"", ""c008""], ""visible"": 0, ""clear"": false, ""feed_ok"": true}, {""aisle"": ""aisle3"", ""in_n"": 4, ""out_n"": 0, ""open"": [""c009"", ""c010"", ""c011"", ""c012""], ""visible"": 0, ""clear"": false, ""feed_ok"": true}]}"
25.44,ledger_snapshot,"{""t"": 25.44, ""aisles"": [{""aisle"": ""aisle1"", ""in_n"": 4, ""out_n"": 0, ""open"": [""c001"", ""c002"", ""c003"", ""c004""], ""visible"": 0, ""clear"": false, ""feed_ok"": true}, {""aisle"": ""aisle2"", ""in_n"": 4, ""out_n"": 0, ""open"": [""c005"", ""c006"", ""c007"", ""c008""], ""visible"": 0, ""clear"": false, ""feed_ok"": true}, {""aisle"": ""aisle3"", ""in_n"": 4, ""out_n"": 0, ""open"": [""c009"", ""c010"", ""c011"", ""c012""], ""visible"": 0, ""clear"": false, ""feed_ok"": true}]}"
27.45,ledger_snapshot,"{""t"": 27.45, ""aisles"": [{""aisle"": ""aisle1"", ""in_n"": 4, ""out_n"": 0, ""open"": [""c001"", ""c002"", ""c003"", ""c004""], ""visible"": 0, ""clear"": false, ""feed_ok"": true}, {""aisle"": ""aisle2"", ""in_n"": 4, ""out_n"": 0, ""open"": [""c005"", ""c006"", ""c007"", ""c008""], ""visible"": 0, ""clear"": false, ""feed_ok"": true}, {""aisle"": ""aisle3"", ""in_n"": 4, ""out_n"": 0, ""open"": [""c009"", ""c010"", ""c011"", ""c012""], ""visible"": 0, ""clear"": false, ""feed_ok"": true}]}"
27.45,clear_blocked_by_ledger,"{""aisle"": ""aisle2"", ""reason"": ""ledger_open"", ""snapshot"": {""aisle"": ""aisle2"", ""in_n"": 4, ""out_n"": 0, ""open"": [""c005"", ""c006"", ""c007"", ""c008""], ""visible"": 0, ""clear"": false, ""feed_ok"": true}, ""visible"": 0, ""open"": [""c005"", ""c006"", ""c007"", ""c008""], ""mode"": ""full"", ""t"": 27.45}"
27.55,clear_blocked_by_ledger,"{""aisle"": ""aisle3"", ""reason"": ""ledger_open"", ""snapshot"": {""aisle"": ""aisle3"", ""in_n"": 4, ""out_n"": 0, ""open"": [""c009"", ""c010"", ""c011"", ""c012""], ""visible"": 0, ""clear"": false, ""feed_ok"": true}, ""visible"": 0, ""open"": [""c009"", ""c010"", ""c011"", ""c012""], ""mode"": ""full"", ""t"": 27.55}"
28.15,clear_blocked_by_ledger,"{""aisle"": ""aisle1"", ""reason"": ""ledger_open"", ""snapshot"": {""aisle"": ""aisle1"", ""in_n"": 4, ""out_n"": 0, ""open"": [""c001"", ""c002"", ""c003"", ""c004""], ""visible"": 0, ""clear"": false, ""feed_ok"": true}, ""visible"": 0, ""open"": [""c001"", ""c002"", ""c003"", ""c004""], ""mode"": ""full"", ""t"": 28.15}"
29.54,ledger_snapshot,"{""t"": 29.54, ""aisles"": [{""aisle"": ""aisle1"", ""in_n"": 4, ""out_n"": 0, ""open"": [""c001"", ""c002"", ""c003"", ""c004""], ""visible"": 0, ""clear"": false, ""feed_ok"": true}, {""aisle"": ""aisle2"", ""in_n"": 4, ""out_n"": 0, ""open"": [""c005"", ""c006"", ""c007"", ""c008""], ""visible"": 0, ""clear"": false, ""feed_ok"": true}, {""aisle"": ""aisle3"", ""in_n"": 4, ""out_n"": 0, ""open"": [""c009"", ""c010"", ""c011"", ""c012""], ""visible"": 0, ""clear"": false, ""feed_ok"": true}]}"
31.64,ledger_snapshot,"{""t"": 31.64, ""aisles"": [{""aisle"": ""aisle1"", ""in_n"": 4, ""out_n"": 0, ""open"": [""c001"", ""c002"", ""c003"", ""c004""], ""visible"": 0, ""clear"": false, ""feed_ok"": true}, {""aisle"": ""aisle2"", ""in_n"": 4, ""out_n"": 0, ""open"": [""c005"", ""c006"", ""c007"", ""c008""], ""visible"": 0, ""clear"": false, ""feed_ok"": true}, {""aisle"": ""aisle3"", ""in_n"": 4, ""out_n"": 0, ""open"": [""c009"", ""c010"", ""c011"", ""c012""], ""visible"": 0, ""clear"": false, ""feed_ok"": true}]}"
32.55,clear_blocked_by_ledger,"{""aisle"": ""aisle2"", ""reason"": ""ledger_open"", ""snapshot"": {""aisle"": ""aisle2"", ""in_n"": 4, ""out_n"": 0, ""open"": [""c005"", ""c006"", ""c007"", ""c008""], ""visible"": 0, ""clear"": false, ""feed_ok"": true}, ""visible"": 0, ""open"": [""c005"", ""c006"", ""c007"", ""c008""], ""mode"": ""full"", ""t"": 32.55}"
32.55,clear_blocked_by_ledger,"{""aisle"": ""aisle3"", ""reason"": ""ledger_open"", ""snapshot"": {""aisle"": ""aisle3"", ""in_n"": 4, ""out_n"": 0, ""open"": [""c009"", ""c010"", ""c011"", ""c012""], ""visible"": 0, ""clear"": false, ""feed_ok"": true}, ""visible"": 0, ""open"": [""c009"", ""c010"", ""c011"", ""c012""], ""mode"": ""full"", ""t"": 32.55}"
33.25,clear_blocked_by_ledger,"{""aisle"": ""aisle1"", ""reason"": ""ledger_open"", ""snapshot"": {""aisle"": ""aisle1"", ""in_n"": 4, ""out_n"": 0, ""open"": [""c001"", ""c002"", ""c003"", ""c004""], ""visible"": 0, ""clear"": false, ""feed_ok"": true}, ""visible"": 0, ""open"": [""c001"", ""c002"", ""c003"", ""c004""], ""mode"": ""full"", ""t"": 33.25}"
33.74,ledger_snapshot,"{""t"": 33.74, ""aisles"": [{""aisle"": ""aisle1"", ""in_n"": 4, ""out_n"": 0, ""open"": [""c001"", ""c002"", ""c003"", ""c004""], ""visible"": 0, ""clear"": false, ""feed_ok"": true}, {""aisle"": ""aisle2"", ""in_n"": 4, ""out_n"": 0, ""open"": [""c005"", ""c006"", ""c007"", ""c008""], ""visible"": 0, ""clear"": false, ""feed_ok"": true}, {""aisle"": ""aisle3"", ""in_n"": 4, ""out_n"": 0, ""open"": [""c009"", ""c010"", ""c011"", ""c012""], ""visible"": 0, ""clear"": false, ""feed_ok"": true}]}"
35.75,ledger_snapshot,"{""t"": 35.75, ""aisles"": [{""aisle"": ""aisle1"", ""in_n"": 4, ""out_n"": 0, ""open"": [""c001"", ""c002"", ""c003"", ""c004""], ""visible"": 0, ""clear"": false, ""feed_ok"": true}, {""aisle"": ""aisle2"", ""in_n"": 4, ""out_n"": 0, ""open"": [""c005"", ""c006"", ""c007"", ""c008""], ""visible"": 0, ""clear"": false, ""feed_ok"": true}, {""aisle"": ""aisle3"", ""in_n"": 4, ""out_n"": 0, ""open"": [""c009"", ""c010"", ""c011"", ""c012""], ""visible"": 0, ""clear"": false, ""feed_ok"": true}]}"
37.65,clear_blocked_by_ledger,"{""aisle"": ""aisle2"", ""reason"": ""ledger_open"", ""snapshot"": {""aisle"": ""aisle2"", ""in_n"": 4, ""out_n"": 0, ""open"": [""c005"", ""c006"", ""c007"", ""c008""], ""visible"": 0, ""clear"": false, ""feed_ok"": true}, ""visible"": 0, ""open"": [""c005"", ""c006"", ""c007"", ""c008""], ""mode"": ""full"", ""t"": 37.65}"
37.65,clear_blocked_by_ledger,"{""aisle"": ""aisle3"", ""reason"": ""ledger_open"", ""snapshot"": {""aisle"": ""aisle3"", ""in_n"": 4, ""out_n"": 0, ""open"": [""c009"", ""c010"", ""c011"", ""c012""], ""visible"": 0, ""clear"": false, ""feed_ok"": true}, ""visible"": 0, ""open"": [""c009"", ""c010"", ""c011"", ""c012""], ""mode"": ""full"", ""t"": 37.65}"
37.76,ledger_snapshot,"{""t"": 37.76, ""aisles"": [{""aisle"": ""aisle1"", ""in_n"": 4, ""out_n"": 0, ""open"": [""c001"", ""c002"", ""c003"", ""c004""], ""visible"": 0, ""clear"": false, ""feed_ok"": true}, {""aisle"": ""aisle2"", ""in_n"": 4, ""out_n"": 0, ""open"": [""c005"", ""c006"", ""c007"", ""c008""], ""visible"": 0, ""clear"": false, ""feed_ok"": true}, {""aisle"": ""aisle3"", ""in_n"": 4, ""out_n"": 0, ""open"": [""c009"", ""c010"", ""c011"", ""c012""], ""visible"": 0, ""clear"": false, ""feed_ok"": true}]}"
38.34,clear_blocked_by_ledger,"{""aisle"": ""aisle1"", ""reason"": ""ledger_open"", ""snapshot"": {""aisle"": ""aisle1"", ""in_n"": 4, ""out_n"": 0, ""open"": [""c001"", ""c002"", ""c003"", ""c004""], ""visible"": 0, ""clear"": false, ""feed_ok"": true}, ""visible"": 0, ""open"": [""c001"", ""c002"", ""c003"", ""c004""], ""mode"": ""full"", ""t"": 38.34}"
39.85,ledger_snapshot,"{""t"": 39.85, ""aisles"": [{""aisle"": ""aisle1"", ""in_n"": 4, ""out_n"": 0, ""open"": [""c001"", ""c002"", ""c003"", ""c004""], ""visible"": 1, ""clear"": false, ""feed_ok"": true}, {""aisle"": ""aisle2"", ""in_n"": 4, ""out_n"": 0, ""open"": [""c005"", ""c006"", ""c007"", ""c008""], ""visible"": 0, ""clear"": false, ""feed_ok"": true}, {""aisle"": ""aisle3"", ""in_n"": 4, ""out_n"": 0, ""open"": [""c009"", ""c010"", ""c011"", ""c012""], ""visible"": 0, ""clear"": false, ""feed_ok"": true}]}"
40.34,aisle_crossing,"{""aisle"": ""aisle1"", ""id"": ""c002"", ""line"": ""out"", ""dir"": ""out"", ""t"": 40.34, ""mode"": ""full""}"
41.94,ledger_snapshot,"{""t"": 41.94, ""aisles"": [{""aisle"": ""aisle1"", ""in_n"": 4, ""out_n"": 1, ""open"": [""c001"", ""c003"", ""c004""], ""visible"": 0, ""clear"": false, ""feed_ok"": true}, {""aisle"": ""aisle2"", ""in_n"": 4, ""out_n"": 0, ""open"": [""c005"", ""c006"", ""c007"", ""c008""], ""visible"": 0, ""clear"": false, ""feed_ok"": true}, {""aisle"": ""aisle3"", ""in_n"": 4, ""out_n"": 0, ""open"": [""c009"", ""c010"", ""c011"", ""c012""], ""visible"": 0, ""clear"": false, ""feed_ok"": true}]}"
42.75,clear_blocked_by_ledger,"{""aisle"": ""aisle2"", ""reason"": ""ledger_open"", ""snapshot"": {""aisle"": ""aisle2"", ""in_n"": 4, ""out_n"": 0, ""open"": [""c005"", ""c006"", ""c007"", ""c008""], ""visible"": 0, ""clear"": false, ""feed_ok"": true}, ""visible"": 0, ""open"": [""c005"", ""c006"", ""c007"", ""c008""], ""mode"": ""full"", ""t"": 42.75}"
42.75,clear_blocked_by_ledger,"{""aisle"": ""aisle3"", ""reason"": ""ledger_open"", ""snapshot"": {""aisle"": ""aisle3"", ""in_n"": 4, ""out_n"": 0, ""open"": [""c009"", ""c010"", ""c011"", ""c012""], ""visible"": 0, ""clear"": false, ""feed_ok"": true}, ""visible"": 0, ""open"": [""c009"", ""c010"", ""c011"", ""c012""], ""mode"": ""full"", ""t"": 42.75}"
43.34,clear_blocked_by_ledger,"{""aisle"": ""aisle1"", ""reason"": ""ledger_open"", ""snapshot"": {""aisle"": ""aisle1"", ""in_n"": 4, ""out_n"": 1, ""open"": [""c001"", ""c003"", ""c004""], ""visible"": 0, ""clear"": false, ""feed_ok"": true}, ""visible"": 0, ""open"": [""c001"", ""c003"", ""c004""], ""mode"": ""full"", ""t"": 43.34}"
43.94,ledger_snapshot,"{""t"": 43.94, ""aisles"": [{""aisle"": ""aisle1"", ""in_n"": 4, ""out_n"": 1, ""open"": [""c001"", ""c003"", ""c004""], ""visible"": 0, ""clear"": false, ""feed_ok"": true}, {""aisle"": ""aisle2"", ""in_n"": 4, ""out_n"": 0, ""open"": [""c005"", ""c006"", ""c007"", ""c008""], ""visible"": 0, ""clear"": false, ""feed_ok"": true}, {""aisle"": ""aisle3"", ""in_n"": 4, ""out_n"": 0, ""open"": [""c009"", ""c010"", ""c011"", ""c012""], ""visible"": 0, ""clear"": false, ""feed_ok"": true}]}"
45.95,ledger_snapshot,"{""t"": 45.95, ""aisles"": [{""aisle"": ""aisle1"", ""in_n"": 4, ""out_n"": 1, ""open"": [""c001"", ""c003"", ""c004""], ""visible"": 0, ""clear"": false, ""feed_ok"": true}, {""aisle"": ""aisle2"", ""in_n"": 4, ""out_n"": 0, ""open"": [""c005"", ""c006"", ""c007"", ""c008""], ""visible"": 0, ""clear"": false, ""feed_ok"": true}, {""aisle"": ""aisle3"", ""in_n"": 4, ""out_n"": 0, ""open"": [""c009"", ""c010"", ""c011"", ""c012""], ""visible"": 0, ""clear"": false, ""feed_ok"": true}]}"
47.85,clear_blocked_by_ledger,"{""aisle"": ""aisle2"", ""reason"": ""ledger_open"", ""snapshot"": {""aisle"": ""aisle2"", ""in_n"": 4, ""out_n"": 0, ""open"": [""c005"", ""c006"", ""c007"", ""c008""], ""visible"": 0, ""clear"": false, ""feed_ok"": true}, ""visible"": 0, ""open"": [""c005"", ""c006"", ""c007"", ""c008""], ""mode"": ""full"", ""t"": 47.85}"
47.85,clear_blocked_by_ledger,"{""aisle"": ""aisle3"", ""reason"": ""ledger_open"", ""snapshot"": {""aisle"": ""aisle3"", ""in_n"": 4, ""out_n"": 0, ""open"": [""c009"", ""c010"", ""c011"", ""c012""], ""visible"": 0, ""clear"": false, ""feed_ok"": true}, ""visible"": 0, ""open"": [""c009"", ""c010"", ""c011"", ""c012""], ""mode"": ""full"", ""t"": 47.85}"
48.05,ledger_snapshot,"{""t"": 48.05, ""aisles"": [{""aisle"": ""aisle1"", ""in_n"": 4, ""out_n"": 1, ""open"": [""c001"", ""c003"", ""c004""], ""visible"": 0, ""clear"": false, ""feed_ok"": true}, {""aisle"": ""aisle2"", ""in_n"": 4, ""out_n"": 0, ""open"": [""c005"", ""c006"", ""c007"", ""c008""], ""visible"": 0, ""clear"": false, ""feed_ok"": true}, {""aisle"": ""aisle3"", ""in_n"": 4, ""out_n"": 0, ""open"": [""c009"", ""c010"", ""c011"", ""c012""], ""visible"": 0, ""clear"": false, ""feed_ok"": true}]}"
48.44,clear_blocked_by_ledger,"{""aisle"": ""aisle1"", ""reason"": ""ledger_open"", ""snapshot"": {""aisle"": ""aisle1"", ""in_n"": 4, ""out_n"": 1, ""open"": [""c001"", ""c003"", ""c004""], ""visible"": 0, ""clear"": false, ""feed_ok"": true}, ""visible"": 0, ""open"": [""c001"", ""c003"", ""c004""], ""mode"": ""full"", ""t"": 48.44}"
50.05,ledger_snapshot,"{""t"": 50.05, ""aisles"": [{""aisle"": ""aisle1"", ""in_n"": 4, ""out_n"": 1, ""open"": [""c001"", ""c003"", ""c004""], ""visible"": 1, ""clear"": false, ""feed_ok"": true}, {""aisle"": ""aisle2"", ""in_n"": 4, ""out_n"": 0, ""open"": [""c005"", ""c006"", ""c007"", ""c008""], ""visible"": 0, ""clear"": false, ""feed_ok"": true}, {""aisle"": ""aisle3"", ""in_n"": 4, ""out_n"": 0, ""open"": [""c009"", ""c010"", ""c011"", ""c012""], ""visible"": 0, ""clear"": false, ""feed_ok"": true}]}"
51.25,aisle_crossing,"{""aisle"": ""aisle1"", ""id"": ""c003"", ""line"": ""out"", ""dir"": ""out"", ""t"": 51.25, ""mode"": ""full""}"
52.15,ledger_snapshot,"{""t"": 52.15, ""aisles"": [{""aisle"": ""aisle1"", ""in_n"": 4, ""out_n"": 2, ""open"": [""c001"", ""c004""], ""visible"": 0, ""clear"": false, ""feed_ok"": true}, {""aisle"": ""aisle2"", ""in_n"": 4, ""out_n"": 0, ""open"": [""c005"", ""c006"", ""c007"", ""c008""], ""visible"": 0, ""clear"": false, ""feed_ok"": true}, {""aisle"": ""aisle3"", ""in_n"": 4, ""out_n"": 0, ""open"": [""c009"", ""c010"", ""c011"", ""c012""], ""visible"": 0, ""clear"": false, ""feed_ok"": true}]}"
52.94,clear_blocked_by_ledger,"{""aisle"": ""aisle2"", ""reason"": ""ledger_open"", ""snapshot"": {""aisle"": ""aisle2"", ""in_n"": 4, ""out_n"": 0, ""open"": [""c005"", ""c006"", ""c007"", ""c008""], ""visible"": 0, ""clear"": false, ""feed_ok"": true}, ""visible"": 0, ""open"": [""c005"", ""c006"", ""c007"", ""c008""], ""mode"": ""full"", ""t"": 52.94}"
52.94,clear_blocked_by_ledger,"{""aisle"": ""aisle3"", ""reason"": ""ledger_open"", ""snapshot"": {""aisle"": ""aisle3"", ""in_n"": 4, ""out_n"": 0, ""open"": [""c009"", ""c010"", ""c011"", ""c012""], ""visible"": 0, ""clear"": false, ""feed_ok"": true}, ""visible"": 0, ""open"": [""c009"", ""c010"", ""c011"", ""c012""], ""mode"": ""full"", ""t"": 52.94}"
53.44,clear_blocked_by_ledger,"{""aisle"": ""aisle1"", ""reason"": ""ledger_open"", ""snapshot"": {""aisle"": ""aisle1"", ""in_n"": 4, ""out_n"": 2, ""open"": [""c001"", ""c004""], ""visible"": 0, ""clear"": false, ""feed_ok"": true}, ""visible"": 0, ""open"": [""c001"", ""c004""], ""mode"": ""full"", ""t"": 53.44}"
54.25,ledger_snapshot,"{""t"": 54.25, ""aisles"": [{""aisle"": ""aisle1"", ""in_n"": 4, ""out_n"": 2, ""open"": [""c001"", ""c004""], ""visible"": 0, ""clear"": false, ""feed_ok"": true}, {""aisle"": ""aisle2"", ""in_n"": 4, ""out_n"": 0, ""open"": [""c005"", ""c006"", ""c007"", ""c008""], ""visible"": 0, ""clear"": false, ""feed_ok"": true}, {""aisle"": ""aisle3"", ""in_n"": 4, ""out_n"": 0, ""open"": [""c009"", ""c010"", ""c011"", ""c012""], ""visible"": 0, ""clear"": false, ""feed_ok"": true}]}"
56.34,ledger_snapshot,"{""t"": 56.34, ""aisles"": [{""aisle"": ""aisle1"", ""in_n"": 4, ""out_n"": 2, ""open"": [""c001"", ""c004""], ""visible"": 0, ""clear"": false, ""feed_ok"": true}, {""aisle"": ""aisle2"", ""in_n"": 4, ""out_n"": 0, ""open"": [""c005"", ""c006"", ""c007"", ""c008""], ""visible"": 0, ""clear"": false, ""feed_ok"": true}, {""aisle"": ""aisle3"", ""in_n"": 4, ""out_n"": 0, ""open"": [""c009"", ""c010"", ""c011"", ""c012""], ""visible"": 0, ""clear"": false, ""feed_ok"": true}]}"
57.94,clear_blocked_by_ledger,"{""aisle"": ""aisle2"", ""reason"": ""ledger_open"", ""snapshot"": {""aisle"": ""aisle2"", ""in_n"": 4, ""out_n"": 0, ""open"": [""c005"", ""c006"", ""c007"", ""c008""], ""visible"": 0, ""clear"": false, ""feed_ok"": true}, ""visible"": 0, ""open"": [""c005"", ""c006"", ""c007"", ""c008""], ""mode"": ""full"", ""t"": 57.94}"
57.94,clear_blocked_by_ledger,"{""aisle"": ""aisle3"", ""reason"": ""ledger_open"", ""snapshot"": {""aisle"": ""aisle3"", ""in_n"": 4, ""out_n"": 0, ""open"": [""c009"", ""c010"", ""c011"", ""c012""], ""visible"": 0, ""clear"": false, ""feed_ok"": true}, ""visible"": 0, ""open"": [""c009"", ""c010"", ""c011"", ""c012""], ""mode"": ""full"", ""t"": 57.94}"
58.34,ledger_snapshot,"{""t"": 58.34, ""aisles"": [{""aisle"": ""aisle1"", ""in_n"": 4, ""out_n"": 2, ""open"": [""c001"", ""c004""], ""visible"": 0, ""clear"": false, ""feed_ok"": true}, {""aisle"": ""aisle2"", ""in_n"": 4, ""out_n"": 0, ""open"": [""c005"", ""c006"", ""c007"", ""c008""], ""visible"": 0, ""clear"": false, ""feed_ok"": true}, {""aisle"": ""aisle3"", ""in_n"": 4, ""out_n"": 0, ""open"": [""c009"", ""c010"", ""c011"", ""c012""], ""visible"": 0, ""clear"": false, ""feed_ok"": true}]}"
58.54,clear_blocked_by_ledger,"{""aisle"": ""aisle1"", ""reason"": ""ledger_open"", ""snapshot"": {""aisle"": ""aisle1"", ""in_n"": 4, ""out_n"": 2, ""open"": [""c001"", ""c004""], ""visible"": 0, ""clear"": false, ""feed_ok"": true}, ""visible"": 0, ""open"": [""c001"", ""c004""], ""mode"": ""full"", ""t"": 58.54}"
60.44,ledger_snapshot,"{""t"": 60.44, ""aisles"": [{""aisle"": ""aisle1"", ""in_n"": 4, ""out_n"": 2, ""open"": [""c001"", ""c004""], ""visible"": 1, ""clear"": false, ""feed_ok"": true}, {""aisle"": ""aisle2"", ""in_n"": 4, ""out_n"": 0, ""open"": [""c005"", ""c006"", ""c007"", ""c008""], ""visible"": 0, ""clear"": false, ""feed_ok"": true}, {""aisle"": ""aisle3"", ""in_n"": 4, ""out_n"": 0, ""open"": [""c009"", ""c010"", ""c011"", ""c012""], ""visible"": 1, ""clear"": false, ""feed_ok"": true}]}"
61.35,aisle_crossing,"{""aisle"": ""aisle1"", ""id"": ""c001"", ""line"": ""out"", ""dir"": ""out"", ""t"": 61.35, ""mode"": ""full""}"
61.85,aisle_crossing,"{""aisle"": ""aisle3"", ""id"": ""c009"", ""line"": ""out"", ""dir"": ""out"", ""t"": 61.85, ""mode"": ""full""}"
62.44,ledger_snapshot,"{""t"": 62.44, ""aisles"": [{""aisle"": ""aisle1"", ""in_n"": 4, ""out_n"": 3, ""open"": [""c004""], ""visible"": 0, ""clear"": false, ""feed_ok"": true}, {""aisle"": ""aisle2"", ""in_n"": 4, ""out_n"": 0, ""open"": [""c005"", ""c006"", ""c007"", ""c008""], ""visible"": 0, ""clear"": false, ""feed_ok"": true}, {""aisle"": ""aisle3"", ""in_n"": 4, ""out_n"": 1, ""open"": [""c010"", ""c011"", ""c012""], ""visible"": 0, ""clear"": false, ""feed_ok"": true}]}"
62.95,clear_blocked_by_ledger,"{""aisle"": ""aisle2"", ""reason"": ""ledger_open"", ""snapshot"": {""aisle"": ""aisle2"", ""in_n"": 4, ""out_n"": 0, ""open"": [""c005"", ""c006"", ""c007"", ""c008""], ""visible"": 0, ""clear"": false, ""feed_ok"": true}, ""visible"": 0, ""open"": [""c005"", ""c006"", ""c007"", ""c008""], ""mode"": ""full"", ""t"": 62.95}"
62.95,clear_blocked_by_ledger,"{""aisle"": ""aisle3"", ""reason"": ""ledger_open"", ""snapshot"": {""aisle"": ""aisle3"", ""in_n"": 4, ""out_n"": 1, ""open"": [""c010"", ""c011"", ""c012""], ""visible"": 0, ""clear"": false, ""feed_ok"": true}, ""visible"": 0, ""open"": [""c010"", ""c011"", ""c012""], ""mode"": ""full"", ""t"": 62.95}"
63.54,clear_blocked_by_ledger,"{""aisle"": ""aisle1"", ""reason"": ""ledger_open"", ""snapshot"": {""aisle"": ""aisle1"", ""in_n"": 4, ""out_n"": 3, ""open"": [""c004""], ""visible"": 0, ""clear"": false, ""feed_ok"": true}, ""visible"": 0, ""open"": [""c004""], ""mode"": ""full"", ""t"": 63.54}"
64.45,ledger_snapshot,"{""t"": 64.45, ""aisles"": [{""aisle"": ""aisle1"", ""in_n"": 4, ""out_n"": 3, ""open"": [""c004""], ""visible"": 0, ""clear"": false, ""feed_ok"": true}, {""aisle"": ""aisle2"", ""in_n"": 4, ""out_n"": 0, ""open"": [""c005"", ""c006"", ""c007"", ""c008""], ""visible"": 1, ""clear"": false, ""feed_ok"": true}, {""aisle"": ""aisle3"", ""in_n"": 4, ""out_n"": 1, ""open"": [""c010"", ""c011"", ""c012""], ""visible"": 0, ""clear"": false, ""feed_ok"": true}]}"
66.34,aisle_crossing,"{""aisle"": ""aisle2"", ""id"": ""c005"", ""line"": ""out"", ""dir"": ""out"", ""t"": 66.34, ""mode"": ""full""}"
66.54,ledger_snapshot,"{""t"": 66.54, ""aisles"": [{""aisle"": ""aisle1"", ""in_n"": 4, ""out_n"": 3, ""open"": [""c004""], ""visible"": 1, ""clear"": false, ""feed_ok"": true}, {""aisle"": ""aisle2"", ""in_n"": 4, ""out_n"": 1, ""open"": [""c006"", ""c007"", ""c008""], ""visible"": 0, ""clear"": false, ""feed_ok"": true}, {""aisle"": ""aisle3"", ""in_n"": 4, ""out_n"": 1, ""open"": [""c010"", ""c011"", ""c012""], ""visible"": 1, ""clear"": false, ""feed_ok"": true}]}"
66.64,aisle_crossing,"{""aisle"": ""aisle3"", ""id"": ""c010"", ""line"": ""out"", ""dir"": ""out"", ""t"": 66.64, ""mode"": ""full""}"
66.94,aisle_crossing,"{""aisle"": ""aisle3"", ""id"": ""c010"", ""line"": ""out"", ""dir"": ""in"", ""t"": 66.94, ""mode"": ""full""}"
67.15,aisle_crossing,"{""aisle"": ""aisle3"", ""id"": ""c010"", ""line"": ""out"", ""dir"": ""out"", ""t"": 67.15, ""mode"": ""full""}"
67.54,aisle_crossing,"{""aisle"": ""aisle1"", ""id"": ""c004"", ""line"": ""out"", ""dir"": ""out"", ""t"": 67.54, ""mode"": ""full""}"
67.54,clear_blocked_by_ledger,"{""aisle"": ""aisle1"", ""reason"": ""not_confirmed"", ""snapshot"": {""aisle"": ""aisle1"", ""in_n"": 4, ""out_n"": 4, ""open"": [], ""visible"": 0, ""clear"": false, ""feed_ok"": true}, ""visible"": 0, ""open"": [], ""mode"": ""full"", ""t"": 67.54}"
68.04,clear_blocked_by_ledger,"{""aisle"": ""aisle2"", ""reason"": ""ledger_open"", ""snapshot"": {""aisle"": ""aisle2"", ""in_n"": 4, ""out_n"": 1, ""open"": [""c006"", ""c007"", ""c008""], ""visible"": 1, ""clear"": false, ""feed_ok"": true}, ""visible"": 1, ""open"": [""c006"", ""c007"", ""c008""], ""mode"": ""full"", ""t"": 68.04}"
68.04,clear_blocked_by_ledger,"{""aisle"": ""aisle3"", ""reason"": ""ledger_open"", ""snapshot"": {""aisle"": ""aisle3"", ""in_n"": 5, ""out_n"": 3, ""open"": [""c011"", ""c012""], ""visible"": 0, ""clear"": false, ""feed_ok"": true}, ""visible"": 0, ""open"": [""c011"", ""c012""], ""mode"": ""full"", ""t"": 68.04}"
68.54,ledger_snapshot,"{""t"": 68.54, ""aisles"": [{""aisle"": ""aisle1"", ""in_n"": 4, ""out_n"": 4, ""open"": [], ""visible"": 0, ""clear"": false, ""feed_ok"": true}, {""aisle"": ""aisle2"", ""in_n"": 4, ""out_n"": 1, ""open"": [""c006"", ""c007"", ""c008""], ""visible"": 1, ""clear"": false, ""feed_ok"": true}, {""aisle"": ""aisle3"", ""in_n"": 5, ""out_n"": 3, ""open"": [""c011"", ""c012""], ""visible"": 0, ""clear"": false, ""feed_ok"": true}]}"
70.45,aisle_crossing,"{""aisle"": ""aisle3"", ""id"": ""c012"", ""line"": ""out"", ""dir"": ""out"", ""t"": 70.45, ""mode"": ""full""}"
70.65,ledger_snapshot,"{""t"": 70.65, ""aisles"": [{""aisle"": ""aisle1"", ""in_n"": 4, ""out_n"": 4, ""open"": [], ""visible"": 0, ""clear"": false, ""feed_ok"": true}, {""aisle"": ""aisle2"", ""in_n"": 4, ""out_n"": 1, ""open"": [""c006"", ""c007"", ""c008""], ""visible"": 1, ""clear"": false, ""feed_ok"": true}, {""aisle"": ""aisle3"", ""in_n"": 5, ""out_n"": 4, ""open"": [""c011""], ""visible"": 0, ""clear"": false, ""feed_ok"": true}]}"
70.75,aisle_crossing,"{""aisle"": ""aisle3"", ""id"": ""c012"", ""line"": ""out"", ""dir"": ""in"", ""t"": 70.75, ""mode"": ""full""}"
70.94,aisle_crossing,"{""aisle"": ""aisle3"", ""id"": ""c012"", ""line"": ""out"", ""dir"": ""out"", ""t"": 70.94, ""mode"": ""full""}"
72.34,aisle_crossing,"{""aisle"": ""aisle2"", ""id"": ""c008"", ""line"": ""out"", ""dir"": ""out"", ""t"": 72.34, ""mode"": ""full""}"
72.55,clear_blocked_by_ledger,"{""aisle"": ""aisle1"", ""reason"": ""approach"", ""snapshot"": {""aisle"": ""aisle1"", ""in_n"": 4, ""out_n"": 4, ""open"": [], ""visible"": 0, ""clear"": true, ""feed_ok"": true, ""blocker"": ""c001"", ""why"": ""at_mouth""}, ""visible"": 0, ""open"": [], ""mode"": ""full"", ""t"": 72.55}"
72.75,ledger_snapshot,"{""t"": 72.75, ""aisles"": [{""aisle"": ""aisle1"", ""in_n"": 4, ""out_n"": 4, ""open"": [], ""visible"": 0, ""clear"": true, ""feed_ok"": true}, {""aisle"": ""aisle2"", ""in_n"": 4, ""out_n"": 2, ""open"": [""c006"", ""c007""], ""visible"": 0, ""clear"": false, ""feed_ok"": true}, {""aisle"": ""aisle3"", ""in_n"": 6, ""out_n"": 5, ""open"": [""c011""], ""visible"": 0, ""clear"": false, ""feed_ok"": true}]}"
73.15,clear_blocked_by_ledger,"{""aisle"": ""aisle2"", ""reason"": ""ledger_open"", ""snapshot"": {""aisle"": ""aisle2"", ""in_n"": 4, ""out_n"": 2, ""open"": [""c006"", ""c007""], ""visible"": 0, ""clear"": false, ""feed_ok"": true}, ""visible"": 0, ""open"": [""c006"", ""c007""], ""mode"": ""full"", ""t"": 73.15}"
73.15,clear_blocked_by_ledger,"{""aisle"": ""aisle3"", ""reason"": ""ledger_open"", ""snapshot"": {""aisle"": ""aisle3"", ""in_n"": 6, ""out_n"": 5, ""open"": [""c011""], ""visible"": 0, ""clear"": false, ""feed_ok"": true}, ""visible"": 0, ""open"": [""c011""], ""mode"": ""full"", ""t"": 73.15}"
74.75,ledger_snapshot,"{""t"": 74.75, ""aisles"": [{""aisle"": ""aisle1"", ""in_n"": 4, ""out_n"": 4, ""open"": [], ""visible"": 0, ""clear"": true, ""feed_ok"": true}, {""aisle"": ""aisle2"", ""in_n"": 4, ""out_n"": 2, ""open"": [""c006"", ""c007""], ""visible"": 0, ""clear"": false, ""feed_ok"": true}, {""aisle"": ""aisle3"", ""in_n"": 6, ""out_n"": 5, ""open"": [""c011""], ""visible"": 1, ""clear"": false, ""feed_ok"": true}]}"
76.84,ledger_snapshot,"{""t"": 76.84, ""aisles"": [{""aisle"": ""aisle1"", ""in_n"": 4, ""out_n"": 4, ""open"": [], ""visible"": 0, ""clear"": true, ""feed_ok"": true}, {""aisle"": ""aisle2"", ""in_n"": 4, ""out_n"": 2, ""open"": [""c006"", ""c007""], ""visible"": 1, ""clear"": false, ""feed_ok"": true}, {""aisle"": ""aisle3"", ""in_n"": 6, ""out_n"": 5, ""open"": [""c011""], ""visible"": 1, ""clear"": false, ""feed_ok"": true}]}"
77.67,clear_blocked_by_ledger,"{""aisle"": ""aisle1"", ""reason"": ""approach"", ""snapshot"": {""aisle"": ""aisle1"", ""in_n"": 4, ""out_n"": 4, ""open"": [], ""visible"": 0, ""clear"": true, ""feed_ok"": true, ""blocker"": ""c001"", ""why"": ""at_mouth""}, ""visible"": 0, ""open"": [], ""mode"": ""full"", ""t"": 77.67}"
78.24,clear_blocked_by_ledger,"{""aisle"": ""aisle2"", ""reason"": ""ledger_open"", ""snapshot"": {""aisle"": ""aisle2"", ""in_n"": 4, ""out_n"": 2, ""open"": [""c006"", ""c007""], ""visible"": 1, ""clear"": false, ""feed_ok"": true}, ""visible"": 1, ""open"": [""c006"", ""c007""], ""mode"": ""full"", ""t"": 78.24}"
78.24,clear_blocked_by_ledger,"{""aisle"": ""aisle3"", ""reason"": ""ledger_open"", ""snapshot"": {""aisle"": ""aisle3"", ""in_n"": 6, ""out_n"": 5, ""open"": [""c011""], ""visible"": 1, ""clear"": false, ""feed_ok"": true}, ""visible"": 1, ""open"": [""c011""], ""mode"": ""full"", ""t"": 78.24}"
78.85,ledger_snapshot,"{""t"": 78.85, ""aisles"": [{""aisle"": ""aisle1"", ""in_n"": 4, ""out_n"": 4, ""open"": [], ""visible"": 0, ""clear"": true, ""feed_ok"": true}, {""aisle"": ""aisle2"", ""in_n"": 4, ""out_n"": 2, ""open"": [""c006"", ""c007""], ""visible"": 1, ""clear"": false, ""feed_ok"": true}, {""aisle"": ""aisle3"", ""in_n"": 6, ""out_n"": 5, ""open"": [""c011""], ""visible"": 1, ""clear"": false, ""feed_ok"": true}]}"
80.94,ledger_snapshot,"{""t"": 80.94, ""aisles"": [{""aisle"": ""aisle1"", ""in_n"": 4, ""out_n"": 4, ""open"": [], ""visible"": 0, ""clear"": true, ""feed_ok"": true}, {""aisle"": ""aisle2"", ""in_n"": 4, ""out_n"": 2, ""open"": [""c006"", ""c007""], ""visible"": 1, ""clear"": false, ""feed_ok"": true}, {""aisle"": ""aisle3"", ""in_n"": 6, ""out_n"": 5, ""open"": [""c011""], ""visible"": 1, ""clear"": false, ""feed_ok"": true}]}"
81.44,ledger_clear,"{""aisle"": ""aisle1"", ""snapshot"": {""aisle"": ""aisle1"", ""in_n"": 4, ""out_n"": 4, ""open"": [], ""visible"": 0, ""clear"": true, ""feed_ok"": true}, ""mode"": ""full"", ""t"": 81.44}"
83.04,ledger_snapshot,"{""t"": 83.04, ""aisles"": [{""aisle"": ""aisle1"", ""in_n"": 4, ""out_n"": 4, ""open"": [], ""visible"": 0, ""clear"": true, ""feed_ok"": true}, {""aisle"": ""aisle2"", ""in_n"": 4, ""out_n"": 2, ""open"": [""c006"", ""c007""], ""visible"": 1, ""clear"": false, ""feed_ok"": true}, {""aisle"": ""aisle3"", ""in_n"": 6, ""out_n"": 5, ""open"": [""c011""], ""visible"": 1, ""clear"": false, ""feed_ok"": true}]}"
83.14,ledger_reconciled,"{""aisle"": ""aisle2"", ""id"": ""c007"", ""t"": 83.14, ""reason"": ""seen_outside""}"
83.25,clear_blocked_by_ledger,"{""aisle"": ""aisle2"", ""reason"": ""ledger_open"", ""snapshot"": {""aisle"": ""aisle2"", ""in_n"": 4, ""out_n"": 3, ""open"": [""c006""], ""visible"": 0, ""clear"": false, ""feed_ok"": true}, ""visible"": 0, ""open"": [""c006""], ""mode"": ""full"", ""t"": 83.25}"
83.25,clear_blocked_by_ledger,"{""aisle"": ""aisle3"", ""reason"": ""ledger_open"", ""snapshot"": {""aisle"": ""aisle3"", ""in_n"": 6, ""out_n"": 5, ""open"": [""c011""], ""visible"": 1, ""clear"": false, ""feed_ok"": true}, ""visible"": 1, ""open"": [""c011""], ""mode"": ""full"", ""t"": 83.25}"
83.45,phase,"{""from"": ""wait_clear"", ""to"": ""scanning""}"
83.45,aisle_enter,"{""aisle"": ""aisle1"", ""from"": ""front"", ""reason"": ""clear"", ""mode"": ""full"", ""t"": 83.45}"
83.45,goal,"{""x"": 20.0, ""y"": 2.8, ""yaw"": -1.563, ""seq"": 2}"
83.55,ledger_clear,"{""aisle"": ""aisle1"", ""snapshot"": {""aisle"": ""aisle1"", ""in_n"": 4, ""out_n"": 4, ""open"": [], ""visible"": 0, ""clear"": true, ""feed_ok"": true}, ""mode"": ""full"", ""t"": 83.55}"
85.05,ledger_snapshot,"{""t"": 85.05, ""aisles"": [{""aisle"": ""aisle1"", ""in_n"": 4, ""out_n"": 4, ""open"": [], ""visible"": 0, ""clear"": true, ""feed_ok"": true}, {""aisle"": ""aisle2"", ""in_n"": 4, ""out_n"": 3, ""open"": [""c006""], ""visible"": 0, ""clear"": false, ""feed_ok"": true}, {""aisle"": ""aisle3"", ""in_n"": 6, ""out_n"": 5, ""open"": [""c011""], ""visible"": 1, ""clear"": false, ""feed_ok"": true}]}"
87.14,ledger_snapshot,"{""t"": 87.14, ""aisles"": [{""aisle"": ""aisle1"", ""in_n"": 4, ""out_n"": 4, ""open"": [], ""visible"": 0, ""clear"": true, ""feed_ok"": true}, {""aisle"": ""aisle2"", ""in_n"": 4, ""out_n"": 3, ""open"": [""c006""], ""visible"": 0, ""clear"": false, ""feed_ok"": true}, {""aisle"": ""aisle3"", ""in_n"": 6, ""out_n"": 5, ""open"": [""c011""], ""visible"": 1, ""clear"": false, ""feed_ok"": true}]}"
87.85,aisle_crossing,"{""aisle"": ""aisle2"", ""id"": ""c001"", ""line"": ""out"", ""dir"": ""in"", ""t"": 87.85, ""mode"": ""full""}"
88.35,clear_blocked_by_ledger,"{""aisle"": ""aisle2"", ""reason"": ""ledger_open"", ""snapshot"": {""aisle"": ""aisle2"", ""in_n"": 5, ""out_n"": 3, ""open"": [""c001"", ""c006""], ""visible"": 1, ""clear"": false, ""feed_ok"": true}, ""visible"": 1, ""open"": [""c001"", ""c006""], ""mode"": ""full"", ""t"": 88.35}"
88.35,clear_blocked_by_ledger,"{""aisle"": ""aisle3"", ""reason"": ""ledger_open"", ""snapshot"": {""aisle"": ""aisle3"", ""in_n"": 6, ""out_n"": 5, ""open"": [""c011""], ""visible"": 1, ""clear"": false, ""feed_ok"": true}, ""visible"": 1, ""open"": [""c011""], ""mode"": ""full"", ""t"": 88.35}"
89.25,ledger_snapshot,"{""t"": 89.25, ""aisles"": [{""aisle"": ""aisle1"", ""in_n"": 4, ""out_n"": 4, ""open"": [], ""visible"": 0, ""clear"": true, ""feed_ok"": true}, {""aisle"": ""aisle2"", ""in_n"": 5, ""out_n"": 3, ""open"": [""c001"", ""c006""], ""visible"": 1, ""clear"": false, ""feed_ok"": true}, {""aisle"": ""aisle3"", ""in_n"": 6, ""out_n"": 5, ""open"": [""c011""], ""visible"": 1, ""clear"": false, ""feed_ok"": true}]}"
89.84,aisle_crossing,"{""aisle"": ""aisle3"", ""id"": ""c005"", ""line"": ""out"", ""dir"": ""in"", ""t"": 89.84, ""mode"": ""full""}"
91.04,aisle_crossing,"{""aisle"": ""aisle3"", ""id"": ""c011"", ""line"": ""out"", ""dir"": ""out"", ""t"": 91.04, ""mode"": ""full""}"
91.34,ledger_snapshot,"{""t"": 91.34, ""aisles"": [{""aisle"": ""aisle1"", ""in_n"": 4, ""out_n"": 4, ""open"": [], ""visible"": 0, ""clear"": true, ""feed_ok"": true}, {""aisle"": ""aisle2"", ""in_n"": 5, ""out_n"": 3, ""open"": [""c001"", ""c006""], ""visible"": 0, ""clear"": false, ""feed_ok"": true}, {""aisle"": ""aisle3"", ""in_n"": 7, ""out_n"": 6, ""open"": [""c005""], ""visible"": 1, ""clear"": false, ""feed_ok"": true}]}"
91.65,aisle_crossing,"{""aisle"": ""aisle2"", ""id"": ""c004"", ""line"": ""out"", ""dir"": ""in"", ""t"": 91.65, ""mode"": ""full""}"
93.35,ledger_snapshot,"{""t"": 93.35, ""aisles"": [{""aisle"": ""aisle1"", ""in_n"": 4, ""out_n"": 4, ""open"": [], ""visible"": 0, ""clear"": true, ""feed_ok"": true}, {""aisle"": ""aisle2"", ""in_n"": 6, ""out_n"": 3, ""open"": [""c001"", ""c004"", ""c006""], ""visible"": 1, ""clear"": false, ""feed_ok"": true}, {""aisle"": ""aisle3"", ""in_n"": 7, ""out_n"": 6, ""open"": [""c005""], ""visible"": 0, ""clear"": false, ""feed_ok"": true}]}"
93.45,clear_blocked_by_ledger,"{""aisle"": ""aisle2"", ""reason"": ""ledger_open"", ""snapshot"": {""aisle"": ""aisle2"", ""in_n"": 6, ""out_n"": 3, ""open"": [""c001"", ""c004"", ""c006""], ""visible"": 1, ""clear"": false, ""feed_ok"": true}, ""visible"": 1, ""open"": [""c001"", ""c004"", ""c006""], ""mode"": ""full"", ""t"": 93.45}"
93.45,clear_blocked_by_ledger,"{""aisle"": ""aisle3"", ""reason"": ""ledger_open"", ""snapshot"": {""aisle"": ""aisle3"", ""in_n"": 7, ""out_n"": 6, ""open"": [""c005""], ""visible"": 0, ""clear"": false, ""feed_ok"": true}, ""visible"": 0, ""open"": [""c005""], ""mode"": ""full"", ""t"": 93.45}"
95.44,ledger_snapshot,"{""t"": 95.44, ""aisles"": [{""aisle"": ""aisle1"", ""in_n"": 4, ""out_n"": 4, ""open"": [], ""visible"": 0, ""clear"": true, ""feed_ok"": true}, {""aisle"": ""aisle2"", ""in_n"": 6, ""out_n"": 3, ""open"": [""c001"", ""c004"", ""c006""], ""visible"": 0, ""clear"": false, ""feed_ok"": true}, {""aisle"": ""aisle3"", ""in_n"": 7, ""out_n"": 6, ""open"": [""c005""], ""visible"": 0, ""clear"": false, ""feed_ok"": true}]}"
97.45,ledger_snapshot,"{""t"": 97.45, ""aisles"": [{""aisle"": ""aisle1"", ""in_n"": 4, ""out_n"": 4, ""open"": [], ""visible"": 0, ""clear"": true, ""feed_ok"": true}, {""aisle"": ""aisle2"", ""in_n"": 6, ""out_n"": 3, ""open"": [""c001"", ""c004"", ""c006""], ""visible"": 0, ""clear"": false, ""feed_ok"": true}, {""aisle"": ""aisle3"", ""in_n"": 7, ""out_n"": 6, ""open"": [""c005""], ""visible"": 0, ""clear"": false, ""feed_ok"": true}]}"
98.55,clear_blocked_by_ledger,"{""aisle"": ""aisle2"", ""reason"": ""ledger_open"", ""snapshot"": {""aisle"": ""aisle2"", ""in_n"": 6, ""out_n"": 3, ""open"": [""c001"", ""c004"", ""c006""], ""visible"": 0, ""clear"": false, ""feed_ok"": true}, ""visible"": 0, ""open"": [""c001"", ""c004"", ""c006""], ""mode"": ""full"", ""t"": 98.55}"
98.55,clear_blocked_by_ledger,"{""aisle"": ""aisle3"", ""reason"": ""ledger_open"", ""snapshot"": {""aisle"": ""aisle3"", ""in_n"": 7, ""out_n"": 6, ""open"": [""c005""], ""visible"": 0, ""clear"": false, ""feed_ok"": true}, ""visible"": 0, ""open"": [""c005""], ""mode"": ""full"", ""t"": 98.55}"
99.55,ledger_snapshot,"{""t"": 99.55, ""aisles"": [{""aisle"": ""aisle1"", ""in_n"": 4, ""out_n"": 4, ""open"": [], ""visible"": 0, ""clear"": true, ""feed_ok"": true}, {""aisle"": ""aisle2"", ""in_n"": 6, ""out_n"": 3, ""open"": [""c001"", ""c004"", ""c006""], ""visible"": 0, ""clear"": false, ""feed_ok"": true}, {""aisle"": ""aisle3"", ""in_n"": 7, ""out_n"": 6, ""open"": [""c005""], ""visible"": 0, ""clear"": false, ""feed_ok"": true}]}"
101.65,ledger_snapshot,"{""t"": 101.65, ""aisles"": [{""aisle"": ""aisle1"", ""in_n"": 4, ""out_n"": 4, ""open"": [], ""visible"": 0, ""clear"": true, ""feed_ok"": true}, {""aisle"": ""aisle2"", ""in_n"": 6, ""out_n"": 3, ""open"": [""c001"", ""c004"", ""c006""], ""visible"": 0, ""clear"": false, ""feed_ok"": true}, {""aisle"": ""aisle3"", ""in_n"": 7, ""out_n"": 6, ""open"": [""c005""], ""visible"": 0, ""clear"": false, ""feed_ok"": true}]}"
103.65,ledger_snapshot,"{""t"": 103.65, ""aisles"": [{""aisle"": ""aisle1"", ""in_n"": 4, ""out_n"": 4, ""open"": [], ""visible"": 0, ""clear"": true, ""feed_ok"": true}, {""aisle"": ""aisle2"", ""in_n"": 6, ""out_n"": 3, ""open"": [""c001"", ""c004"", ""c006""], ""visible"": 0, ""clear"": false, ""feed_ok"": true}, {""aisle"": ""aisle3"", ""in_n"": 7, ""out_n"": 6, ""open"": [""c005""], ""visible"": 0, ""clear"": false, ""feed_ok"": true}]}"
103.65,clear_blocked_by_ledger,"{""aisle"": ""aisle2"", ""reason"": ""ledger_open"", ""snapshot"": {""aisle"": ""aisle2"", ""in_n"": 6, ""out_n"": 3, ""open"": [""c001"", ""c004"", ""c006""], ""visible"": 0, ""clear"": false, ""feed_ok"": true}, ""visible"": 0, ""open"": [""c001"", ""c004"", ""c006""], ""mode"": ""full"", ""t"": 103.65}"
103.65,clear_blocked_by_ledger,"{""aisle"": ""aisle3"", ""reason"": ""ledger_open"", ""snapshot"": {""aisle"": ""aisle3"", ""in_n"": 7, ""out_n"": 6, ""open"": [""c005""], ""visible"": 0, ""clear"": false, ""feed_ok"": true}, ""visible"": 0, ""open"": [""c005""], ""mode"": ""full"", ""t"": 103.65}"
105.05,aisle_scanned,"{""aisle"": ""aisle1"", ""n"": 1, ""mode"": ""full"", ""t"": 105.05, ""dur"": 21.6}"
105.05,l5_reorder,"{""picked"": ""aisle3"", ""natural"": ""aisle2"", ""n"": 1, ""mode"": ""full"", ""t"": 105.05, ""ranking"": [{""aisle"": ""aisle3"", ""open"": 1, ""visible"": 0}, {""aisle"": ""aisle2"", ""open"": 3, ""visible"": 0}]}"
105.05,dispatch,"{""aisle"": ""aisle3"", ""first"": false, ""order"": [""aisle3"", ""aisle2""], ""mode"": ""full"", ""t"": 105.05}"
105.05,phase,"{""from"": ""scanning"", ""to"": ""to_standby""}"
105.05,goal,"{""x"": 38.0, ""y"": 2.8, ""yaw"": -0.041, ""seq"": 3}"
105.65,ledger_snapshot,"{""t"": 105.65, ""aisles"": [{""aisle"": ""aisle1"", ""in_n"": 4, ""out_n"": 4, ""open"": [], ""visible"": 0, ""clear"": true, ""feed_ok"": true}, {""aisle"": ""aisle2"", ""in_n"": 6, ""out_n"": 3, ""open"": [""c001"", ""c004"", ""c006""], ""visible"": 0, ""clear"": false, ""feed_ok"": true}, {""aisle"": ""aisle3"", ""in_n"": 7, ""out_n"": 6, ""open"": [""c005""], ""visible"": 0, ""clear"": false, ""feed_ok"": true}]}"
107.54,aisle_crossing,"{""aisle"": ""aisle3"", ""id"": ""c005"", ""line"": ""out"", ""dir"": ""out"", ""t"": 107.54, ""mode"": ""full""}"
107.54,clear_blocked_by_ledger,"{""aisle"": ""aisle3"", ""reason"": ""not_confirmed"", ""snapshot"": {""aisle"": ""aisle3"", ""in_n"": 7, ""out_n"": 7, ""open"": [], ""visible"": 0, ""clear"": false, ""feed_ok"": true}, ""visible"": 0, ""open"": [], ""mode"": ""full"", ""t"": 107.54}"
107.75,ledger_snapshot,"{""t"": 107.75, ""aisles"": [{""aisle"": ""aisle1"", ""in_n"": 4, ""out_n"": 4, ""open"": [], ""visible"": 0, ""clear"": true, ""feed_ok"": true}, {""aisle"": ""aisle2"", ""in_n"": 6, ""out_n"": 3, ""open"": [""c001"", ""c004"", ""c006""], ""visible"": 0, ""clear"": false, ""feed_ok"": true}, {""aisle"": ""aisle3"", ""in_n"": 7, ""out_n"": 7, ""open"": [], ""visible"": 0, ""clear"": false, ""feed_ok"": true}]}"
108.65,clear_blocked_by_ledger,"{""aisle"": ""aisle2"", ""reason"": ""ledger_open"", ""snapshot"": {""aisle"": ""aisle2"", ""in_n"": 6, ""out_n"": 3, ""open"": [""c001"", ""c004"", ""c006""], ""visible"": 0, ""clear"": false, ""feed_ok"": true}, ""visible"": 0, ""open"": [""c001"", ""c004"", ""c006""], ""mode"": ""full"", ""t"": 108.65}"
109.84,ledger_snapshot,"{""t"": 109.84, ""aisles"": [{""aisle"": ""aisle1"", ""in_n"": 4, ""out_n"": 4, ""open"": [], ""visible"": 0, ""clear"": true, ""feed_ok"": true}, {""aisle"": ""aisle2"", ""in_n"": 6, ""out_n"": 3, ""open"": [""c001"", ""c004"", ""c006""], ""visible"": 0, ""clear"": false, ""feed_ok"": true}, {""aisle"": ""aisle3"", ""in_n"": 7, ""out_n"": 7, ""open"": [], ""visible"": 0, ""clear"": false, ""feed_ok"": true}]}"
111.85,ledger_snapshot,"{""t"": 111.85, ""aisles"": [{""aisle"": ""aisle1"", ""in_n"": 4, ""out_n"": 4, ""open"": [], ""visible"": 0, ""clear"": true, ""feed_ok"": true}, {""aisle"": ""aisle2"", ""in_n"": 6, ""out_n"": 3, ""open"": [""c001"", ""c004"", ""c006""], ""visible"": 0, ""clear"": false, ""feed_ok"": true}, {""aisle"": ""aisle3"", ""in_n"": 7, ""out_n"": 7, ""open"": [], ""visible"": 0, ""clear"": false, ""feed_ok"": true}]}"
112.65,clear_blocked_by_ledger,"{""aisle"": ""aisle3"", ""reason"": ""approach"", ""snapshot"": {""aisle"": ""aisle3"", ""in_n"": 7, ""out_n"": 7, ""open"": [], ""visible"": 0, ""clear"": true, ""feed_ok"": true, ""blocker"": ""c005"", ""why"": ""at_mouth""}, ""visible"": 0, ""open"": [], ""mode"": ""full"", ""t"": 112.65}"
113.65,clear_blocked_by_ledger,"{""aisle"": ""aisle2"", ""reason"": ""ledger_open"", ""snapshot"": {""aisle"": ""aisle2"", ""in_n"": 6, ""out_n"": 3, ""open"": [""c001"", ""c004"", ""c006""], ""visible"": 1, ""clear"": false, ""feed_ok"": true}, ""visible"": 1, ""open"": [""c001"", ""c004"", ""c006""], ""mode"": ""full"", ""t"": 113.65}"
113.94,ledger_snapshot,"{""t"": 113.94, ""aisles"": [{""aisle"": ""aisle1"", ""in_n"": 4, ""out_n"": 4, ""open"": [], ""visible"": 0, ""clear"": true, ""feed_ok"": true}, {""aisle"": ""aisle2"", ""in_n"": 6, ""out_n"": 3, ""open"": [""c001"", ""c004"", ""c006""], ""visible"": 1, ""clear"": false, ""feed_ok"": true}, {""aisle"": ""aisle3"", ""in_n"": 7, ""out_n"": 7, ""open"": [], ""visible"": 0, ""clear"": true, ""feed_ok"": true}]}"
115.25,aisle_crossing,"{""aisle"": ""aisle2"", ""id"": ""c004"", ""line"": ""out"", ""dir"": ""out"", ""t"": 115.25, ""mode"": ""full""}"
115.95,ledger_snapshot,"{""t"": 115.95, ""aisles"": [{""aisle"": ""aisle1"", ""in_n"": 4, ""out_n"": 4, ""open"": [], ""visible"": 0, ""clear"": true, ""feed_ok"": true}, {""aisle"": ""aisle2"", ""in_n"": 6, ""out_n"": 4, ""open"": [""c001"", ""c006""], ""visible"": 0, ""clear"": false, ""feed_ok"": true}, {""aisle"": ""aisle3"", ""in_n"": 7, ""out_n"": 7, ""open"": [], ""visible"": 0, ""clear"": true, ""feed_ok"": true}]}"
117.74,clear_blocked_by_ledger,"{""aisle"": ""aisle3"", ""reason"": ""approach"", ""snapshot"": {""aisle"": ""aisle3"", ""in_n"": 7, ""out_n"": 7, ""open"": [], ""visible"": 0, ""clear"": true, ""feed_ok"": true, ""blocker"": ""c004"", ""why"": ""approaching""}, ""visible"": 0, ""open"": [], ""mode"": ""full"", ""t"": 117.74}"
117.95,ledger_snapshot,"{""t"": 117.95, ""aisles"": [{""aisle"": ""aisle1"", ""in_n"": 4, ""out_n"": 4, ""open"": [], ""visible"": 0, ""clear"": true, ""feed_ok"": true}, {""aisle"": ""aisle2"", ""in_n"": 6, ""out_n"": 4, ""open"": [""c001"", ""c006""], ""visible"": 0, ""clear"": false, ""feed_ok"": true}, {""aisle"": ""aisle3"", ""in_n"": 7, ""out_n"": 7, ""open"": [], ""visible"": 0, ""clear"": true, ""feed_ok"": true}]}"
118.75,clear_blocked_by_ledger,"{""aisle"": ""aisle2"", ""reason"": ""ledger_open"", ""snapshot"": {""aisle"": ""aisle2"", ""in_n"": 6, ""out_n"": 4, ""open"": [""c001"", ""c006""], ""visible"": 0, ""clear"": false, ""feed_ok"": true}, ""visible"": 0, ""open"": [""c001"", ""c006""], ""mode"": ""full"", ""t"": 118.75}"
120.05,ledger_snapshot,"{""t"": 120.05, ""aisles"": [{""aisle"": ""aisle1"", ""in_n"": 4, ""out_n"": 4, ""open"": [], ""visible"": 0, ""clear"": true, ""feed_ok"": true}, {""aisle"": ""aisle2"", ""in_n"": 6, ""out_n"": 4, ""open"": [""c001"", ""c006""], ""visible"": 0, ""clear"": false, ""feed_ok"": true}, {""aisle"": ""aisle3"", ""in_n"": 7, ""out_n"": 7, ""open"": [], ""visible"": 0, ""clear"": true, ""feed_ok"": true}]}"
121.35,phase,"{""from"": ""to_standby"", ""to"": ""wait_clear""}"
121.35,at_standby,"{""aisle"": ""aisle3"", ""end"": ""back"", ""mode"": ""full"", ""t"": 121.35}"
122.05,ledger_snapshot,"{""t"": 122.05, ""aisles"": [{""aisle"": ""aisle1"", ""in_n"": 4, ""out_n"": 4, ""open"": [], ""visible"": 0, ""clear"": true, ""feed_ok"": true}, {""aisle"": ""aisle2"", ""in_n"": 6, ""out_n"": 4, ""open"": [""c001"", ""c006""], ""visible"": 0, ""clear"": false, ""feed_ok"": true}, {""aisle"": ""aisle3"", ""in_n"": 7, ""out_n"": 7, ""open"": [], ""visible"": 0, ""clear"": true, ""feed_ok"": true}]}"
122.75,clear_blocked_by_ledger,"{""aisle"": ""aisle3"", ""reason"": ""approach"", ""snapshot"": {""aisle"": ""aisle3"", ""in_n"": 7, ""out_n"": 7, ""open"": [], ""visible"": 0, ""clear"": true, ""feed_ok"": true, ""blocker"": ""c004"", ""why"": ""approaching""}, ""visible"": 0, ""open"": [], ""mode"": ""full"", ""t"": 122.75}"
123.04,goal_done,"{""seq"": 3, ""status"": 4}"
123.85,clear_blocked_by_ledger,"{""aisle"": ""aisle2"", ""reason"": ""ledger_open"", ""snapshot"": {""aisle"": ""aisle2"", ""in_n"": 6, ""out_n"": 4, ""open"": [""c001"", ""c006""], ""visible"": 0, ""clear"": false, ""feed_ok"": true}, ""visible"": 0, ""open"": [""c001"", ""c006""], ""mode"": ""full"", ""t"": 123.85}"
124.14,ledger_snapshot,"{""t"": 124.14, ""aisles"": [{""aisle"": ""aisle1"", ""in_n"": 4, ""out_n"": 4, ""open"": [], ""visible"": 0, ""clear"": true, ""feed_ok"": true}, {""aisle"": ""aisle2"", ""in_n"": 6, ""out_n"": 4, ""open"": [""c001"", ""c006""], ""visible"": 0, ""clear"": false, ""feed_ok"": true}, {""aisle"": ""aisle3"", ""in_n"": 7, ""out_n"": 7, ""open"": [], ""visible"": 0, ""clear"": true, ""feed_ok"": true}]}"
126.15,ledger_snapshot,"{""t"": 126.15, ""aisles"": [{""aisle"": ""aisle1"", ""in_n"": 4, ""out_n"": 4, ""open"": [], ""visible"": 0, ""clear"": true, ""feed_ok"": true}, {""aisle"": ""aisle2"", ""in_n"": 6, ""out_n"": 4, ""open"": [""c001"", ""c006""], ""visible"": 0, ""clear"": false, ""feed_ok"": true}, {""aisle"": ""aisle3"", ""in_n"": 7, ""out_n"": 7, ""open"": [], ""visible"": 0, ""clear"": true, ""feed_ok"": true}]}"
127.85,clear_blocked_by_ledger,"{""aisle"": ""aisle3"", ""reason"": ""approach"", ""snapshot"": {""aisle"": ""aisle3"", ""in_n"": 7, ""out_n"": 7, ""open"": [], ""visible"": 0, ""clear"": true, ""feed_ok"": true, ""blocker"": ""c004"", ""why"": ""at_mouth""}, ""visible"": 0, ""open"": [], ""mode"": ""full"", ""t"": 127.85}"
128.24,ledger_snapshot,"{""t"": 128.24, ""aisles"": [{""aisle"": ""aisle1"", ""in_n"": 4, ""out_n"": 4, ""open"": [], ""visible"": 0, ""clear"": true, ""feed_ok"": true}, {""aisle"": ""aisle2"", ""in_n"": 6, ""out_n"": 4, ""open"": [""c001"", ""c006""], ""visible"": 0, ""clear"": false, ""feed_ok"": true}, {""aisle"": ""aisle3"", ""in_n"": 7, ""out_n"": 7, ""open"": [], ""visible"": 0, ""clear"": true, ""feed_ok"": true}]}"
128.94,clear_blocked_by_ledger,"{""aisle"": ""aisle2"", ""reason"": ""ledger_open"", ""snapshot"": {""aisle"": ""aisle2"", ""in_n"": 6, ""out_n"": 4, ""open"": [""c001"", ""c006""], ""visible"": 0, ""clear"": false, ""feed_ok"": true}, ""visible"": 0, ""open"": [""c001"", ""c006""], ""mode"": ""full"", ""t"": 128.94}"
130.24,ledger_snapshot,"{""t"": 130.24, ""aisles"": [{""aisle"": ""aisle1"", ""in_n"": 4, ""out_n"": 4, ""open"": [], ""visible"": 0, ""clear"": true, ""feed_ok"": true}, {""aisle"": ""aisle2"", ""in_n"": 6, ""out_n"": 4, ""open"": [""c001"", ""c006""], ""visible"": 0, ""clear"": false, ""feed_ok"": true}, {""aisle"": ""aisle3"", ""in_n"": 7, ""out_n"": 7, ""open"": [], ""visible"": 0, ""clear"": true, ""feed_ok"": true}]}"
132.34,ledger_snapshot,"{""t"": 132.34, ""aisles"": [{""aisle"": ""aisle1"", ""in_n"": 4, ""out_n"": 4, ""open"": [], ""visible"": 0, ""clear"": true, ""feed_ok"": true}, {""aisle"": ""aisle2"", ""in_n"": 6, ""out_n"": 4, ""open"": [""c001"", ""c006""], ""visible"": 0, ""clear"": false, ""feed_ok"": true}, {""aisle"": ""aisle3"", ""in_n"": 7, ""out_n"": 7, ""open"": [], ""visible"": 0, ""clear"": true, ""feed_ok"": true}]}"
132.94,clear_blocked_by_ledger,"{""aisle"": ""aisle3"", ""reason"": ""approach"", ""snapshot"": {""aisle"": ""aisle3"", ""in_n"": 7, ""out_n"": 7, ""open"": [], ""visible"": 0, ""clear"": true, ""feed_ok"": true, ""blocker"": ""c004"", ""why"": ""at_mouth""}, ""visible"": 0, ""open"": [], ""mode"": ""full"", ""t"": 132.94}"
133.95,clear_blocked_by_ledger,"{""aisle"": ""aisle2"", ""reason"": ""ledger_open"", ""snapshot"": {""aisle"": ""aisle2"", ""in_n"": 6, ""out_n"": 4, ""open"": [""c001"", ""c006""], ""visible"": 0, ""clear"": false, ""feed_ok"": true}, ""visible"": 0, ""open"": [""c001"", ""c006""], ""mode"": ""full"", ""t"": 133.95}"
134.44,ledger_snapshot,"{""t"": 134.44, ""aisles"": [{""aisle"": ""aisle1"", ""in_n"": 4, ""out_n"": 4, ""open"": [], ""visible"": 0, ""clear"": true, ""feed_ok"": true}, {""aisle"": ""aisle2"", ""in_n"": 6, ""out_n"": 4, ""open"": [""c001"", ""c006""], ""visible"": 1, ""clear"": false, ""feed_ok"": true}, {""aisle"": ""aisle3"", ""in_n"": 7, ""out_n"": 7, ""open"": [], ""visible"": 0, ""clear"": true, ""feed_ok"": true}]}"
136.44,ledger_snapshot,"{""t"": 136.44, ""aisles"": [{""aisle"": ""aisle1"", ""in_n"": 4, ""out_n"": 4, ""open"": [], ""visible"": 0, ""clear"": true, ""feed_ok"": true}, {""aisle"": ""aisle2"", ""in_n"": 6, ""out_n"": 4, ""open"": [""c001"", ""c006""], ""visible"": 1, ""clear"": false, ""feed_ok"": true}, {""aisle"": ""aisle3"", ""in_n"": 7, ""out_n"": 7, ""open"": [], ""visible"": 0, ""clear"": true, ""feed_ok"": true}]}"
137.64,aisle_crossing,"{""aisle"": ""aisle2"", ""id"": ""c001"", ""line"": ""out"", ""dir"": ""out"", ""t"": 137.64, ""mode"": ""full""}"
137.94,clear_blocked_by_ledger,"{""aisle"": ""aisle3"", ""reason"": ""approach"", ""snapshot"": {""aisle"": ""aisle3"", ""in_n"": 7, ""out_n"": 7, ""open"": [], ""visible"": 0, ""clear"": true, ""feed_ok"": true, ""blocker"": ""c001"", ""why"": ""approaching""}, ""visible"": 0, ""open"": [], ""mode"": ""full"", ""t"": 137.94}"
138.54,ledger_snapshot,"{""t"": 138.54, ""aisles"": [{""aisle"": ""aisle1"", ""in_n"": 4, ""out_n"": 4, ""open"": [], ""visible"": 0, ""clear"": true, ""feed_ok"": true}, {""aisle"": ""aisle2"", ""in_n"": 6, ""out_n"": 5, ""open"": [""c006""], ""visible"": 0, ""clear"": false, ""feed_ok"": true}, {""aisle"": ""aisle3"", ""in_n"": 7, ""out_n"": 7, ""open"": [], ""visible"": 0, ""clear"": true, ""feed_ok"": true}]}"
139.04,clear_blocked_by_ledger,"{""aisle"": ""aisle2"", ""reason"": ""ledger_open"", ""snapshot"": {""aisle"": ""aisle2"", ""in_n"": 6, ""out_n"": 5, ""open"": [""c006""], ""visible"": 0, ""clear"": false, ""feed_ok"": true}, ""visible"": 0, ""open"": [""c006""], ""mode"": ""full"", ""t"": 139.04}"
140.55,ledger_snapshot,"{""t"": 140.55, ""aisles"": [{""aisle"": ""aisle1"", ""in_n"": 4, ""out_n"": 4, ""open"": [], ""visible"": 0, ""clear"": true, ""feed_ok"": true}, {""aisle"": ""aisle2"", ""in_n"": 6, ""out_n"": 5, ""open"": [""c006""], ""visible"": 0, ""clear"": false, ""feed_ok"": true}, {""aisle"": ""aisle3"", ""in_n"": 7, ""out_n"": 7, ""open"": [], ""visible"": 0, ""clear"": true, ""feed_ok"": true}]}"
142.64,ledger_snapshot,"{""t"": 142.64, ""aisles"": [{""aisle"": ""aisle1"", ""in_n"": 4, ""out_n"": 4, ""open"": [], ""visible"": 0, ""clear"": true, ""feed_ok"": true}, {""aisle"": ""aisle2"", ""in_n"": 6, ""out_n"": 5, ""open"": [""c006""], ""visible"": 0, ""clear"": false, ""feed_ok"": true}, {""aisle"": ""aisle3"", ""in_n"": 7, ""out_n"": 7, ""open"": [], ""visible"": 0, ""clear"": true, ""feed_ok"": true}]}"
143.04,clear_blocked_by_ledger,"{""aisle"": ""aisle3"", ""reason"": ""approach"", ""snapshot"": {""aisle"": ""aisle3"", ""in_n"": 7, ""out_n"": 7, ""open"": [], ""visible"": 0, ""clear"": true, ""feed_ok"": true, ""blocker"": ""c004"", ""why"": ""at_mouth""}, ""visible"": 0, ""open"": [], ""mode"": ""full"", ""t"": 143.04}"
144.04,ledger_clear,"{""aisle"": ""aisle3"", ""snapshot"": {""aisle"": ""aisle3"", ""in_n"": 7, ""out_n"": 7, ""open"": [], ""visible"": 0, ""clear"": true, ""feed_ok"": true}, ""mode"": ""full"", ""t"": 144.04}"
144.15,clear_blocked_by_ledger,"{""aisle"": ""aisle2"", ""reason"": ""ledger_open"", ""snapshot"": {""aisle"": ""aisle2"", ""in_n"": 6, ""out_n"": 5, ""open"": [""c006""], ""visible"": 0, ""clear"": false, ""feed_ok"": true}, ""visible"": 0, ""open"": [""c006""], ""mode"": ""full"", ""t"": 144.15}"
144.15,clear_blocked_by_ledger,"{""aisle"": ""aisle3"", ""reason"": ""approach"", ""snapshot"": {""aisle"": ""aisle3"", ""in_n"": 7, ""out_n"": 7, ""open"": [], ""visible"": 0, ""clear"": true, ""feed_ok"": true, ""blocker"": ""c001"", ""why"": ""at_mouth""}, ""visible"": 0, ""open"": [], ""mode"": ""full"", ""t"": 144.15}"
144.74,ledger_snapshot,"{""t"": 144.74, ""aisles"": [{""aisle"": ""aisle1"", ""in_n"": 4, ""out_n"": 4, ""open"": [], ""visible"": 0, ""clear"": true, ""feed_ok"": true}, {""aisle"": ""aisle2"", ""in_n"": 6, ""out_n"": 5, ""open"": [""c006""], ""visible"": 0, ""clear"": false, ""feed_ok"": true}, {""aisle"": ""aisle3"", ""in_n"": 7, ""out_n"": 7, ""open"": [], ""visible"": 0, ""clear"": true, ""feed_ok"": true}]}"
146.74,ledger_snapshot,"{""t"": 146.74, ""aisles"": [{""aisle"": ""aisle1"", ""in_n"": 4, ""out_n"": 4, ""open"": [], ""visible"": 0, ""clear"": true, ""feed_ok"": true}, {""aisle"": ""aisle2"", ""in_n"": 6, ""out_n"": 5, ""open"": [""c006""], ""visible"": 0, ""clear"": false, ""feed_ok"": true}, {""aisle"": ""aisle3"", ""in_n"": 7, ""out_n"": 7, ""open"": [], ""visible"": 0, ""clear"": true, ""feed_ok"": true}]}"
148.84,ledger_snapshot,"{""t"": 148.84, ""aisles"": [{""aisle"": ""aisle1"", ""in_n"": 4, ""out_n"": 4, ""open"": [], ""visible"": 0, ""clear"": true, ""feed_ok"": true}, {""aisle"": ""aisle2"", ""in_n"": 6, ""out_n"": 5, ""open"": [""c006""], ""visible"": 1, ""clear"": false, ""feed_ok"": true}, {""aisle"": ""aisle3"", ""in_n"": 7, ""out_n"": 7, ""open"": [], ""visible"": 0, ""clear"": true, ""feed_ok"": true}]}"
149.25,clear_blocked_by_ledger,"{""aisle"": ""aisle2"", ""reason"": ""ledger_open"", ""snapshot"": {""aisle"": ""aisle2"", ""in_n"": 6, ""out_n"": 5, ""open"": [""c006""], ""visible"": 1, ""clear"": false, ""feed_ok"": true}, ""visible"": 1, ""open"": [""c006""], ""mode"": ""full"", ""t"": 149.25}"
149.25,clear_blocked_by_ledger,"{""aisle"": ""aisle3"", ""reason"": ""approach"", ""snapshot"": {""aisle"": ""aisle3"", ""in_n"": 7, ""out_n"": 7, ""open"": [], ""visible"": 0, ""clear"": true, ""feed_ok"": true, ""blocker"": ""c001"", ""why"": ""at_mouth""}, ""visible"": 0, ""open"": [], ""mode"": ""full"", ""t"": 149.25}"
149.74,aisle_crossing,"{""aisle"": ""aisle2"", ""id"": ""c006"", ""line"": ""out"", ""dir"": ""out"", ""t"": 149.74, ""mode"": ""full""}"
149.74,clear_blocked_by_ledger,"{""aisle"": ""aisle2"", ""reason"": ""not_confirmed"", ""snapshot"": {""aisle"": ""aisle2"", ""in_n"": 6, ""out_n"": 6, ""open"": [], ""visible"": 0, ""clear"": false, ""feed_ok"": true}, ""visible"": 0, ""open"": [], ""mode"": ""full"", ""t"": 149.74}"
150.84,ledger_snapshot,"{""t"": 150.84, ""aisles"": [{""aisle"": ""aisle1"", ""in_n"": 4, ""out_n"": 4, ""open"": [], ""visible"": 0, ""clear"": true, ""feed_ok"": true}, {""aisle"": ""aisle2"", ""in_n"": 6, ""out_n"": 6, ""open"": [], ""visible"": 0, ""clear"": false, ""feed_ok"": true}, {""aisle"": ""aisle3"", ""in_n"": 7, ""out_n"": 7, ""open"": [], ""visible"": 0, ""clear"": true, ""feed_ok"": true}]}"
152.84,ledger_snapshot,"{""t"": 152.84, ""aisles"": [{""aisle"": ""aisle1"", ""in_n"": 4, ""out_n"": 4, ""open"": [], ""visible"": 0, ""clear"": true, ""feed_ok"": true}, {""aisle"": ""aisle2"", ""in_n"": 6, ""out_n"": 6, ""open"": [], ""visible"": 0, ""clear"": false, ""feed_ok"": true}, {""aisle"": ""aisle3"", ""in_n"": 7, ""out_n"": 7, ""open"": [], ""visible"": 0, ""clear"": true, ""feed_ok"": true}]}"
154.34,clear_blocked_by_ledger,"{""aisle"": ""aisle3"", ""reason"": ""approach"", ""snapshot"": {""aisle"": ""aisle3"", ""in_n"": 7, ""out_n"": 7, ""open"": [], ""visible"": 0, ""clear"": true, ""feed_ok"": true, ""blocker"": ""c001"", ""why"": ""at_mouth""}, ""visible"": 0, ""open"": [], ""mode"": ""full"", ""t"": 154.34}"
154.84,clear_blocked_by_ledger,"{""aisle"": ""aisle2"", ""reason"": ""approach"", ""snapshot"": {""aisle"": ""aisle2"", ""in_n"": 6, ""out_n"": 6, ""open"": [], ""visible"": 0, ""clear"": true, ""feed_ok"": true, ""blocker"": ""c006"", ""why"": ""at_mouth""}, ""visible"": 0, ""open"": [], ""mode"": ""full"", ""t"": 154.84}"
154.94,ledger_snapshot,"{""t"": 154.94, ""aisles"": [{""aisle"": ""aisle1"", ""in_n"": 4, ""out_n"": 4, ""open"": [], ""visible"": 0, ""clear"": true, ""feed_ok"": true}, {""aisle"": ""aisle2"", ""in_n"": 6, ""out_n"": 6, ""open"": [], ""visible"": 0, ""clear"": true, ""feed_ok"": true}, {""aisle"": ""aisle3"", ""in_n"": 7, ""out_n"": 7, ""open"": [], ""visible"": 0, ""clear"": true, ""feed_ok"": true}]}"
157.04,ledger_snapshot,"{""t"": 157.04, ""aisles"": [{""aisle"": ""aisle1"", ""in_n"": 4, ""out_n"": 4, ""open"": [], ""visible"": 0, ""clear"": true, ""feed_ok"": true}, {""aisle"": ""aisle2"", ""in_n"": 6, ""out_n"": 6, ""open"": [], ""visible"": 0, ""clear"": true, ""feed_ok"": true}, {""aisle"": ""aisle3"", ""in_n"": 7, ""out_n"": 7, ""open"": [], ""visible"": 0, ""clear"": true, ""feed_ok"": true}]}"
157.04,ledger_clear,"{""aisle"": ""aisle2"", ""snapshot"": {""aisle"": ""aisle2"", ""in_n"": 6, ""out_n"": 6, ""open"": [], ""visible"": 0, ""clear"": true, ""feed_ok"": true}, ""mode"": ""full"", ""t"": 157.04}"
159.14,ledger_snapshot,"{""t"": 159.14, ""aisles"": [{""aisle"": ""aisle1"", ""in_n"": 4, ""out_n"": 4, ""open"": [], ""visible"": 0, ""clear"": true, ""feed_ok"": true}, {""aisle"": ""aisle2"", ""in_n"": 6, ""out_n"": 6, ""open"": [], ""visible"": 0, ""clear"": true, ""feed_ok"": true}, {""aisle"": ""aisle3"", ""in_n"": 7, ""out_n"": 7, ""open"": [], ""visible"": 0, ""clear"": true, ""feed_ok"": true}]}"
159.44,clear_blocked_by_ledger,"{""aisle"": ""aisle3"", ""reason"": ""approach"", ""snapshot"": {""aisle"": ""aisle3"", ""in_n"": 7, ""out_n"": 7, ""open"": [], ""visible"": 0, ""clear"": true, ""feed_ok"": true, ""blocker"": ""c001"", ""why"": ""at_mouth""}, ""visible"": 0, ""open"": [], ""mode"": ""full"", ""t"": 159.44}"
161.24,ledger_snapshot,"{""t"": 161.24, ""aisles"": [{""aisle"": ""aisle1"", ""in_n"": 4, ""out_n"": 4, ""open"": [], ""visible"": 0, ""clear"": true, ""feed_ok"": true}, {""aisle"": ""aisle2"", ""in_n"": 6, ""out_n"": 6, ""open"": [], ""visible"": 0, ""clear"": true, ""feed_ok"": true}, {""aisle"": ""aisle3"", ""in_n"": 7, ""out_n"": 7, ""open"": [], ""visible"": 0, ""clear"": true, ""feed_ok"": true}]}"
163.34,ledger_snapshot,"{""t"": 163.34, ""aisles"": [{""aisle"": ""aisle1"", ""in_n"": 4, ""out_n"": 4, ""open"": [], ""visible"": 0, ""clear"": true, ""feed_ok"": true}, {""aisle"": ""aisle2"", ""in_n"": 6, ""out_n"": 6, ""open"": [], ""visible"": 0, ""clear"": true, ""feed_ok"": true}, {""aisle"": ""aisle3"", ""in_n"": 7, ""out_n"": 7, ""open"": [], ""visible"": 0, ""clear"": true, ""feed_ok"": true}]}"
164.44,clear_blocked_by_ledger,"{""aisle"": ""aisle3"", ""reason"": ""approach"", ""snapshot"": {""aisle"": ""aisle3"", ""in_n"": 7, ""out_n"": 7, ""open"": [], ""visible"": 0, ""clear"": true, ""feed_ok"": true, ""blocker"": ""c001"", ""why"": ""at_mouth""}, ""visible"": 0, ""open"": [], ""mode"": ""full"", ""t"": 164.44}"
165.34,ledger_snapshot,"{""t"": 165.34, ""aisles"": [{""aisle"": ""aisle1"", ""in_n"": 4, ""out_n"": 4, ""open"": [], ""visible"": 0, ""clear"": true, ""feed_ok"": true}, {""aisle"": ""aisle2"", ""in_n"": 6, ""out_n"": 6, ""open"": [], ""visible"": 0, ""clear"": true, ""feed_ok"": true}, {""aisle"": ""aisle3"", ""in_n"": 7, ""out_n"": 7, ""open"": [], ""visible"": 0, ""clear"": true, ""feed_ok"": true}]}"
167.44,ledger_snapshot,"{""t"": 167.44, ""aisles"": [{""aisle"": ""aisle1"", ""in_n"": 4, ""out_n"": 4, ""open"": [], ""visible"": 0, ""clear"": true, ""feed_ok"": true}, {""aisle"": ""aisle2"", ""in_n"": 6, ""out_n"": 6, ""open"": [], ""visible"": 0, ""clear"": true, ""feed_ok"": true}, {""aisle"": ""aisle3"", ""in_n"": 7, ""out_n"": 7, ""open"": [], ""visible"": 0, ""clear"": true, ""feed_ok"": true}]}"
169.54,ledger_snapshot,"{""t"": 169.54, ""aisles"": [{""aisle"": ""aisle1"", ""in_n"": 4, ""out_n"": 4, ""open"": [], ""visible"": 0, ""clear"": true, ""feed_ok"": true}, {""aisle"": ""aisle2"", ""in_n"": 6, ""out_n"": 6, ""open"": [], ""visible"": 0, ""clear"": true, ""feed_ok"": true}, {""aisle"": ""aisle3"", ""in_n"": 7, ""out_n"": 7, ""open"": [], ""visible"": 0, ""clear"": true, ""feed_ok"": true}]}"
169.54,clear_blocked_by_ledger,"{""aisle"": ""aisle3"", ""reason"": ""approach"", ""snapshot"": {""aisle"": ""aisle3"", ""in_n"": 7, ""out_n"": 7, ""open"": [], ""visible"": 0, ""clear"": true, ""feed_ok"": true, ""blocker"": ""c006"", ""why"": ""at_mouth""}, ""visible"": 0, ""open"": [], ""mode"": ""full"", ""t"": 169.54}"
171.54,ledger_snapshot,"{""t"": 171.54, ""aisles"": [{""aisle"": ""aisle1"", ""in_n"": 4, ""out_n"": 4, ""open"": [], ""visible"": 0, ""clear"": true, ""feed_ok"": true}, {""aisle"": ""aisle2"", ""in_n"": 6, ""out_n"": 6, ""open"": [], ""visible"": 0, ""clear"": true, ""feed_ok"": true}, {""aisle"": ""aisle3"", ""in_n"": 7, ""out_n"": 7, ""open"": [], ""visible"": 0, ""clear"": true, ""feed_ok"": true}]}"
173.54,ledger_snapshot,"{""t"": 173.54, ""aisles"": [{""aisle"": ""aisle1"", ""in_n"": 4, ""out_n"": 4, ""open"": [], ""visible"": 0, ""clear"": true, ""feed_ok"": true}, {""aisle"": ""aisle2"", ""in_n"": 6, ""out_n"": 6, ""open"": [], ""visible"": 0, ""clear"": true, ""feed_ok"": true}, {""aisle"": ""aisle3"", ""in_n"": 7, ""out_n"": 7, ""open"": [], ""visible"": 0, ""clear"": true, ""feed_ok"": true}]}"
174.54,clear_blocked_by_ledger,"{""aisle"": ""aisle3"", ""reason"": ""approach"", ""snapshot"": {""aisle"": ""aisle3"", ""in_n"": 7, ""out_n"": 7, ""open"": [], ""visible"": 0, ""clear"": true, ""feed_ok"": true, ""blocker"": ""c006"", ""why"": ""at_mouth""}, ""visible"": 0, ""open"": [], ""mode"": ""full"", ""t"": 174.54}"
175.55,ledger_snapshot,"{""t"": 175.55, ""aisles"": [{""aisle"": ""aisle1"", ""in_n"": 4, ""out_n"": 4, ""open"": [], ""visible"": 0, ""clear"": true, ""feed_ok"": true}, {""aisle"": ""aisle2"", ""in_n"": 6, ""out_n"": 6, ""open"": [], ""visible"": 0, ""clear"": true, ""feed_ok"": true}, {""aisle"": ""aisle3"", ""in_n"": 7, ""out_n"": 7, ""open"": [], ""visible"": 0, ""clear"": true, ""feed_ok"": true}]}"
176.44,ledger_clear,"{""aisle"": ""aisle3"", ""snapshot"": {""aisle"": ""aisle3"", ""in_n"": 7, ""out_n"": 7, ""open"": [], ""visible"": 0, ""clear"": true, ""feed_ok"": true}, ""mode"": ""full"", ""t"": 176.44}"
177.64,ledger_snapshot,"{""t"": 177.64, ""aisles"": [{""aisle"": ""aisle1"", ""in_n"": 4, ""out_n"": 4, ""open"": [], ""visible"": 0, ""clear"": true, ""feed_ok"": true}, {""aisle"": ""aisle2"", ""in_n"": 6, ""out_n"": 6, ""open"": [], ""visible"": 0, ""clear"": true, ""feed_ok"": true}, {""aisle"": ""aisle3"", ""in_n"": 7, ""out_n"": 7, ""open"": [], ""visible"": 0, ""clear"": true, ""feed_ok"": true}]}"
178.44,phase,"{""from"": ""wait_clear"", ""to"": ""scanning""}"
178.44,aisle_enter,"{""aisle"": ""aisle3"", ""from"": ""back"", ""reason"": ""clear"", ""mode"": ""full"", ""t"": 178.44}"
178.44,goal,"{""x"": 38.0, ""y"": 26.0, ""yaw"": 1.561, ""seq"": 4}"
178.54,ledger_clear,"{""aisle"": ""aisle3"", ""snapshot"": {""aisle"": ""aisle3"", ""in_n"": 7, ""out_n"": 7, ""open"": [], ""visible"": 0, ""clear"": true, ""feed_ok"": true}, ""mode"": ""full"", ""t"": 178.54}"
179.64,ledger_snapshot,"{""t"": 179.64, ""aisles"": [{""aisle"": ""aisle1"", ""in_n"": 4, ""out_n"": 4, ""open"": [], ""visible"": 0, ""clear"": true, ""feed_ok"": true}, {""aisle"": ""aisle2"", ""in_n"": 6, ""out_n"": 6, ""open"": [], ""visible"": 0, ""clear"": true, ""feed_ok"": true}, {""aisle"": ""aisle3"", ""in_n"": 7, ""out_n"": 7, ""open"": [], ""visible"": 0, ""clear"": true, ""feed_ok"": true}]}"
181.64,ledger_snapshot,"{""t"": 181.64, ""aisles"": [{""aisle"": ""aisle1"", ""in_n"": 4, ""out_n"": 4, ""open"": [], ""visible"": 0, ""clear"": true, ""feed_ok"": true}, {""aisle"": ""aisle2"", ""in_n"": 6, ""out_n"": 6, ""open"": [], ""visible"": 0, ""clear"": true, ""feed_ok"": true}, {""aisle"": ""aisle3"", ""in_n"": 7, ""out_n"": 7, ""open"": [], ""visible"": 0, ""clear"": true, ""feed_ok"": true}]}"
183.74,ledger_snapshot,"{""t"": 183.74, ""aisles"": [{""aisle"": ""aisle1"", ""in_n"": 4, ""out_n"": 4, ""open"": [], ""visible"": 0, ""clear"": true, ""feed_ok"": true}, {""aisle"": ""aisle2"", ""in_n"": 6, ""out_n"": 6, ""open"": [], ""visible"": 0, ""clear"": true, ""feed_ok"": true}, {""aisle"": ""aisle3"", ""in_n"": 7, ""out_n"": 7, ""open"": [], ""visible"": 0, ""clear"": true, ""feed_ok"": true}]}"
185.84,ledger_snapshot,"{""t"": 185.84, ""aisles"": [{""aisle"": ""aisle1"", ""in_n"": 4, ""out_n"": 4, ""open"": [], ""visible"": 0, ""clear"": true, ""feed_ok"": true}, {""aisle"": ""aisle2"", ""in_n"": 6, ""out_n"": 6, ""open"": [], ""visible"": 0, ""clear"": true, ""feed_ok"": true}, {""aisle"": ""aisle3"", ""in_n"": 7, ""out_n"": 7, ""open"": [], ""visible"": 0, ""clear"": true, ""feed_ok"": true}]}"
187.94,ledger_snapshot,"{""t"": 187.94, ""aisles"": [{""aisle"": ""aisle1"", ""in_n"": 4, ""out_n"": 4, ""open"": [], ""visible"": 0, ""clear"": true, ""feed_ok"": true}, {""aisle"": ""aisle2"", ""in_n"": 6, ""out_n"": 6, ""open"": [], ""visible"": 0, ""clear"": true, ""feed_ok"": true}, {""aisle"": ""aisle3"", ""in_n"": 7, ""out_n"": 7, ""open"": [], ""visible"": 0, ""clear"": true, ""feed_ok"": true}]}"
189.94,ledger_snapshot,"{""t"": 189.94, ""aisles"": [{""aisle"": ""aisle1"", ""in_n"": 4, ""out_n"": 4, ""open"": [], ""visible"": 0, ""clear"": true, ""feed_ok"": true}, {""aisle"": ""aisle2"", ""in_n"": 6, ""out_n"": 6, ""open"": [], ""visible"": 0, ""clear"": true, ""feed_ok"": true}, {""aisle"": ""aisle3"", ""in_n"": 7, ""out_n"": 7, ""open"": [], ""visible"": 0, ""clear"": true, ""feed_ok"": true}]}"
192.04,ledger_snapshot,"{""t"": 192.04, ""aisles"": [{""aisle"": ""aisle1"", ""in_n"": 4, ""out_n"": 4, ""open"": [], ""visible"": 0, ""clear"": true, ""feed_ok"": true}, {""aisle"": ""aisle2"", ""in_n"": 6, ""out_n"": 6, ""open"": [], ""visible"": 0, ""clear"": true, ""feed_ok"": true}, {""aisle"": ""aisle3"", ""in_n"": 7, ""out_n"": 7, ""open"": [], ""visible"": 0, ""clear"": true, ""feed_ok"": true}]}"
194.04,ledger_snapshot,"{""t"": 194.04, ""aisles"": [{""aisle"": ""aisle1"", ""in_n"": 4, ""out_n"": 4, ""open"": [], ""visible"": 0, ""clear"": true, ""feed_ok"": true}, {""aisle"": ""aisle2"", ""in_n"": 6, ""out_n"": 6, ""open"": [], ""visible"": 0, ""clear"": true, ""feed_ok"": true}, {""aisle"": ""aisle3"", ""in_n"": 7, ""out_n"": 7, ""open"": [], ""visible"": 0, ""clear"": true, ""feed_ok"": true}]}"
196.14,ledger_snapshot,"{""t"": 196.14, ""aisles"": [{""aisle"": ""aisle1"", ""in_n"": 4, ""out_n"": 4, ""open"": [], ""visible"": 0, ""clear"": true, ""feed_ok"": true}, {""aisle"": ""aisle2"", ""in_n"": 6, ""out_n"": 6, ""open"": [], ""visible"": 0, ""clear"": true, ""feed_ok"": true}, {""aisle"": ""aisle3"", ""in_n"": 7, ""out_n"": 7, ""open"": [], ""visible"": 0, ""clear"": true, ""feed_ok"": true}]}"
198.24,ledger_snapshot,"{""t"": 198.24, ""aisles"": [{""aisle"": ""aisle1"", ""in_n"": 4, ""out_n"": 4, ""open"": [], ""visible"": 0, ""clear"": true, ""feed_ok"": true}, {""aisle"": ""aisle2"", ""in_n"": 6, ""out_n"": 6, ""open"": [], ""visible"": 0, ""clear"": true, ""feed_ok"": true}, {""aisle"": ""aisle3"", ""in_n"": 7, ""out_n"": 7, ""open"": [], ""visible"": 0, ""clear"": true, ""feed_ok"": true}]}"
198.84,aisle_scanned,"{""aisle"": ""aisle3"", ""n"": 2, ""mode"": ""full"", ""t"": 198.84, ""dur"": 20.4}"
198.84,dispatch,"{""aisle"": ""aisle2"", ""first"": false, ""order"": [""aisle2""], ""mode"": ""full"", ""t"": 198.84}"
198.84,phase,"{""from"": ""scanning"", ""to"": ""to_standby""}"
198.84,goal,"{""x"": 29.0, ""y"": 26.0, ""yaw"": 3.051, ""seq"": 5}"
200.25,ledger_snapshot,"{""t"": 200.25, ""aisles"": [{""aisle"": ""aisle1"", ""in_n"": 4, ""out_n"": 4, ""open"": [], ""visible"": 0, ""clear"": true, ""feed_ok"": true}, {""aisle"": ""aisle2"", ""in_n"": 6, ""out_n"": 6, ""open"": [], ""visible"": 0, ""clear"": true, ""feed_ok"": true}, {""aisle"": ""aisle3"", ""in_n"": 7, ""out_n"": 7, ""open"": [], ""visible"": 0, ""clear"": true, ""feed_ok"": true}]}"
202.34,ledger_snapshot,"{""t"": 202.34, ""aisles"": [{""aisle"": ""aisle1"", ""in_n"": 4, ""out_n"": 4, ""open"": [], ""visible"": 0, ""clear"": true, ""feed_ok"": true}, {""aisle"": ""aisle2"", ""in_n"": 6, ""out_n"": 6, ""open"": [], ""visible"": 0, ""clear"": true, ""feed_ok"": true}, {""aisle"": ""aisle3"", ""in_n"": 7, ""out_n"": 7, ""open"": [], ""visible"": 0, ""clear"": true, ""feed_ok"": true}]}"
204.44,ledger_snapshot,"{""t"": 204.44, ""aisles"": [{""aisle"": ""aisle1"", ""in_n"": 4, ""out_n"": 4, ""open"": [], ""visible"": 0, ""clear"": true, ""feed_ok"": true}, {""aisle"": ""aisle2"", ""in_n"": 6, ""out_n"": 6, ""open"": [], ""visible"": 0, ""clear"": true, ""feed_ok"": true}, {""aisle"": ""aisle3"", ""in_n"": 7, ""out_n"": 7, ""open"": [], ""visible"": 0, ""clear"": true, ""feed_ok"": true}]}"
206.44,ledger_snapshot,"{""t"": 206.44, ""aisles"": [{""aisle"": ""aisle1"", ""in_n"": 4, ""out_n"": 4, ""open"": [], ""visible"": 0, ""clear"": true, ""feed_ok"": true}, {""aisle"": ""aisle2"", ""in_n"": 6, ""out_n"": 6, ""open"": [], ""visible"": 0, ""clear"": true, ""feed_ok"": true}, {""aisle"": ""aisle3"", ""in_n"": 7, ""out_n"": 7, ""open"": [], ""visible"": 0, ""clear"": true, ""feed_ok"": true}]}"
207.34,phase,"{""from"": ""to_standby"", ""to"": ""wait_clear""}"
207.34,at_standby,"{""aisle"": ""aisle2"", ""end"": ""front"", ""mode"": ""full"", ""t"": 207.34}"
208.54,ledger_snapshot,"{""t"": 208.54, ""aisles"": [{""aisle"": ""aisle1"", ""in_n"": 4, ""out_n"": 4, ""open"": [], ""visible"": 0, ""clear"": true, ""feed_ok"": true}, {""aisle"": ""aisle2"", ""in_n"": 6, ""out_n"": 6, ""open"": [], ""visible"": 0, ""clear"": true, ""feed_ok"": true}, {""aisle"": ""aisle3"", ""in_n"": 7, ""out_n"": 7, ""open"": [], ""visible"": 0, ""clear"": true, ""feed_ok"": true}]}"
209.04,goal_done,"{""seq"": 5, ""status"": 4}"
209.44,phase,"{""from"": ""wait_clear"", ""to"": ""scanning""}"
209.44,aisle_enter,"{""aisle"": ""aisle2"", ""from"": ""front"", ""reason"": ""clear"", ""mode"": ""full"", ""t"": 209.44}"
209.44,goal,"{""x"": 29.0, ""y"": 2.8, ""yaw"": -1.579, ""seq"": 6}"
209.54,ledger_clear,"{""aisle"": ""aisle2"", ""snapshot"": {""aisle"": ""aisle2"", ""in_n"": 6, ""out_n"": 6, ""open"": [], ""visible"": 0, ""clear"": true, ""feed_ok"": true}, ""mode"": ""full"", ""t"": 209.54}"
210.54,ledger_snapshot,"{""t"": 210.54, ""aisles"": [{""aisle"": ""aisle1"", ""in_n"": 4, ""out_n"": 4, ""open"": [], ""visible"": 0, ""clear"": true, ""feed_ok"": true}, {""aisle"": ""aisle2"", ""in_n"": 6, ""out_n"": 6, ""open"": [], ""visible"": 0, ""clear"": true, ""feed_ok"": true}, {""aisle"": ""aisle3"", ""in_n"": 7, ""out_n"": 7, ""open"": [], ""visible"": 0, ""clear"": true, ""feed_ok"": true}]}"
212.54,ledger_snapshot,"{""t"": 212.54, ""aisles"": [{""aisle"": ""aisle1"", ""in_n"": 4, ""out_n"": 4, ""open"": [], ""visible"": 0, ""clear"": true, ""feed_ok"": true}, {""aisle"": ""aisle2"", ""in_n"": 6, ""out_n"": 6, ""open"": [], ""visible"": 0, ""clear"": true, ""feed_ok"": true}, {""aisle"": ""aisle3"", ""in_n"": 7, ""out_n"": 7, ""open"": [], ""visible"": 0, ""clear"": true, ""feed_ok"": true}]}"
214.64,ledger_snapshot,"{""t"": 214.64, ""aisles"": [{""aisle"": ""aisle1"", ""in_n"": 4, ""out_n"": 4, ""open"": [], ""visible"": 0, ""clear"": true, ""feed_ok"": true}, {""aisle"": ""aisle2"", ""in_n"": 6, ""out_n"": 6, ""open"": [], ""visible"": 0, ""clear"": true, ""feed_ok"": true}, {""aisle"": ""aisle3"", ""in_n"": 7, ""out_n"": 7, ""open"": [], ""visible"": 0, ""clear"": true, ""feed_ok"": true}]}"
216.74,ledger_snapshot,"{""t"": 216.74, ""aisles"": [{""aisle"": ""aisle1"", ""in_n"": 4, ""out_n"": 4, ""open"": [], ""visible"": 0, ""clear"": true, ""feed_ok"": true}, {""aisle"": ""aisle2"", ""in_n"": 6, ""out_n"": 6, ""open"": [], ""visible"": 0, ""clear"": true, ""feed_ok"": true}, {""aisle"": ""aisle3"", ""in_n"": 7, ""out_n"": 7, ""open"": [], ""visible"": 0, ""clear"": true, ""feed_ok"": true}]}"
218.74,ledger_snapshot,"{""t"": 218.74, ""aisles"": [{""aisle"": ""aisle1"", ""in_n"": 4, ""out_n"": 4, ""open"": [], ""visible"": 0, ""clear"": true, ""feed_ok"": true}, {""aisle"": ""aisle2"", ""in_n"": 6, ""out_n"": 6, ""open"": [], ""visible"": 0, ""clear"": true, ""feed_ok"": true}, {""aisle"": ""aisle3"", ""in_n"": 7, ""out_n"": 7, ""open"": [], ""visible"": 0, ""clear"": true, ""feed_ok"": true}]}"
220.84,ledger_snapshot,"{""t"": 220.84, ""aisles"": [{""aisle"": ""aisle1"", ""in_n"": 4, ""out_n"": 4, ""open"": [], ""visible"": 0, ""clear"": true, ""feed_ok"": true}, {""aisle"": ""aisle2"", ""in_n"": 6, ""out_n"": 6, ""open"": [], ""visible"": 0, ""clear"": true, ""feed_ok"": true}, {""aisle"": ""aisle3"", ""in_n"": 7, ""out_n"": 7, ""open"": [], ""visible"": 0, ""clear"": true, ""feed_ok"": true}]}"
222.84,ledger_snapshot,"{""t"": 222.84, ""aisles"": [{""aisle"": ""aisle1"", ""in_n"": 4, ""out_n"": 4, ""open"": [], ""visible"": 0, ""clear"": true, ""feed_ok"": true}, {""aisle"": ""aisle2"", ""in_n"": 6, ""out_n"": 6, ""open"": [], ""visible"": 0, ""clear"": true, ""feed_ok"": true}, {""aisle"": ""aisle3"", ""in_n"": 7, ""out_n"": 7, ""open"": [], ""visible"": 0, ""clear"": true, ""feed_ok"": true}]}"
224.94,ledger_snapshot,"{""t"": 224.94, ""aisles"": [{""aisle"": ""aisle1"", ""in_n"": 4, ""out_n"": 4, ""open"": [], ""visible"": 0, ""clear"": true, ""feed_ok"": true}, {""aisle"": ""aisle2"", ""in_n"": 6, ""out_n"": 6, ""open"": [], ""visible"": 0, ""clear"": true, ""feed_ok"": true}, {""aisle"": ""aisle3"", ""in_n"": 7, ""out_n"": 7, ""open"": [], ""visible"": 0, ""clear"": true, ""feed_ok"": true}]}"
227.04,ledger_snapshot,"{""t"": 227.04, ""aisles"": [{""aisle"": ""aisle1"", ""in_n"": 4, ""out_n"": 4, ""open"": [], ""visible"": 0, ""clear"": true, ""feed_ok"": true}, {""aisle"": ""aisle2"", ""in_n"": 6, ""out_n"": 6, ""open"": [], ""visible"": 0, ""clear"": true, ""feed_ok"": true}, {""aisle"": ""aisle3"", ""in_n"": 7, ""out_n"": 7, ""open"": [], ""visible"": 0, ""clear"": true, ""feed_ok"": true}]}"
229.04,ledger_snapshot,"{""t"": 229.04, ""aisles"": [{""aisle"": ""aisle1"", ""in_n"": 4, ""out_n"": 4, ""open"": [], ""visible"": 0, ""clear"": true, ""feed_ok"": true}, {""aisle"": ""aisle2"", ""in_n"": 6, ""out_n"": 6, ""open"": [], ""visible"": 0, ""clear"": true, ""feed_ok"": true}, {""aisle"": ""aisle3"", ""in_n"": 7, ""out_n"": 7, ""open"": [], ""visible"": 0, ""clear"": true, ""feed_ok"": true}]}"
229.74,aisle_scanned,"{""aisle"": ""aisle2"", ""n"": 3, ""mode"": ""full"", ""t"": 229.74, ""dur"": 20.3}"
229.74,phase,"{""from"": ""scanning"", ""to"": ""homing""}"
229.74,all_scanned,"{""n"": 3, ""order"": [""aisle1"", ""aisle3"", ""aisle2""], ""mode"": ""full"", ""t"": 229.74}"
229.74,goal,"{""x"": 4.5, ""y"": 26.5, ""yaw"": 2.393, ""seq"": 7}"
231.14,ledger_snapshot,"{""t"": 231.14, ""aisles"": [{""aisle"": ""aisle1"", ""in_n"": 4, ""out_n"": 4, ""open"": [], ""visible"": 0, ""clear"": true, ""feed_ok"": true}, {""aisle"": ""aisle2"", ""in_n"": 6, ""out_n"": 6, ""open"": [], ""visible"": 0, ""clear"": true, ""feed_ok"": true}, {""aisle"": ""aisle3"", ""in_n"": 7, ""out_n"": 7, ""open"": [], ""visible"": 0, ""clear"": true, ""feed_ok"": true}]}"
233.14,ledger_snapshot,"{""t"": 233.14, ""aisles"": [{""aisle"": ""aisle1"", ""in_n"": 4, ""out_n"": 4, ""open"": [], ""visible"": 0, ""clear"": true, ""feed_ok"": true}, {""aisle"": ""aisle2"", ""in_n"": 6, ""out_n"": 6, ""open"": [], ""visible"": 0, ""clear"": true, ""feed_ok"": true}, {""aisle"": ""aisle3"", ""in_n"": 7, ""out_n"": 7, ""open"": [], ""visible"": 0, ""clear"": true, ""feed_ok"": true}]}"
235.24,ledger_snapshot,"{""t"": 235.24, ""aisles"": [{""aisle"": ""aisle1"", ""in_n"": 4, ""out_n"": 4, ""open"": [], ""visible"": 0, ""clear"": true, ""feed_ok"": true}, {""aisle"": ""aisle2"", ""in_n"": 6, ""out_n"": 6, ""open"": [], ""visible"": 0, ""clear"": true, ""feed_ok"": true}, {""aisle"": ""aisle3"", ""in_n"": 7, ""out_n"": 7, ""open"": [], ""visible"": 0, ""clear"": true, ""feed_ok"": true}]}"
237.24,ledger_snapshot,"{""t"": 237.24, ""aisles"": [{""aisle"": ""aisle1"", ""in_n"": 4, ""out_n"": 4, ""open"": [], ""visible"": 0, ""clear"": true, ""feed_ok"": true}, {""aisle"": ""aisle2"", ""in_n"": 6, ""out_n"": 6, ""open"": [], ""visible"": 0, ""clear"": true, ""feed_ok"": true}, {""aisle"": ""aisle3"", ""in_n"": 7, ""out_n"": 7, ""open"": [], ""visible"": 0, ""clear"": true, ""feed_ok"": true}]}"
239.34,ledger_snapshot,"{""t"": 239.34, ""aisles"": [{""aisle"": ""aisle1"", ""in_n"": 4, ""out_n"": 4, ""open"": [], ""visible"": 0, ""clear"": true, ""feed_ok"": true}, {""aisle"": ""aisle2"", ""in_n"": 6, ""out_n"": 6, ""open"": [], ""visible"": 0, ""clear"": true, ""feed_ok"": true}, {""aisle"": ""aisle3"", ""in_n"": 7, ""out_n"": 7, ""open"": [], ""visible"": 0, ""clear"": true, ""feed_ok"": true}]}"
241.44,ledger_snapshot,"{""t"": 241.44, ""aisles"": [{""aisle"": ""aisle1"", ""in_n"": 4, ""out_n"": 4, ""open"": [], ""visible"": 0, ""clear"": true, ""feed_ok"": true}, {""aisle"": ""aisle2"", ""in_n"": 6, ""out_n"": 6, ""open"": [], ""visible"": 0, ""clear"": true, ""feed_ok"": true}, {""aisle"": ""aisle3"", ""in_n"": 7, ""out_n"": 7, ""open"": [], ""visible"": 0, ""clear"": true, ""feed_ok"": true}]}"
243.44,ledger_snapshot,"{""t"": 243.44, ""aisles"": [{""aisle"": ""aisle1"", ""in_n"": 4, ""out_n"": 4, ""open"": [], ""visible"": 0, ""clear"": true, ""feed_ok"": true}, {""aisle"": ""aisle2"", ""in_n"": 6, ""out_n"": 6, ""open"": [], ""visible"": 0, ""clear"": true, ""feed_ok"": true}, {""aisle"": ""aisle3"", ""in_n"": 7, ""out_n"": 7, ""open"": [], ""visible"": 0, ""clear"": true, ""feed_ok"": true}]}"
245.54,ledger_snapshot,"{""t"": 245.54, ""aisles"": [{""aisle"": ""aisle1"", ""in_n"": 4, ""out_n"": 4, ""open"": [], ""visible"": 0, ""clear"": true, ""feed_ok"": true}, {""aisle"": ""aisle2"", ""in_n"": 6, ""out_n"": 6, ""open"": [], ""visible"": 0, ""clear"": true, ""feed_ok"": true}, {""aisle"": ""aisle3"", ""in_n"": 7, ""out_n"": 7, ""open"": [], ""visible"": 0, ""clear"": true, ""feed_ok"": true}]}"
247.54,ledger_snapshot,"{""t"": 247.54, ""aisles"": [{""aisle"": ""aisle1"", ""in_n"": 4, ""out_n"": 4, ""open"": [], ""visible"": 0, ""clear"": true, ""feed_ok"": true}, {""aisle"": ""aisle2"", ""in_n"": 6, ""out_n"": 6, ""open"": [], ""visible"": 0, ""clear"": true, ""feed_ok"": true}, {""aisle"": ""aisle3"", ""in_n"": 7, ""out_n"": 7, ""open"": [], ""visible"": 0, ""clear"": true, ""feed_ok"": true}]}"
249.64,ledger_snapshot,"{""t"": 249.64, ""aisles"": [{""aisle"": ""aisle1"", ""in_n"": 4, ""out_n"": 4, ""open"": [], ""visible"": 0, ""clear"": true, ""feed_ok"": true}, {""aisle"": ""aisle2"", ""in_n"": 6, ""out_n"": 6, ""open"": [], ""visible"": 0, ""clear"": true, ""feed_ok"": true}, {""aisle"": ""aisle3"", ""in_n"": 7, ""out_n"": 7, ""open"": [], ""visible"": 0, ""clear"": true, ""feed_ok"": true}]}"
251.74,ledger_snapshot,"{""t"": 251.74, ""aisles"": [{""aisle"": ""aisle1"", ""in_n"": 4, ""out_n"": 4, ""open"": [], ""visible"": 0, ""clear"": true, ""feed_ok"": true}, {""aisle"": ""aisle2"", ""in_n"": 6, ""out_n"": 6, ""open"": [], ""visible"": 0, ""clear"": true, ""feed_ok"": true}, {""aisle"": ""aisle3"", ""in_n"": 7, ""out_n"": 7, ""open"": [], ""visible"": 0, ""clear"": true, ""feed_ok"": true}]}"
253.74,ledger_snapshot,"{""t"": 253.74, ""aisles"": [{""aisle"": ""aisle1"", ""in_n"": 4, ""out_n"": 4, ""open"": [], ""visible"": 0, ""clear"": true, ""feed_ok"": true}, {""aisle"": ""aisle2"", ""in_n"": 6, ""out_n"": 6, ""open"": [], ""visible"": 0, ""clear"": true, ""feed_ok"": true}, {""aisle"": ""aisle3"", ""in_n"": 7, ""out_n"": 7, ""open"": [], ""visible"": 0, ""clear"": true, ""feed_ok"": true}]}"
255.74,ledger_snapshot,"{""t"": 255.74, ""aisles"": [{""aisle"": ""aisle1"", ""in_n"": 4, ""out_n"": 4, ""open"": [], ""visible"": 0, ""clear"": true, ""feed_ok"": true}, {""aisle"": ""aisle2"", ""in_n"": 6, ""out_n"": 6, ""open"": [], ""visible"": 0, ""clear"": true, ""feed_ok"": true}, {""aisle"": ""aisle3"", ""in_n"": 7, ""out_n"": 7, ""open"": [], ""visible"": 0, ""clear"": true, ""feed_ok"": true}]}"
257.84,ledger_snapshot,"{""t"": 257.84, ""aisles"": [{""aisle"": ""aisle1"", ""in_n"": 4, ""out_n"": 4, ""open"": [], ""visible"": 0, ""clear"": true, ""feed_ok"": true}, {""aisle"": ""aisle2"", ""in_n"": 6, ""out_n"": 6, ""open"": [], ""visible"": 0, ""clear"": true, ""feed_ok"": true}, {""aisle"": ""aisle3"", ""in_n"": 7, ""out_n"": 7, ""open"": [], ""visible"": 0, ""clear"": true, ""feed_ok"": true}]}"
259.85,ledger_snapshot,"{""t"": 259.85, ""aisles"": [{""aisle"": ""aisle1"", ""in_n"": 4, ""out_n"": 4, ""open"": [], ""visible"": 0, ""clear"": true, ""feed_ok"": true}, {""aisle"": ""aisle2"", ""in_n"": 6, ""out_n"": 6, ""open"": [], ""visible"": 0, ""clear"": true, ""feed_ok"": true}, {""aisle"": ""aisle3"", ""in_n"": 7, ""out_n"": 7, ""open"": [], ""visible"": 0, ""clear"": true, ""feed_ok"": true}]}"
261.94,ledger_snapshot,"{""t"": 261.94, ""aisles"": [{""aisle"": ""aisle1"", ""in_n"": 4, ""out_n"": 4, ""open"": [], ""visible"": 0, ""clear"": true, ""feed_ok"": true}, {""aisle"": ""aisle2"", ""in_n"": 6, ""out_n"": 6, ""open"": [], ""visible"": 0, ""clear"": true, ""feed_ok"": true}, {""aisle"": ""aisle3"", ""in_n"": 7, ""out_n"": 7, ""open"": [], ""visible"": 0, ""clear"": true, ""feed_ok"": true}]}"
263.34,phase,"{""from"": ""homing"", ""to"": ""done""}"
263.34,task_done,"{""scanned"": 3, ""order"": [""aisle1"", ""aisle3"", ""aisle2""], ""co_aisle_s"": 0.0, ""disturb"": 0, ""mode"": ""full"", ""t"": 263.34}"
264.04,ledger_snapshot,"{""t"": 264.04, ""aisles"": [{""aisle"": ""aisle1"", ""in_n"": 4, ""out_n"": 4, ""open"": [], ""visible"": 0, ""clear"": true, ""feed_ok"": true}, {""aisle"": ""aisle2"", ""in_n"": 6, ""out_n"": 6, ""open"": [], ""visible"": 0, ""clear"": true, ""feed_ok"": true}, {""aisle"": ""aisle3"", ""in_n"": 7, ""out_n"": 7, ""open"": [], ""visible"": 0, ""clear"": true, ""feed_ok"": true}]}"
264.94,goal_done,"{""seq"": 7, ""status"": 4}"
266.14,ledger_snapshot,"{""t"": 266.14, ""aisles"": [{""aisle"": ""aisle1"", ""in_n"": 4, ""out_n"": 4, ""open"": [], ""visible"": 0, ""clear"": true, ""feed_ok"": true}, {""aisle"": ""aisle2"", ""in_n"": 6, ""out_n"": 6, ""open"": [], ""visible"": 0, ""clear"": true, ""feed_ok"": true}, {""aisle"": ""aisle3"", ""in_n"": 7, ""out_n"": 7, ""open"": [], ""visible"": 0, ""clear"": true, ""feed_ok"": true}]}"
268.14,ledger_snapshot,"{""t"": 268.14, ""aisles"": [{""aisle"": ""aisle1"", ""in_n"": 4, ""out_n"": 4, ""open"": [], ""visible"": 0, ""clear"": true, ""feed_ok"": true}, {""aisle"": ""aisle2"", ""in_n"": 6, ""out_n"": 6, ""open"": [], ""visible"": 0, ""clear"": true, ""feed_ok"": true}, {""aisle"": ""aisle3"", ""in_n"": 7, ""out_n"": 7, ""open"": [], ""visible"": 0, ""clear"": true, ""feed_ok"": true}]}"
270.24,ledger_snapshot,"{""t"": 270.24, ""aisles"": [{""aisle"": ""aisle1"", ""in_n"": 4, ""out_n"": 4, ""open"": [], ""visible"": 0, ""clear"": true, ""feed_ok"": true}, {""aisle"": ""aisle2"", ""in_n"": 6, ""out_n"": 6, ""open"": [], ""visible"": 0, ""clear"": true, ""feed_ok"": true}, {""aisle"": ""aisle3"", ""in_n"": 7, ""out_n"": 7, ""open"": [], ""visible"": 0, ""clear"": true, ""feed_ok"": true}]}"
272.34,ledger_snapshot,"{""t"": 272.34, ""aisles"": [{""aisle"": ""aisle1"", ""in_n"": 4, ""out_n"": 4, ""open"": [], ""visible"": 0, ""clear"": true, ""feed_ok"": true}, {""aisle"": ""aisle2"", ""in_n"": 6, ""out_n"": 6, ""open"": [], ""visible"": 0, ""clear"": true, ""feed_ok"": true}, {""aisle"": ""aisle3"", ""in_n"": 7, ""out_n"": 7, ""open"": [], ""visible"": 0, ""clear"": true, ""feed_ok"": true}]}"
274.44,ledger_snapshot,"{""t"": 274.44, ""aisles"": [{""aisle"": ""aisle1"", ""in_n"": 4, ""out_n"": 4, ""open"": [], ""visible"": 0, ""clear"": true, ""feed_ok"": true}, {""aisle"": ""aisle2"", ""in_n"": 6, ""out_n"": 6, ""open"": [], ""visible"": 0, ""clear"": true, ""feed_ok"": true}, {""aisle"": ""aisle3"", ""in_n"": 7, ""out_n"": 7, ""open"": [], ""visible"": 0, ""clear"": true, ""feed_ok"": true}]}"
276.44,ledger_snapshot,"{""t"": 276.44, ""aisles"": [{""aisle"": ""aisle1"", ""in_n"": 4, ""out_n"": 4, ""open"": [], ""visible"": 0, ""clear"": true, ""feed_ok"": true}, {""aisle"": ""aisle2"", ""in_n"": 6, ""out_n"": 6, ""open"": [], ""visible"": 0, ""clear"": true, ""feed_ok"": true}, {""aisle"": ""aisle3"", ""in_n"": 7, ""out_n"": 7, ""open"": [], ""visible"": 0, ""clear"": true, ""feed_ok"": true}]}"
278.54,ledger_snapshot,"{""t"": 278.54, ""aisles"": [{""aisle"": ""aisle1"", ""in_n"": 4, ""out_n"": 4, ""open"": [], ""visible"": 0, ""clear"": true, ""feed_ok"": true}, {""aisle"": ""aisle2"", ""in_n"": 6, ""out_n"": 6, ""open"": [], ""visible"": 0, ""clear"": true, ""feed_ok"": true}, {""aisle"": ""aisle3"", ""in_n"": 7, ""out_n"": 7, ""open"": [], ""visible"": 0, ""clear"": true, ""feed_ok"": true}]}"
280.64,ledger_snapshot,"{""t"": 280.64, ""aisles"": [{""aisle"": ""aisle1"", ""in_n"": 4, ""out_n"": 4, ""open"": [], ""visible"": 0, ""clear"": true, ""feed_ok"": true}, {""aisle"": ""aisle2"", ""in_n"": 6, ""out_n"": 6, ""open"": [], ""visible"": 0, ""clear"": true, ""feed_ok"": true}, {""aisle"": ""aisle3"", ""in_n"": 7, ""out_n"": 7, ""open"": [], ""visible"": 0, ""clear"": true, ""feed_ok"": true}]}"
282.74,ledger_snapshot,"{""t"": 282.74, ""aisles"": [{""aisle"": ""aisle1"", ""in_n"": 4, ""out_n"": 4, ""open"": [], ""visible"": 0, ""clear"": true, ""feed_ok"": true}, {""aisle"": ""aisle2"", ""in_n"": 6, ""out_n"": 6, ""open"": [], ""visible"": 0, ""clear"": true, ""feed_ok"": true}, {""aisle"": ""aisle3"", ""in_n"": 7, ""out_n"": 7, ""open"": [], ""visible"": 0, ""clear"": true, ""feed_ok"": true}]}"
284.74,ledger_snapshot,"{""t"": 284.74, ""aisles"": [{""aisle"": ""aisle1"", ""in_n"": 4, ""out_n"": 4, ""open"": [], ""visible"": 0, ""clear"": true, ""feed_ok"": true}, {""aisle"": ""aisle2"", ""in_n"": 6, ""out_n"": 6, ""open"": [], ""visible"": 0, ""clear"": true, ""feed_ok"": true}, {""aisle"": ""aisle3"", ""in_n"": 7, ""out_n"": 7, ""open"": [], ""visible"": 0, ""clear"": true, ""feed_ok"": true}]}"
286.84,ledger_snapshot,"{""t"": 286.84, ""aisles"": [{""aisle"": ""aisle1"", ""in_n"": 4, ""out_n"": 4, ""open"": [], ""visible"": 0, ""clear"": true, ""feed_ok"": true}, {""aisle"": ""aisle2"", ""in_n"": 6, ""out_n"": 6, ""open"": [], ""visible"": 0, ""clear"": true, ""feed_ok"": true}, {""aisle"": ""aisle3"", ""in_n"": 7, ""out_n"": 7, ""open"": [], ""visible"": 0, ""clear"": true, ""feed_ok"": true}]}"
288.84,ledger_snapshot,"{""t"": 288.84, ""aisles"": [{""aisle"": ""aisle1"", ""in_n"": 4, ""out_n"": 4, ""open"": [], ""visible"": 0, ""clear"": true, ""feed_ok"": true}, {""aisle"": ""aisle2"", ""in_n"": 6, ""out_n"": 6, ""open"": [], ""visible"": 0, ""clear"": true, ""feed_ok"": true}, {""aisle"": ""aisle3"", ""in_n"": 7, ""out_n"": 7, ""open"": [], ""visible"": 0, ""clear"": true, ""feed_ok"": true}]}"
290.94,ledger_snapshot,"{""t"": 290.94, ""aisles"": [{""aisle"": ""aisle1"", ""in_n"": 4, ""out_n"": 4, ""open"": [], ""visible"": 0, ""clear"": true, ""feed_ok"": true}, {""aisle"": ""aisle2"", ""in_n"": 6, ""out_n"": 6, ""open"": [], ""visible"": 0, ""clear"": true, ""feed_ok"": true}, {""aisle"": ""aisle3"", ""in_n"": 7, ""out_n"": 7, ""open"": [], ""visible"": 0, ""clear"": true, ""feed_ok"": true}]}"
292.94,ledger_snapshot,"{""t"": 292.94, ""aisles"": [{""aisle"": ""aisle1"", ""in_n"": 4, ""out_n"": 4, ""open"": [], ""visible"": 0, ""clear"": true, ""feed_ok"": true}, {""aisle"": ""aisle2"", ""in_n"": 6, ""out_n"": 6, ""open"": [], ""visible"": 0, ""clear"": true, ""feed_ok"": true}, {""aisle"": ""aisle3"", ""in_n"": 7, ""out_n"": 7, ""open"": [], ""visible"": 0, ""clear"": true, ""feed_ok"": true}]}"
295.04,ledger_snapshot,"{""t"": 295.04, ""aisles"": [{""aisle"": ""aisle1"", ""in_n"": 4, ""out_n"": 4, ""open"": [], ""visible"": 0, ""clear"": true, ""feed_ok"": true}, {""aisle"": ""aisle2"", ""in_n"": 6, ""out_n"": 6, ""open"": [], ""visible"": 0, ""clear"": true, ""feed_ok"": true}, {""aisle"": ""aisle3"", ""in_n"": 7, ""out_n"": 7, ""open"": [], ""visible"": 0, ""clear"": true, ""feed_ok"": true}]}"
297.14,ledger_snapshot,"{""t"": 297.14, ""aisles"": [{""aisle"": ""aisle1"", ""in_n"": 4, ""out_n"": 4, ""open"": [], ""visible"": 0, ""clear"": true, ""feed_ok"": true}, {""aisle"": ""aisle2"", ""in_n"": 6, ""out_n"": 6, ""open"": [], ""visible"": 0, ""clear"": true, ""feed_ok"": true}, {""aisle"": ""aisle3"", ""in_n"": 7, ""out_n"": 7, ""open"": [], ""visible"": 0, ""clear"": true, ""feed_ok"": true}]}"
299.14,ledger_snapshot,"{""t"": 299.14, ""aisles"": [{""aisle"": ""aisle1"", ""in_n"": 4, ""out_n"": 4, ""open"": [], ""visible"": 0, ""clear"": true, ""feed_ok"": true}, {""aisle"": ""aisle2"", ""in_n"": 6, ""out_n"": 6, ""open"": [], ""visible"": 0, ""clear"": true, ""feed_ok"": true}, {""aisle"": ""aisle3"", ""in_n"": 7, ""out_n"": 7, ""open"": [], ""visible"": 0, ""clear"": true, ""feed_ok"": true}]}"
301.24,ledger_snapshot,"{""t"": 301.24, ""aisles"": [{""aisle"": ""aisle1"", ""in_n"": 4, ""out_n"": 4, ""open"": [], ""visible"": 0, ""clear"": true, ""feed_ok"": true}, {""aisle"": ""aisle2"", ""in_n"": 6, ""out_n"": 6, ""open"": [], ""visible"": 0, ""clear"": true, ""feed_ok"": true}, {""aisle"": ""aisle3"", ""in_n"": 7, ""out_n"": 7, ""open"": [], ""visible"": 0, ""clear"": true, ""feed_ok"": true}]}"
303.34,ledger_snapshot,"{""t"": 303.34, ""aisles"": [{""aisle"": ""aisle1"", ""in_n"": 4, ""out_n"": 4, ""open"": [], ""visible"": 0, ""clear"": true, ""feed_ok"": true}, {""aisle"": ""aisle2"", ""in_n"": 6, ""out_n"": 6, ""open"": [], ""visible"": 0, ""clear"": true, ""feed_ok"": true}, {""aisle"": ""aisle3"", ""in_n"": 7, ""out_n"": 7, ""open"": [], ""visible"": 0, ""clear"": true, ""feed_ok"": true}]}"
305.34,ledger_snapshot,"{""t"": 305.34, ""aisles"": [{""aisle"": ""aisle1"", ""in_n"": 4, ""out_n"": 4, ""open"": [], ""visible"": 0, ""clear"": true, ""feed_ok"": true}, {""aisle"": ""aisle2"", ""in_n"": 6, ""out_n"": 6, ""open"": [], ""visible"": 0, ""clear"": true, ""feed_ok"": true}, {""aisle"": ""aisle3"", ""in_n"": 7, ""out_n"": 7, ""open"": [], ""visible"": 0, ""clear"": true, ""feed_ok"": true}]}"
307.34,ledger_snapshot,"{""t"": 307.34, ""aisles"": [{""aisle"": ""aisle1"", ""in_n"": 4, ""out_n"": 4, ""open"": [], ""visible"": 0, ""clear"": true, ""feed_ok"": true}, {""aisle"": ""aisle2"", ""in_n"": 6, ""out_n"": 6, ""open"": [], ""visible"": 0, ""clear"": true, ""feed_ok"": true}, {""aisle"": ""aisle3"", ""in_n"": 7, ""out_n"": 7, ""open"": [], ""visible"": 0, ""clear"": true, ""feed_ok"": true}]}"
309.44,ledger_snapshot,"{""t"": 309.44, ""aisles"": [{""aisle"": ""aisle1"", ""in_n"": 4, ""out_n"": 4, ""open"": [], ""visible"": 0, ""clear"": true, ""feed_ok"": true}, {""aisle"": ""aisle2"", ""in_n"": 6, ""out_n"": 6, ""open"": [], ""visible"": 0, ""clear"": true, ""feed_ok"": true}, {""aisle"": ""aisle3"", ""in_n"": 7, ""out_n"": 7, ""open"": [], ""visible"": 0, ""clear"": true, ""feed_ok"": true}]}"
311.44,ledger_snapshot,"{""t"": 311.44, ""aisles"": [{""aisle"": ""aisle1"", ""in_n"": 4, ""out_n"": 4, ""open"": [], ""visible"": 0, ""clear"": true, ""feed_ok"": true}, {""aisle"": ""aisle2"", ""in_n"": 6, ""out_n"": 6, ""open"": [], ""visible"": 0, ""clear"": true, ""feed_ok"": true}, {""aisle"": ""aisle3"", ""in_n"": 7, ""out_n"": 7, ""open"": [], ""visible"": 0, ""clear"": true, ""feed_ok"": true}]}"
313.54,ledger_snapshot,"{""t"": 313.54, ""aisles"": [{""aisle"": ""aisle1"", ""in_n"": 4, ""out_n"": 4, ""open"": [], ""visible"": 0, ""clear"": true, ""feed_ok"": true}, {""aisle"": ""aisle2"", ""in_n"": 6, ""out_n"": 6, ""open"": [], ""visible"": 0, ""clear"": true, ""feed_ok"": true}, {""aisle"": ""aisle3"", ""in_n"": 7, ""out_n"": 7, ""open"": [], ""visible"": 0, ""clear"": true, ""feed_ok"": true}]}"
315.54,ledger_snapshot,"{""t"": 315.54, ""aisles"": [{""aisle"": ""aisle1"", ""in_n"": 4, ""out_n"": 4, ""open"": [], ""visible"": 0, ""clear"": true, ""feed_ok"": true}, {""aisle"": ""aisle2"", ""in_n"": 6, ""out_n"": 6, ""open"": [], ""visible"": 0, ""clear"": true, ""feed_ok"": true}, {""aisle"": ""aisle3"", ""in_n"": 7, ""out_n"": 7, ""open"": [], ""visible"": 0, ""clear"": true, ""feed_ok"": true}]}"
317.64,ledger_snapshot,"{""t"": 317.64, ""aisles"": [{""aisle"": ""aisle1"", ""in_n"": 4, ""out_n"": 4, ""open"": [], ""visible"": 0, ""clear"": true, ""feed_ok"": true}, {""aisle"": ""aisle2"", ""in_n"": 6, ""out_n"": 6, ""open"": [], ""visible"": 0, ""clear"": true, ""feed_ok"": true}, {""aisle"": ""aisle3"", ""in_n"": 7, ""out_n"": 7, ""open"": [], ""visible"": 0, ""clear"": true, ""feed_ok"": true}]}"
319.74,ledger_snapshot,"{""t"": 319.74, ""aisles"": [{""aisle"": ""aisle1"", ""in_n"": 4, ""out_n"": 4, ""open"": [], ""visible"": 0, ""clear"": true, ""feed_ok"": true}, {""aisle"": ""aisle2"", ""in_n"": 6, ""out_n"": 6, ""open"": [], ""visible"": 0, ""clear"": true, ""feed_ok"": true}, {""aisle"": ""aisle3"", ""in_n"": 7, ""out_n"": 7, ""open"": [], ""visible"": 0, ""clear"": true, ""feed_ok"": true}]}"
321.74,ledger_snapshot,"{""t"": 321.74, ""aisles"": [{""aisle"": ""aisle1"", ""in_n"": 4, ""out_n"": 4, ""open"": [], ""visible"": 0, ""clear"": true, ""feed_ok"": true}, {""aisle"": ""aisle2"", ""in_n"": 6, ""out_n"": 6, ""open"": [], ""visible"": 0, ""clear"": true, ""feed_ok"": true}, {""aisle"": ""aisle3"", ""in_n"": 7, ""out_n"": 7, ""open"": [], ""visible"": 0, ""clear"": true, ""feed_ok"": true}]}"
323.84,ledger_snapshot,"{""t"": 323.84, ""aisles"": [{""aisle"": ""aisle1"", ""in_n"": 4, ""out_n"": 4, ""open"": [], ""visible"": 0, ""clear"": true, ""feed_ok"": true}, {""aisle"": ""aisle2"", ""in_n"": 6, ""out_n"": 6, ""open"": [], ""visible"": 0, ""clear"": true, ""feed_ok"": true}, {""aisle"": ""aisle3"", ""in_n"": 7, ""out_n"": 7, ""open"": [], ""visible"": 0, ""clear"": true, ""feed_ok"": true}]}"
325.84,ledger_snapshot,"{""t"": 325.84, ""aisles"": [{""aisle"": ""aisle1"", ""in_n"": 4, ""out_n"": 4, ""open"": [], ""visible"": 0, ""clear"": true, ""feed_ok"": true}, {""aisle"": ""aisle2"", ""in_n"": 6, ""out_n"": 6, ""open"": [], ""visible"": 0, ""clear"": true, ""feed_ok"": true}, {""aisle"": ""aisle3"", ""in_n"": 7, ""out_n"": 7, ""open"": [], ""visible"": 0, ""clear"": true, ""feed_ok"": true}]}"
327.94,ledger_snapshot,"{""t"": 327.94, ""aisles"": [{""aisle"": ""aisle1"", ""in_n"": 4, ""out_n"": 4, ""open"": [], ""visible"": 0, ""clear"": true, ""feed_ok"": true}, {""aisle"": ""aisle2"", ""in_n"": 6, ""out_n"": 6, ""open"": [], ""visible"": 0, ""clear"": true, ""feed_ok"": true}, {""aisle"": ""aisle3"", ""in_n"": 7, ""out_n"": 7, ""open"": [], ""visible"": 0, ""clear"": true, ""feed_ok"": true}]}"
330.04,ledger_snapshot,"{""t"": 330.04, ""aisles"": [{""aisle"": ""aisle1"", ""in_n"": 4, ""out_n"": 4, ""open"": [], ""visible"": 0, ""clear"": true, ""feed_ok"": true}, {""aisle"": ""aisle2"", ""in_n"": 6, ""out_n"": 6, ""open"": [], ""visible"": 0, ""clear"": true, ""feed_ok"": true}, {""aisle"": ""aisle3"", ""in_n"": 7, ""out_n"": 7, ""open"": [], ""visible"": 0, ""clear"": true, ""feed_ok"": true}]}"
332.14,ledger_snapshot,"{""t"": 332.14, ""aisles"": [{""aisle"": ""aisle1"", ""in_n"": 4, ""out_n"": 4, ""open"": [], ""visible"": 0, ""clear"": true, ""feed_ok"": true}, {""aisle"": ""aisle2"", ""in_n"": 6, ""out_n"": 6, ""open"": [], ""visible"": 0, ""clear"": true, ""feed_ok"": true}, {""aisle"": ""aisle3"", ""in_n"": 7, ""out_n"": 7, ""open"": [], ""visible"": 0, ""clear"": true, ""feed_ok"": true}]}"
334.14,ledger_snapshot,"{""t"": 334.14, ""aisles"": [{""aisle"": ""aisle1"", ""in_n"": 4, ""out_n"": 4, ""open"": [], ""visible"": 0, ""clear"": true, ""feed_ok"": true}, {""aisle"": ""aisle2"", ""in_n"": 6, ""out_n"": 6, ""open"": [], ""visible"": 0, ""clear"": true, ""feed_ok"": true}, {""aisle"": ""aisle3"", ""in_n"": 7, ""out_n"": 7, ""open"": [], ""visible"": 0, ""clear"": true, ""feed_ok"": true}]}"
336.24,ledger_snapshot,"{""t"": 336.24, ""aisles"": [{""aisle"": ""aisle1"", ""in_n"": 4, ""out_n"": 4, ""open"": [], ""visible"": 0, ""clear"": true, ""feed_ok"": true}, {""aisle"": ""aisle2"", ""in_n"": 6, ""out_n"": 6, ""open"": [], ""visible"": 0, ""clear"": true, ""feed_ok"": true}, {""aisle"": ""aisle3"", ""in_n"": 7, ""out_n"": 7, ""open"": [], ""visible"": 0, ""clear"": true, ""feed_ok"": true}]}"
338.24,ledger_snapshot,"{""t"": 338.24, ""aisles"": [{""aisle"": ""aisle1"", ""in_n"": 4, ""out_n"": 4, ""open"": [], ""visible"": 0, ""clear"": true, ""feed_ok"": true}, {""aisle"": ""aisle2"", ""in_n"": 6, ""out_n"": 6, ""open"": [], ""visible"": 0, ""clear"": true, ""feed_ok"": true}, {""aisle"": ""aisle3"", ""in_n"": 7, ""out_n"": 7, ""open"": [], ""visible"": 0, ""clear"": true, ""feed_ok"": true}]}"
340.34,ledger_snapshot,"{""t"": 340.34, ""aisles"": [{""aisle"": ""aisle1"", ""in_n"": 4, ""out_n"": 4, ""open"": [], ""visible"": 0, ""clear"": true, ""feed_ok"": true}, {""aisle"": ""aisle2"", ""in_n"": 6, ""out_n"": 6, ""open"": [], ""visible"": 0, ""clear"": true, ""feed_ok"": true}, {""aisle"": ""aisle3"", ""in_n"": 7, ""out_n"": 7, ""open"": [], ""visible"": 0, ""clear"": true, ""feed_ok"": true}]}"
342.44,ledger_snapshot,"{""t"": 342.44, ""aisles"": [{""aisle"": ""aisle1"", ""in_n"": 4, ""out_n"": 4, ""open"": [], ""visible"": 0, ""clear"": true, ""feed_ok"": true}, {""aisle"": ""aisle2"", ""in_n"": 6, ""out_n"": 6, ""open"": [], ""visible"": 0, ""clear"": true, ""feed_ok"": true}, {""aisle"": ""aisle3"", ""in_n"": 7, ""out_n"": 7, ""open"": [], ""visible"": 0, ""clear"": true, ""feed_ok"": true}]}"
344.44,ledger_snapshot,"{""t"": 344.44, ""aisles"": [{""aisle"": ""aisle1"", ""in_n"": 4, ""out_n"": 4, ""open"": [], ""visible"": 0, ""clear"": true, ""feed_ok"": true}, {""aisle"": ""aisle2"", ""in_n"": 6, ""out_n"": 6, ""open"": [], ""visible"": 0, ""clear"": true, ""feed_ok"": true}, {""aisle"": ""aisle3"", ""in_n"": 7, ""out_n"": 7, ""open"": [], ""visible"": 0, ""clear"": true, ""feed_ok"": true}]}"
346.44,ledger_snapshot,"{""t"": 346.44, ""aisles"": [{""aisle"": ""aisle1"", ""in_n"": 4, ""out_n"": 4, ""open"": [], ""visible"": 0, ""clear"": true, ""feed_ok"": true}, {""aisle"": ""aisle2"", ""in_n"": 6, ""out_n"": 6, ""open"": [], ""visible"": 0, ""clear"": true, ""feed_ok"": true}, {""aisle"": ""aisle3"", ""in_n"": 7, ""out_n"": 7, ""open"": [], ""visible"": 0, ""clear"": true, ""feed_ok"": true}]}"
348.54,ledger_snapshot,"{""t"": 348.54, ""aisles"": [{""aisle"": ""aisle1"", ""in_n"": 4, ""out_n"": 4, ""open"": [], ""visible"": 0, ""clear"": true, ""feed_ok"": true}, {""aisle"": ""aisle2"", ""in_n"": 6, ""out_n"": 6, ""open"": [], ""visible"": 0, ""clear"": true, ""feed_ok"": true}, {""aisle"": ""aisle3"", ""in_n"": 7, ""out_n"": 7, ""open"": [], ""visible"": 0, ""clear"": true, ""feed_ok"": true}]}"
350.54,ledger_snapshot,"{""t"": 350.54, ""aisles"": [{""aisle"": ""aisle1"", ""in_n"": 4, ""out_n"": 4, ""open"": [], ""visible"": 0, ""clear"": true, ""feed_ok"": true}, {""aisle"": ""aisle2"", ""in_n"": 6, ""out_n"": 6, ""open"": [], ""visible"": 0, ""clear"": true, ""feed_ok"": true}, {""aisle"": ""aisle3"", ""in_n"": 7, ""out_n"": 7, ""open"": [], ""visible"": 0, ""clear"": true, ""feed_ok"": true}]}"
352.54,ledger_snapshot,"{""t"": 352.54, ""aisles"": [{""aisle"": ""aisle1"", ""in_n"": 4, ""out_n"": 4, ""open"": [], ""visible"": 0, ""clear"": true, ""feed_ok"": true}, {""aisle"": ""aisle2"", ""in_n"": 6, ""out_n"": 6, ""open"": [], ""visible"": 0, ""clear"": true, ""feed_ok"": true}, {""aisle"": ""aisle3"", ""in_n"": 7, ""out_n"": 7, ""open"": [], ""visible"": 0, ""clear"": true, ""feed_ok"": true}]}"
354.64,ledger_snapshot,"{""t"": 354.64, ""aisles"": [{""aisle"": ""aisle1"", ""in_n"": 4, ""out_n"": 4, ""open"": [], ""visible"": 0, ""clear"": true, ""feed_ok"": true}, {""aisle"": ""aisle2"", ""in_n"": 6, ""out_n"": 6, ""open"": [], ""visible"": 0, ""clear"": true, ""feed_ok"": true}, {""aisle"": ""aisle3"", ""in_n"": 7, ""out_n"": 7, ""open"": [], ""visible"": 0, ""clear"": true, ""feed_ok"": true}]}"
356.74,ledger_snapshot,"{""t"": 356.74, ""aisles"": [{""aisle"": ""aisle1"", ""in_n"": 4, ""out_n"": 4, ""open"": [], ""visible"": 0, ""clear"": true, ""feed_ok"": true}, {""aisle"": ""aisle2"", ""in_n"": 6, ""out_n"": 6, ""open"": [], ""visible"": 0, ""clear"": true, ""feed_ok"": true}, {""aisle"": ""aisle3"", ""in_n"": 7, ""out_n"": 7, ""open"": [], ""visible"": 0, ""clear"": true, ""feed_ok"": true}]}"
358.74,ledger_snapshot,"{""t"": 358.74, ""aisles"": [{""aisle"": ""aisle1"", ""in_n"": 4, ""out_n"": 4, ""open"": [], ""visible"": 0, ""clear"": true, ""feed_ok"": true}, {""aisle"": ""aisle2"", ""in_n"": 6, ""out_n"": 6, ""open"": [], ""visible"": 0, ""clear"": true, ""feed_ok"": true}, {""aisle"": ""aisle3"", ""in_n"": 7, ""out_n"": 7, ""open"": [], ""visible"": 0, ""clear"": true, ""feed_ok"": true}]}"
360.84,ledger_snapshot,"{""t"": 360.84, ""aisles"": [{""aisle"": ""aisle1"", ""in_n"": 4, ""out_n"": 4, ""open"": [], ""visible"": 0, ""clear"": true, ""feed_ok"": true}, {""aisle"": ""aisle2"", ""in_n"": 6, ""out_n"": 6, ""open"": [], ""visible"": 0, ""clear"": true, ""feed_ok"": true}, {""aisle"": ""aisle3"", ""in_n"": 7, ""out_n"": 7, ""open"": [], ""visible"": 0, ""clear"": true, ""feed_ok"": true}]}"
362.84,ledger_snapshot,"{""t"": 362.84, ""aisles"": [{""aisle"": ""aisle1"", ""in_n"": 4, ""out_n"": 4, ""open"": [], ""visible"": 0, ""clear"": true, ""feed_ok"": true}, {""aisle"": ""aisle2"", ""in_n"": 6, ""out_n"": 6, ""open"": [], ""visible"": 0, ""clear"": true, ""feed_ok"": true}, {""aisle"": ""aisle3"", ""in_n"": 7, ""out_n"": 7, ""open"": [], ""visible"": 0, ""clear"": true, ""feed_ok"": true}]}"
364.94,ledger_snapshot,"{""t"": 364.94, ""aisles"": [{""aisle"": ""aisle1"", ""in_n"": 4, ""out_n"": 4, ""open"": [], ""visible"": 0, ""clear"": true, ""feed_ok"": true}, {""aisle"": ""aisle2"", ""in_n"": 6, ""out_n"": 6, ""open"": [], ""visible"": 0, ""clear"": true, ""feed_ok"": true}, {""aisle"": ""aisle3"", ""in_n"": 7, ""out_n"": 7, ""open"": [], ""visible"": 0, ""clear"": true, ""feed_ok"": true}]}"
367.04,ledger_snapshot,"{""t"": 367.04, ""aisles"": [{""aisle"": ""aisle1"", ""in_n"": 4, ""out_n"": 4, ""open"": [], ""visible"": 0, ""clear"": true, ""feed_ok"": true}, {""aisle"": ""aisle2"", ""in_n"": 6, ""out_n"": 6, ""open"": [], ""visible"": 0, ""clear"": true, ""feed_ok"": true}, {""aisle"": ""aisle3"", ""in_n"": 7, ""out_n"": 7, ""open"": [], ""visible"": 0, ""clear"": true, ""feed_ok"": true}]}"
369.04,ledger_snapshot,"{""t"": 369.04, ""aisles"": [{""aisle"": ""aisle1"", ""in_n"": 4, ""out_n"": 4, ""open"": [], ""visible"": 0, ""clear"": true, ""feed_ok"": true}, {""aisle"": ""aisle2"", ""in_n"": 6, ""out_n"": 6, ""open"": [], ""visible"": 0, ""clear"": true, ""feed_ok"": true}, {""aisle"": ""aisle3"", ""in_n"": 7, ""out_n"": 7, ""open"": [], ""visible"": 0, ""clear"": true, ""feed_ok"": true}]}"
371.14,ledger_snapshot,"{""t"": 371.14, ""aisles"": [{""aisle"": ""aisle1"", ""in_n"": 4, ""out_n"": 4, ""open"": [], ""visible"": 0, ""clear"": true, ""feed_ok"": true}, {""aisle"": ""aisle2"", ""in_n"": 6, ""out_n"": 6, ""open"": [], ""visible"": 0, ""clear"": true, ""feed_ok"": true}, {""aisle"": ""aisle3"", ""in_n"": 7, ""out_n"": 7, ""open"": [], ""visible"": 0, ""clear"": true, ""feed_ok"": true}]}"
